ACCIDENT_YEAR,COLLISION_DATE,COLLISION_TIME,MONTH,SEASON,24HOURS,DAY_OF_WEEK,INTERSECTION,WEATHER_1,STATE_HWY_IND,ROAD_SURFACE,ROAD_COND_1,LIGHTING,STWD_VEHTYPE_AT_FAULT,CHP_VEHTYPE_AT_FAULT,DIRECTION,PCF_VIOL_CATEGORY,TYPE_OF_COLLISION,PEDESTRIAN_ACCIDENT,BICYCLE_ACCIDENT,MOTORCYCLE_ACCIDENT,TRUCK_ACCIDENT,MVIW,TOW_AWAY,HIT_AND_RUN,CONTROL_DEVICE,NUMBER_INJURED,COUNT_PED_INJURED,COUNT_BICYCLIST_INJURED,COUNT_MC_INJURED,PCF_VIOLATION,PARTY_COUNT,POINT_Y,POINT_X,COLLISION_SEVERITY
2011,2011-05-14,1740,5,1,17,6,Y,A,N,A,H,A,-,- ,,08,A,,,,,C,Y,N,A,3,0,0,0,22107.0,2,34.15469,-119.18065,3
2011,2011-05-14,1605,5,1,16,6,N,A,N,A,H,A,-,- ,N,04,C,,,,,C,N,N,D,1,0,0,0,21703.0,3,34.18640632,-119.18956421,4
2011,2011-04-11,1630,4,1,16,1,Y,A,N,A,H,A,A,08,,09,D,,,,,C,Y,N,D,2,0,0,0,21804.0,2,34.17247,-118.84052,3
2011,2011-04-18,1709,4,1,17,1,N,A,N,A,H,A,A,01,W,03,C,,,,,C,Y,N,A,2,0,0,0,22350.0,3,34.17600485,-119.20855137,4
2011,2011-04-29,1819,4,1,18,5,N,A,Y,A,H,A,C,02,E,03,H,,,Y,,A,Y,N,A,1,0,0,1,22350.0,1,34.19661486,-119.10464229,3
2011,2011-04-30,2111,4,1,21,6,Y,A,Y,A,H,C,-,- ,,00,H,,,,,C,Y,N,A,2,0,0,0,,2,34.21770339,-119.05266864,3
2011,2011-04-29,2036,4,1,20,5,N,A,Y,A,H,C,A,01,E,03,C,,,,,C,Y,N,D,1,0,0,0,22350.0,2,34.4484497,-119.23604484,4
2011,2011-04-30,930,4,1,9,6,N,A,N,-,H,A,A,01,E,09,G,Y,,,,B,N,F,D,1,1,0,0,21804.0,3,34.18629169,-118.87310245,4
2011,2011-05-05,801,5,1,8,4,N,A,N,A,H,A,A,07,S,03,C,,,,,C,Y,N,A,1,0,0,0,22350.0,4,34.19883429,-118.82414857,4
2011,2011-05-08,1357,5,1,13,7,N,A,N,A,H,A,A,01,E,08,B,,,,,E,N,N,D,1,0,0,0,22107.0,2,34.19640659,-118.88384977,4
2011,2011-04-14,710,4,1,7,4,N,A,Y,A,H,A,A,07,W,08,F,,,,,A,Y,N,A,1,0,0,0,22107.0,1,34.31295884,-119.11731887,4
2011,2011-05-05,1850,5,1,18,4,N,A,N,A,H,A,A,01,S,05,B,,,,,C,Y,N,D,3,0,0,0,21460.0,3,34.43224744,-119.25212923,2
2011,2011-05-04,1520,5,1,15,3,N,A,Y,A,H,A,A,01,S,03,C,,,,,C,Y,N,D,2,0,0,0,22350.0,3,34.22214486,-119.11828227,4
2011,2011-05-03,248,5,1,2,2,N,A,Y,A,H,C,A,07,E,01,E,,,,,I,Y,N,D,1,0,0,0,23152.0,1,34.26596029,-119.23693176,3
2011,2011-04-24,1740,4,1,17,7,N,A,Y,A,H,A,C,02,S,03,E,,,Y,,I,Y,N,D,1,0,0,1,22350.0,2,34.08136594,-119.03133858,2
2011,2011-04-30,1510,4,1,15,6,N,A,Y,A,H,A,C,02,S,03,C,,,Y,,C,N,N,D,1,0,0,1,22350.0,2,34.26327949,-119.26669015,3
2011,2011-05-03,2102,5,1,21,2,N,A,Y,A,H,C,A,01,S,03,C,,,,,C,N,N,A,1,0,0,0,22350.0,2,34.21092803,-119.03590536,4
2011,2011-05-04,1503,5,1,15,3,Y,A,N,A,H,A,A,07,,12,D,,,,,C,Y,N,A,2,0,0,0,21453.0,4,34.227081,-118.9868625,3
2011,2011-05-01,1417,5,1,14,7,Y,A,N,A,H,A,A,01,,03,C,,,,,C,N,N,A,2,0,0,0,22350.0,2,34.22231,-119.03901,4
2011,2011-05-07,1334,5,1,13,6,N,A,N,A,H,A,A,01,S,09,H,,,,,C,Y,N,A,1,0,0,0,21801.0,2,34.21649009,-119.03900973,4
2011,2011-05-06,1100,5,1,11,5,N,A,N,A,H,A,L,04,S,05,D,,Y,,,G,N,N,A,1,0,1,0,21650.0,2,34.22400654,-119.03689205,3
2011,2011-05-10,1228,5,1,12,2,N,A,N,A,H,A,A,01,N,03,C,,,,,C,Y,N,D,1,0,0,0,22350.0,2,34.2374799,-119.03369396,4
2011,2011-05-04,730,5,1,7,3,N,A,N,A,H,A,A,07,N,21,C,,,,,C,N,N,A,1,0,0,0,22106.0,2,34.2296534,-119.03124865,4
2011,2011-05-20,1005,5,1,10,5,Y,A,N,A,H,A,A,01,,12,D,,,,,C,Y,N,A,2,0,0,0,21453.0,2,34.17157,-118.95483,4
2011,2011-05-22,1509,5,1,15,7,Y,A,N,A,H,A,A,01,,12,D,,,,,D,Y,N,A,1,0,0,0,21453.0,3,34.21801,-118.86843,4
2011,2011-05-07,1530,5,1,15,6,Y,A,N,A,H,A,A,01,,09,D,,,,,C,N,N,D,2,0,0,0,21800.0,2,34.27059,-118.8945,3
2011,2011-05-16,1655,5,1,16,1,N,A,N,A,H,A,A,01,W,10,G,Y,,,,B,N,N,A,1,1,0,0,21950.0,2,34.27741438,-118.88222516,3
2011,2011-05-21,1230,5,1,12,6,N,A,Y,A,H,A,A,01,N,08,H,,,,,C,Y,N,D,2,0,0,0,22100.0,2,34.27901488,-118.87473226,3
2011,2011-05-08,430,5,1,4,7,N,A,N,A,H,D,N,60,W,11,G,Y,,,,B,N,F,A,1,1,0,0,21954.0,2,34.21798772,-118.86883709,3
2011,2011-05-16,834,5,1,8,1,N,A,N,A,H,A,L,04,W,03,H,,Y,,,G,N,N,D,1,0,1,0,22350.0,2,34.19253804,-118.91850471,3
2011,2011-05-26,1754,5,1,17,4,Y,A,N,A,H,A,D,22,,09,D,,,,,C,Y,N,D,2,0,0,0,21802.0,2,34.17653,-119.12329,3
2011,2011-05-26,1825,5,1,18,4,N,A,Y,A,H,A,A,01,N,03,C,,,,,C,Y,N,D,2,0,0,0,22350.0,3,34.22533554,-119.15990543,3
2011,2011-05-26,1555,5,1,15,4,N,A,Y,A,H,A,D,22,N,03,C,,,,,C,Y,N,D,3,0,0,0,22350.0,5,34.21942429,-119.07454275,3
2011,2011-05-30,2135,5,1,21,1,N,A,Y,A,H,D,D,22,S,07,E,,,,,I,Y,N,D,1,0,0,0,21658.0,2,34.22160383,-119.0991515,3
2011,2011-05-19,820,5,1,8,4,N,A,N,A,H,A,D,22,S,03,C,,,,,C,Y,N,A,3,0,0,0,22350.0,2,34.43307338,-119.28488766,3
2011,2011-05-29,1645,5,1,16,7,N,A,Y,A,H,A,D,22,N,09,D,,,Y,,C,N,N,D,1,0,0,1,21804.0,2,34.39325063,-119.30106126,3
2011,2011-06-06,740,6,2,7,1,N,C,N,B,H,A,D,22,S,03,F,,,,,A,Y,N,D,1,0,0,0,22350.0,1,34.37728813,-119.31234717,3
2011,2011-05-18,545,5,1,5,3,N,B,N,-,H,B,A,01,N,03,C,,,,,C,N,N,D,1,0,0,0,22350.0,2,34.17389732,-119.19513692,4
2011,2011-03-20,2036,3,1,20,7,N,B,Y,B,H,C,D,22,W,03,B,,,,,E,Y,N,D,2,0,0,0,22350.0,3,34.29340699,-118.84562959,4
2011,2011-05-01,1615,5,1,16,7,N,A,N,A,H,A,-,- ,W,08,B,,,,,E,Y,N,D,1,0,0,0,22107.0,3,34.28123333,-119.24456381,3
2011,2011-05-01,2014,5,1,20,7,Y,A,N,A,H,C,E,,,10,D,Y,,,,B,N,N,A,1,1,0,0,21950.0,2,34.28962,-119.29835,4
2011,2011-05-03,1908,5,1,19,2,N,A,N,A,H,A,A,,S,08,E,,,,,I,Y,N,D,1,0,0,0,22107.0,1,34.27712301,-119.21461804,4
2011,2011-05-06,1434,5,1,14,5,N,A,Y,A,H,A,-,- ,E,03,C,,,,,C,N,N,A,1,0,0,0,22350.0,2,34.21893708,-119.1770923,4
2011,2011-05-01,1628,5,1,16,7,N,A,Y,A,H,A,A,01,N,08,B,,,,,C,Y,N,D,2,0,0,0,22107.0,2,34.15484125,-119.12432561,4
2011,2011-05-06,1750,5,1,17,5,Y,A,N,A,H,A,-,- ,,09,D,,,,,C,Y,N,A,2,0,0,0,21801.0,2,34.21882,-119.15398,3
2011,2011-05-21,528,5,1,5,6,N,B,Y,A,H,A,A,07,S,08,F,,,,,A,Y,N,D,2,0,0,0,22107.0,1,34.37627485,-119.47070619,3
2011,2011-05-19,945,5,1,9,4,N,A,Y,A,H,A,A,08,S,08,B,,,,,C,Y,N,D,2,0,0,0,22107.0,2,34.26489486,-119.23687231,4
2011,2011-05-18,1651,5,1,16,3,N,A,Y,A,H,A,A,07,S,03,C,,,,,C,Y,N,D,3,0,0,0,22350.0,5,34.05593933,-118.96747918,3
2011,2011-05-14,2215,5,1,22,6,N,A,Y,A,H,D,A,01,W,03,C,,,,,C,Y,N,D,2,0,0,0,22350.0,3,34.28212489,-118.72343591,4
2011,2011-05-17,800,5,1,8,2,N,B,Y,B,H,A,A,07,E,03,E,,,,,I,Y,N,D,1,0,0,0,22350.0,1,34.28174533,-118.68185104,4
2011,2011-05-19,1635,5,1,16,4,N,A,Y,A,H,A,A,01,S,03,C,,,,,C,Y,N,D,1,0,0,0,22350.0,2,34.16324383,-118.83337611,4
2011,2011-05-19,1645,5,1,16,4,N,A,Y,A,H,A,A,07,N,03,C,,,,,C,Y,N,D,1,0,0,0,22350.0,4,34.16073715,-118.82959651,4
2011,2011-05-18,1817,5,1,18,3,N,A,Y,A,D,A,A,01,S,03,C,,,,,C,N,N,D,1,0,0,0,22350.0,2,34.1843288,-118.90306039,4
2011,2011-05-19,1506,5,1,15,4,Y,A,N,A,H,A,A,07,,09,D,,,,,C,Y,N,A,1,0,0,0,21802.0,2,34.21781,-119.0576,4
2011,2011-05-22,701,5,1,7,7,N,A,N,A,H,A,A,01,W,09,D,,,,,C,N,N,D,1,0,0,0,21804.0,2,,,4
2011,2011-05-09,713,5,1,7,1,Y,A,Y,A,H,A,A,01,,09,D,,,,,C,Y,N,A,3,0,0,0,21801.0,3,34.39684224,-118.91304162,4
2011,2011-05-21,1542,5,1,15,6,Y,A,N,A,H,A,-,- ,,00,H,,,,,C,Y,N,A,1,0,0,0,,2,34.21782,-119.03903,4
2011,2011-05-21,730,5,1,7,6,Y,A,N,A,H,A,A,07,,09,D,,,,,C,N,N,A,1,0,0,0,21800.0,2,34.22361,-119.055,4
2011,2011-03-20,1545,3,1,15,7,N,B,Y,B,H,A,A,01,E,03,D,,,,,C,Y,N,A,4,0,0,0,22350.0,2,34.4099979,-118.726264,1
2011,2011-05-09,1125,5,1,11,1,N,A,Y,A,H,A,N,60,N,11,G,Y,,,,B,N,N,D,0,0,0,0,21954.0,2,34.25907949,-119.25153146,1
2011,2011-07-03,2200,7,2,22,7,N,A,Y,A,H,D,D,22,S,08,F,,,,,A,Y,N,D,0,0,0,0,22107.0,1,34.74619574,-119.40654658,1
2011,2011-06-11,1310,6,2,13,6,N,B,N,A,H,A,L,04,W,08,H,,Y,,,G,N,N,D,0,0,0,0,22107.0,2,34.20563972,-119.08756978,1
2011,2011-07-04,1337,7,2,13,1,N,A,Y,A,H,A,A,01,S,09,D,,,Y,,C,Y,N,D,1,0,0,0,21802.0,2,34.09819485,-119.07716895,1
2011,2011-08-04,130,8,2,1,4,N,A,N,A,H,C,A,01,W,01,E,,,,,I,Y,N,D,2,0,0,0,23153.0,1,34.15477063,-119.19393249,1
2011,2011-04-29,438,4,1,4,5,N,A,Y,A,H,C,C,02,S,03,C,,,Y,,C,Y,N,A,1,0,0,0,22350.0,2,34.20441229,-119.17727617,1
2011,2011-04-01,2334,4,1,23,5,N,A,N,A,H,C,A,07,E,01,F,,,,,A,Y,N,D,0,0,0,0,23152.0,1,34.16491243,-118.94269634,1
2011,2011-06-25,325,6,2,3,6,N,B,Y,A,H,D,-,- ,S,18,E,,,,,I,Y,N,D,1,0,0,0,,1,34.35975667,-119.44538095,1
2011,2011-05-04,1548,5,1,15,3,N,A,N,A,H,A,A,07,N,09,D,,,Y,,D,Y,N,D,1,0,0,1,21804.0,2,34.19255135,-118.92289817,4
2011,2011-05-08,1702,5,1,17,7,N,A,N,A,H,A,-,- ,N,18,H,,,Y,,H,N,N,D,1,0,0,1,,1,34.20779068,-118.85877934,3
2011,2011-05-09,148,5,1,1,1,N,A,N,A,H,C,A,07,E,01,C,,,,,E,Y,N,D,1,0,0,0,23152.0,2,34.18199603,-118.85547931,3
2011,2011-05-09,500,5,1,5,1,N,A,N,A,H,D,A,01,E,03,E,,,,,I,Y,N,D,1,0,0,0,22350.0,1,34.20873975,-118.86519548,3
2011,2011-05-11,1907,5,1,19,3,N,A,N,A,H,A,L,04,E,03,F,,Y,,,A,N,N,D,1,0,1,0,22350.0,1,34.17541464,-118.92379834,3
2011,2011-05-20,2320,5,1,23,5,Y,A,N,A,H,C,D,22,,09,A,,,,,C,Y,N,A,3,0,0,0,21801.0,2,34.26744,-119.27293,4
2011,2011-06-05,1933,6,2,19,7,N,B,N,A,H,A,A,01,N,01,C,,,,,C,Y,N,D,3,0,0,0,23152.0,2,34.23041227,-119.16610475,3
2011,2011-06-09,705,6,2,7,4,Y,B,N,A,H,A,F,24,,08,B,,,,Y,C,Y,N,D,1,0,0,0,22100.0,2,34.2517,-119.1133,4
2011,2011-05-30,1245,5,1,12,1,Y,A,N,A,H,A,-,- ,,18,F,,,Y,,A,Y,N,A,1,0,0,1,,1,34.44821,-119.27518,2
2011,2011-05-25,1220,5,1,12,3,N,A,Y,A,H,A,A,01,N,03,C,,,,,C,N,N,D,1,0,0,0,22350.0,2,34.25809989,-119.1531327,4
2011,2011-05-23,155,5,1,1,1,N,A,Y,A,H,D,C,02,W,03,F,,,Y,,A,Y,N,D,1,0,0,1,22350.0,1,34.38513486,-119.41091235,2
2011,2011-05-29,925,5,1,9,7,Y,A,N,A,H,A,A,,,08,D,,,,,C,Y,N,A,2,0,0,0,22100.0,2,34.26711,-119.20084,3
2011,2011-05-28,1442,5,1,14,6,Y,A,N,A,H,A,-,,,12,A,,,,,C,Y,N,A,2,0,0,0,21453.0,2,34.26271,-119.23552,4
2011,2011-05-30,1955,5,1,19,1,Y,A,N,A,H,B,A,,,03,C,,,,,C,Y,N,A,2,0,0,0,22350.0,2,34.274772,-119.261529,4
2011,2011-05-22,1810,5,1,18,7,N,B,Y,A,H,A,A,01,N,08,D,,,,,C,Y,N,D,2,0,0,0,22107.0,2,34.18447617,-118.89409687,3
2011,2011-05-31,913,5,1,9,2,N,A,N,A,H,A,-,- ,N,08,E,,,,,I,Y,N,D,1,0,0,0,22107.0,1,34.30000701,-118.71896913,4
2011,2011-05-16,1730,5,1,17,1,N,A,Y,A,H,A,C,02,S,08,B,,,Y,,C,Y,N,D,1,0,0,1,22107.0,2,34.15471225,-118.82053268,3
2011,2011-05-19,1720,5,1,17,4,N,A,Y,A,C,A,A,01,N,08,E,,,,,I,Y,N,D,1,0,0,0,22107.0,1,34.26714526,-118.85184255,4
2011,2011-05-30,1616,5,1,16,1,Y,A,Y,A,H,A,-,- ,,09,D,,,,,C,Y,N,A,1,0,0,0,21801.0,2,34.28149489,-118.69676223,4
2011,2011-05-25,1728,5,1,17,3,N,A,Y,A,H,A,A,01,S,03,C,,,,,C,N,N,D,1,0,0,0,22350.0,3,34.15646964,-118.82316053,4
2011,2011-05-28,2304,5,1,23,6,Y,A,N,A,H,C,A,01,,01,H,,,,,C,Y,N,A,3,0,0,0,23152.0,2,34.2299,-118.86661,3
2011,2011-05-31,818,5,1,8,2,Y,A,N,A,H,A,A,01,,09,D,,,,,C,Y,N,A,2,0,0,0,21802.0,2,34.16424,-118.82298,4
2011,2011-05-31,1001,5,1,10,2,N,A,N,A,H,A,A,01,E,03,C,,,,,C,Y,N,D,2,0,0,0,22350.0,2,34.17513799,-118.83748591,3
2011,2011-05-31,1730,5,1,17,2,Y,A,N,A,H,A,A,01,,09,H,,,,,C,Y,N,D,1,0,0,0,21801.0,2,34.18832,-118.9134,3
2011,2011-05-28,20,5,1,0,6,N,A,N,A,H,D,N,60,S,11,E,Y,,,,I,Y,N,D,1,0,0,0,21956.0,2,34.19279819,-118.84371081,3
2011,2011-04-21,1550,4,1,15,4,N,B,Y,A,H,A,A,01,E,03,C,,,,,C,N,N,D,1,0,0,0,22350.0,2,34.29332307,-118.84089985,4
2011,2011-05-18,1740,5,1,17,3,N,A,Y,A,H,A,A,01,S,03,C,,,,,C,N,N,D,1,0,0,0,22350.0,2,34.18432996,-118.90437916,4
2011,2011-05-16,2055,5,1,20,1,N,B,Y,A,H,C,A,01,S,03,C,,,,,C,Y,N,B,1,0,0,0,22350.0,3,34.17717487,-118.87147225,4
2011,2011-06-19,2001,6,2,20,7,N,B,Y,A,H,B,D,22,S,03,C,,,,,C,N,N,D,1,0,0,0,22350.0,2,34.42426027,-119.28919615,4
2011,2011-06-17,930,6,2,9,5,N,B,N,A,H,A,-,- ,E,18,E,,,,,I,Y,N,D,1,0,0,0,,1,34.31695467,-119.12446538,3
2011,2011-05-27,1530,5,1,15,5,N,A,Y,A,H,A,A,01,N,09,A,,,,,C,Y,N,D,2,0,0,0,21804.0,2,34.39617026,-118.91776917,4
2011,2011-05-11,1851,5,1,18,3,N,A,N,A,H,A,-,- ,W,01,H,,Y,,,G,N,N,D,2,0,2,0,23152.0,3,34.2886765,-119.17205521,3
2011,2011-05-11,1846,5,1,18,3,N,A,N,A,H,A,-,- ,E,01,C,,,,,C,Y,F,A,2,0,0,0,23152.0,2,34.28288745,-119.18220293,4
2011,2011-05-21,1330,5,1,13,6,Y,A,N,A,H,A,A,,,03,C,,,,,C,N,N,A,2,0,0,0,22350.0,2,34.26544,-119.21259,4
2011,2011-05-20,1949,5,1,19,5,N,B,N,A,H,C,A,,E,03,C,,,,,C,Y,N,D,2,0,0,0,22350.0,2,34.28086654,-119.28527441,3
2011,2011-05-25,630,5,1,6,3,N,A,Y,A,H,A,-,- ,W,10,B,Y,,,,B,N,F,A,1,1,0,0,21950.0,2,34.22608921,-119.17744042,4
2011,2011-05-26,110,5,1,1,4,N,A,N,A,H,C,J,48,S,03,C,,,,,C,N,N,D,2,0,0,0,22350.0,2,34.20018904,-119.18235691,4
2011,2011-05-25,600,5,1,6,3,Y,A,Y,A,H,A,-,- ,,12,D,,,,,C,Y,N,A,1,0,0,0,21453.0,2,34.23485431,-119.17997614,4
2011,2011-05-24,1145,5,1,11,2,Y,A,N,A,H,A,-,- ,,09,A,,,,,C,Y,N,A,1,0,0,0,21801.0,2,34.18277,-119.1813,4
2011,2011-05-16,830,5,1,8,1,N,A,Y,A,H,A,A,07,N,01,E,,,,,I,Y,N,D,2,0,0,0,23153.0,1,34.25505628,-119.21569387,2
2011,2011-05-20,1449,5,1,14,5,N,A,Y,A,H,A,A,07,N,03,C,,,,,C,N,F,D,2,0,0,0,22350.0,4,34.22203022,-119.13176399,4
2011,2011-05-20,1735,5,1,17,5,N,A,Y,A,H,A,A,08,W,01,C,,,,,C,Y,N,D,1,0,0,0,23152.0,2,34.26370363,-119.06109462,3
2011,2011-05-21,1440,5,1,14,6,N,A,Y,A,B,A,C,02,S,08,F,,,Y,,A,Y,N,D,1,0,0,1,22107.0,1,34.2605811,-119.22769374,3
2011,2011-05-28,1900,5,1,19,6,N,A,N,A,H,C,A,07,W,09,H,,,,,C,N,N,D,1,0,0,0,21801.0,2,34.23274145,-119.05504081,4
2011,2011-05-29,526,5,1,5,7,N,A,N,A,H,B,A,01,E,01,E,,,,,I,Y,N,D,1,0,0,0,23152.0,1,34.22945736,-119.08547441,4
2011,2011-05-29,345,5,1,3,7,N,B,N,A,H,C,A,01,W,01,E,,,,,I,Y,N,D,1,0,0,0,23153.0,5,34.28414597,-118.88513319,2
2011,2011-06-10,1400,6,2,14,5,N,B,N,A,H,A,C,02,S,03,C,,,Y,,C,Y,N,D,2,0,0,1,22350.0,2,34.31671582,-119.2907111,4
2011,2011-06-05,1450,6,2,14,7,N,B,Y,B,H,A,D,22,E,08,G,Y,,,,B,Y,F,D,1,1,0,0,22107.0,2,34.29259486,-119.1513423,4
2011,2011-06-08,1654,6,2,16,3,N,A,Y,A,H,A,D,22,N,08,B,,,,,C,Y,N,D,1,0,0,0,22107.0,2,34.27542534,-119.28733045,4
2011,2011-06-09,1459,6,2,14,4,N,B,N,A,H,A,D,22,N,09,D,,,,,C,Y,N,D,2,0,0,0,21804.0,2,34.22094908,-119.03904348,3
2011,2011-05-21,1140,5,1,11,6,N,A,Y,A,H,A,A,01,E,08,B,,,,,C,N,N,A,1,0,0,0,22107.0,2,34.39686384,-118.91288627,4
2011,2011-05-18,1053,5,1,10,3,Y,A,N,A,H,A,A,07,,12,D,,,,,C,Y,N,A,3,0,0,0,21453.0,3,34.22382,-118.99436,3
2011,2011-05-30,158,5,1,1,1,N,A,N,A,H,C,A,01,N,01,E,,,,,I,Y,M,A,1,0,0,0,23152.0,1,,,4
2011,2011-05-25,1524,5,1,15,3,N,A,N,A,H,A,N,60,N,11,G,Y,,,,B,N,N,D,1,1,0,0,21954.0,2,34.22392221,-119.05501563,4
2011,2011-05-28,2328,5,1,23,6,Y,A,N,A,H,C,A,07,,09,H,,,,,C,Y,N,A,3,0,0,0,21801.0,2,34.22183,-119.06987,3
2011,2011-05-24,1121,5,1,11,2,Y,A,N,-,A,A,-,- ,,09,H,,,,,C,Y,N,A,1,0,0,0,21801.0,2,34.21782,-119.03903,3
2011,2011-05-12,850,5,1,8,4,N,A,N,A,H,A,A,08,E,08,D,,,,,C,Y,N,D,2,0,0,0,22107.0,2,34.20557486,-119.07469073,4
2011,2011-05-17,747,5,1,7,2,N,B,N,B,H,A,A,08,N,03,E,,,,,I,Y,N,D,1,0,0,0,22350.0,1,34.31446716,-118.97270488,3
2011,2011-05-03,1415,5,1,14,2,N,A,Y,A,H,A,A,01,N,08,C,,,,,C,Y,N,A,2,0,0,0,22107.0,2,34.21949448,-119.07303106,4
2011,2011-05-16,1133,5,1,11,1,N,A,Y,A,H,A,A,07,N,01,E,,,,,I,Y,N,D,1,0,0,0,23152.0,1,34.10178485,-119.08114228,4
2011,2011-04-30,508,4,1,5,6,N,A,N,A,H,C,A,01,W,01,E,,,,,I,Y,N,D,1,0,0,0,23152.0,1,34.2876179,-118.86264503,3
2011,2011-04-19,1313,4,1,13,2,N,A,Y,A,H,A,A,07,W,03,C,,,,,C,N,N,A,1,0,0,0,22350.0,3,34.27902488,-118.88344798,4
2011,2011-04-30,1110,4,1,11,6,N,A,N,A,H,A,A,07,N,08,D,,,,,C,Y,N,D,1,0,0,0,22107.0,2,34.1489371,-119.11298422,4
2011,2011-04-24,1634,4,1,16,7,Y,A,N,A,H,A,A,01,,12,D,,,,,C,Y,N,A,1,0,0,0,21453.0,2,34.40024,-119.29979,3
2011,2011-05-26,1513,5,1,15,4,N,A,N,A,H,A,-,- ,S,08,E,,,,,I,Y,N,D,1,0,0,0,22107.0,2,34.2651928,-118.74266223,3
2011,2011-05-12,1308,5,1,13,4,N,A,N,A,H,A,L,04,N,09,D,,Y,,,G,N,F,A,1,0,1,0,21804.0,2,34.27899135,-118.72616223,2
2011,2011-05-21,1740,5,1,17,6,N,A,Y,A,H,A,-,- ,N,03,C,,,,,C,Y,N,A,2,0,0,0,22350.0,2,34.28593488,-118.79719224,4
2011,2011-05-23,1642,5,1,16,1,N,A,N,A,H,A,-,- ,S,08,E,,,,,I,Y,N,D,1,0,0,0,22107.0,1,34.29025646,-118.67553573,3
2011,2011-06-08,1641,6,2,16,3,N,B,N,A,H,A,D,22,W,03,C,,,,,C,N,N,A,1,0,0,0,22350.0,3,34.17263497,-118.84073629,4
2011,2011-06-25,1138,6,2,11,6,N,A,N,B,H,A,N,60,N,11,G,Y,,,,B,N,N,A,1,1,0,0,21954.0,2,34.1865,-118.91431,3
2011,2011-06-06,927,6,2,9,1,N,B,Y,B,H,A,A,07,N,03,C,,,,,C,Y,N,D,2,0,0,0,22350.0,2,34.20043899,-118.85658111,3
2011,2011-06-06,855,6,2,8,1,N,B,Y,B,H,A,A,01,W,03,D,,,,,C,Y,N,D,1,0,0,0,22350.0,2,34.28212489,-118.74163781,4
2011,2011-06-04,1859,6,2,18,6,N,B,Y,A,H,A,A,07,E,08,F,,,,,A,Y,N,D,1,0,0,0,22107.0,1,34.25031094,-119.00228534,3
2011,2011-06-06,1142,6,2,11,1,N,B,Y,B,H,A,-,- ,S,00,D,,,,,C,Y,N,D,4,0,0,0,,2,34.27971115,-118.86126584,3
2011,2011-06-10,1626,6,2,16,5,N,A,N,A,H,A,-,- ,S,06,B,,,,,C,Y,N,D,1,0,0,0,21755.0,2,34.18776594,-119.17759899,4
2011,2011-05-31,855,5,1,8,2,N,A,Y,A,H,A,A,01,N,01,B,,,,Y,C,Y,N,D,1,0,0,0,23152.0,3,34.18481487,-118.86148225,4
2011,2011-06-10,1625,6,2,16,5,N,A,Y,A,H,A,D,22,S,03,C,,,,,C,Y,N,D,1,0,0,0,22350.0,3,34.18431367,-118.9070911,4
2011,2011-06-21,1248,6,2,12,2,N,A,Y,A,H,A,-,- ,N,21,-,,,,,C,N,N,A,1,0,0,0,22106.0,2,34.1970353,-119.15985906,4
2011,2011-06-17,950,6,2,9,5,N,B,Y,A,H,A,A,01,N,03,C,,,,,C,Y,N,D,3,0,0,0,22350.0,2,34.16052789,-118.82971319,4
2011,2011-06-25,330,6,2,3,6,N,A,Y,A,H,D,A,01,S,03,C,,,,Y,C,Y,N,D,1,0,0,0,22350.0,2,34.21833375,-119.06120616,3
2011,2011-06-22,545,6,2,5,3,Y,B,N,A,H,B,E,22,,12,D,,,,,C,Y,N,A,4,0,0,0,22450.0,2,34.14709,-119.09666,3
2011,2011-06-16,616,6,2,6,4,N,B,N,B,H,A,D,22,E,08,F,,,,,A,Y,N,A,1,0,0,0,22107.0,1,34.2052068,-119.09371647,4
2011,2011-05-30,1806,5,1,18,1,Y,A,N,A,H,A,-,- ,,09,D,,,,,C,Y,N,A,1,0,0,0,21801.0,2,34.20638,-119.15981,3
2011,2011-06-19,1157,6,2,11,7,Y,B,N,A,H,A,D,22,,12,D,,,,,C,Y,N,A,3,0,0,0,21453.0,2,34.18077,-118.87812,3
2011,2011-06-27,752,6,2,7,1,Y,A,N,A,H,A,D,22,,12,D,,,,,C,Y,N,A,2,0,0,0,21453.0,2,34.21851,-119.25375,4
2011,2011-05-24,835,5,1,8,2,Y,A,N,A,H,A,-,- ,,- ,H,,,,,C,Y,N,A,1,0,0,0,,2,34.15889,-118.81796,4
2011,2011-06-06,1730,6,2,17,1,N,A,N,A,H,A,-,- ,N,03,C,,,,,C,N,N,D,1,0,0,0,22350.0,2,34.21320347,-119.1597823,4
2011,2011-05-28,1845,5,1,18,6,N,A,Y,A,H,A,C,02,E,08,F,,,Y,,A,Y,N,D,1,0,0,1,22107.0,1,34.38907469,-119.3788082,3
2011,2011-06-04,1245,6,2,12,6,N,A,Y,A,A,A,L,04,S,03,F,,Y,,,A,N,N,D,1,0,1,0,22350.0,1,34.37605418,-119.46815243,3
2011,2011-05-26,2313,5,1,23,4,N,A,Y,A,H,D,A,01,N,03,C,,,,,C,Y,M,D,1,0,0,0,22350.0,2,34.21502614,-119.01160341,4
2011,2011-06-02,550,6,2,5,4,N,A,Y,A,H,A,C,02,W,03,F,,,Y,,A,Y,N,A,1,0,0,1,22350.0,1,34.38464538,-119.38942154,3
2011,2011-06-02,1343,6,2,13,4,Y,A,Y,A,H,A,A,08,,09,D,,,,,C,Y,N,D,1,0,0,0,21802.0,2,34.12040485,-119.08837228,4
2011,2011-05-21,2236,5,1,22,6,N,A,N,A,H,D,A,01,S,08,E,,,,,I,Y,N,D,2,0,0,0,22107.0,1,34.18105061,-119.14260229,3
2011,2011-06-01,1215,6,2,12,3,N,B,Y,A,H,A,A,01,W,03,E,,,,,I,Y,N,D,4,0,0,0,22350.0,1,34.28781486,-119.1593023,4
2011,2011-05-30,1235,5,1,12,1,Y,A,N,A,H,A,A,08,,09,A,,,,,C,Y,N,D,3,0,0,0,21801.0,2,34.35434,-118.98096,3
2011,2011-05-30,1910,5,1,19,1,N,A,Y,A,H,A,A,01,N,08,E,,,,,I,Y,N,D,1,0,0,0,22107.0,1,34.22203022,-119.13176399,3