ACCIDENT_YEAR,COLLISION_DATE,COLLISION_TIME,MONTH,SEASON,24HOURS,DAY_OF_WEEK,INTERSECTION,WEATHER_1,STATE_HWY_IND,ROAD_SURFACE,ROAD_COND_1,LIGHTING,STWD_VEHTYPE_AT_FAULT,CHP_VEHTYPE_AT_FAULT,DIRECTION,PCF_VIOL_CATEGORY,TYPE_OF_COLLISION,PEDESTRIAN_ACCIDENT,BICYCLE_ACCIDENT,MOTORCYCLE_ACCIDENT,TRUCK_ACCIDENT,MVIW,TOW_AWAY,HIT_AND_RUN,CONTROL_DEVICE,NUMBER_INJURED,COUNT_PED_INJURED,COUNT_BICYCLIST_INJURED,COUNT_MC_INJURED,PCF_VIOLATION,PARTY_COUNT,POINT_Y,POINT_X,COLLISION_SEVERITY
2011,2011-11-09,2100,11,3,21,3,N,A,N,A,H,C,A,01,W,08,G,Y,,,,B,N,N,D,1,1,0,0,22107.0,2,34.18601271,-118.87029108,4
2011,2011-11-14,1455,11,3,14,1,N,A,N,A,H,A,A,08,E,03,C,,,,,C,Y,N,A,1,0,0,0,22350.0,2,34.17766928,-118.85138649,4
2011,2011-11-17,1417,11,3,14,4,N,A,Y,A,H,A,A,07,N,03,C,,,,,C,N,N,A,2,0,0,0,22350.0,2,34.15650487,-118.82599224,4
2011,2011-11-18,1347,11,3,13,5,N,B,N,A,H,A,A,01,W,05,H,,,,,C,N,N,D,2,0,0,0,21460.0,2,34.18595533,-118.86986073,4
2011,2011-11-28,1525,11,3,15,1,Y,A,N,A,H,A,D,22,,03,C,,,,,C,N,N,D,1,0,0,0,22350.0,2,34.24015,-119.15961,4
2011,2011-11-29,805,11,3,8,2,N,A,N,A,H,A,D,22,N,03,B,,,,Y,C,N,N,D,1,0,0,0,22350.0,2,34.43571454,-119.28479234,3
2011,2011-11-11,1634,11,3,16,5,N,B,N,B,H,A,A,01,W,08,E,,,,,I,Y,N,D,1,0,0,0,22107.0,1,34.20163644,-119.10164614,4
2011,2011-11-03,820,11,3,8,4,N,A,N,A,H,A,A,01,E,08,E,,,,,I,Y,N,A,1,0,0,0,22107.0,1,34.25072706,-119.1426256,3
2011,2011-11-08,856,11,3,8,2,N,A,N,A,H,A,A,01,W,08,A,,,,,C,Y,N,D,2,0,0,0,22107.0,2,34.35250782,-119.00846423,4
2011,2011-11-03,705,11,3,7,4,N,A,N,A,H,A,A,01,W,03,C,,,,,C,Y,N,D,1,0,0,0,22350.0,2,34.16147403,-119.10171017,4
2011,2011-10-06,614,10,3,6,4,N,A,N,A,H,D,A,07,N,08,E,,,,,I,Y,N,D,1,0,0,0,22107.0,1,34.20032125,-118.824999,3
2011,2011-09-13,1511,9,3,15,2,N,A,N,A,H,A,L,04,E,08,H,,Y,,,I,N,N,D,1,0,1,0,22107.0,1,34.17061117,-118.83808159,2
2011,2011-11-26,1050,11,3,10,6,N,A,Y,A,H,A,A,07,S,08,C,,,,,C,N,N,D,3,0,0,0,22107.0,3,34.26402298,-119.2676792,4
2011,2011-11-26,1850,11,3,18,6,N,B,Y,A,H,D,A,07,E,09,D,,,,,C,Y,N,D,3,0,0,0,21801.0,2,34.37541488,-119.00472228,3
2011,2011-11-27,1515,11,3,15,7,N,A,Y,A,H,A,A,01,S,03,C,,,,,C,Y,N,D,5,0,0,0,22350.0,2,34.31553085,-119.3613656,3
2011,2011-11-18,1440,11,3,14,5,N,A,N,A,H,A,A,07,S,09,D,,,,,C,Y,N,D,1,0,0,0,21804.0,2,34.19366686,-119.09617922,3
2011,2011-11-13,1220,11,3,12,7,N,A,N,A,H,A,A,01,E,08,B,,,,,C,Y,N,D,1,0,0,0,22107.0,2,34.20564486,-119.08647647,4
2011,2011-11-18,1805,11,3,18,5,N,A,Y,A,H,D,A,07,N,03,C,,,,,C,Y,N,D,3,0,0,0,22350.0,3,34.20537701,-118.98761302,3
2011,2011-11-20,1115,11,3,11,7,N,C,Y,B,D,A,A,01,N,03,E,,,,,I,Y,N,D,2,0,0,0,22350.0,1,34.36427115,-119.44955256,4
2011,2011-11-20,1320,11,3,13,7,N,C,Y,B,D,A,A,07,N,03,E,,,,,I,Y,N,D,2,0,0,0,22350.0,1,34.36315386,-119.44849271,4
2011,2011-11-20,950,11,3,9,7,N,B,Y,B,H,A,A,01,N,03,E,,,,,I,Y,N,D,1,0,0,0,22350.0,1,34.22203486,-119.10602302,4
2011,2011-11-11,220,11,3,2,5,N,A,Y,A,H,D,A,07,S,01,B,,,,,C,Y,N,D,2,0,0,0,23152.0,2,34.3610895,-119.4469449,3
2011,2011-11-17,1015,11,3,10,4,N,A,Y,A,H,A,A,01,N,03,C,,,,,C,N,N,D,1,0,0,0,22350.0,2,34.37757695,-119.30595568,4
2011,2011-11-19,1700,11,3,17,6,N,B,Y,A,H,D,A,01,E,08,E,,,,,I,Y,N,D,1,0,0,0,22107.0,1,34.29463828,-119.1481786,3
2011,2011-11-21,1557,11,3,15,1,Y,A,N,A,H,A,L,04,,12,H,,Y,,,G,N,N,A,1,0,1,0,22450.0,2,34.22282,-119.03662,2
2011,2011-11-29,747,11,3,7,2,N,A,N,A,H,A,A,01,E,03,C,,,,,C,Y,N,D,1,0,0,0,22350.0,2,34.25389458,-119.14727861,4
2011,2011-11-24,2343,11,3,23,4,N,A,Y,A,H,D,A,01,N,03,C,,,,,C,N,N,D,3,0,0,0,22350.0,2,34.1942315,-118.94848989,4
2011,2011-11-25,1255,11,3,12,5,N,A,Y,A,H,A,A,08,N,03,C,,,,,C,Y,N,A,2,0,0,0,22350.0,2,34.17657439,-118.8642513,3
2011,2011-11-20,1220,11,3,12,7,N,B,Y,B,H,A,A,07,W,08,C,,,,,C,Y,N,D,2,0,0,0,22107.0,2,34.28147489,-118.70153223,4
2011,2011-11-13,1820,11,3,18,7,N,A,Y,A,H,C,A,01,N,03,C,,,,,C,N,N,D,1,0,0,0,22350.0,2,34.19230336,-118.94519457,4
2011,2011-11-11,1727,11,3,17,5,N,B,Y,A,H,D,A,01,S,03,C,,,,,C,Y,F,D,1,0,0,0,22350.0,2,34.16295811,-118.83294996,4
2011,2011-11-22,755,11,3,7,2,N,A,Y,A,H,A,A,08,E,03,C,,,,,C,Y,N,D,1,0,0,0,22350.0,2,34.28762725,-118.79977403,4
2011,2011-11-27,1830,11,3,18,7,N,A,Y,A,H,C,A,01,N,03,C,,,,,C,N,N,D,1,0,0,0,22350.0,2,34.18450585,-118.89858935,4
2011,2011-11-25,1215,11,3,12,5,N,A,Y,A,H,A,A,01,N,03,C,,,,,C,N,N,D,3,0,0,0,22350.0,2,34.17630487,-118.86048224,4
2011,2011-11-22,1635,11,3,16,2,N,A,Y,A,H,A,C,02,S,03,B,,,Y,,C,Y,N,D,1,0,0,1,22350.0,4,34.18725109,-118.93362745,3
2011,2011-11-21,740,11,3,7,1,N,A,Y,A,H,A,A,07,W,03,C,,,,,C,Y,N,D,1,0,0,0,22350.0,2,34.27549693,-118.92736815,4
2011,2011-11-30,1819,11,3,18,3,N,A,N,A,H,C,D,22,E,03,C,,,,,C,N,M,A,1,0,0,0,22350.0,2,34.19978767,-118.86848303,4
2011,2011-11-18,1600,11,3,16,5,N,B,N,A,H,A,A,01,E,03,C,,,,,C,Y,N,D,1,0,0,0,22350.0,3,34.17815599,-118.85637834,4
2011,2011-11-29,709,11,3,7,2,N,B,N,A,H,A,D,22,N,03,C,,,,,C,Y,N,D,1,0,0,0,22350.0,2,34.17558609,-118.95336441,4
2011,2011-11-14,1755,11,3,17,1,N,A,Y,A,H,C,A,07,W,03,C,,,,,C,Y,N,D,1,0,0,0,22350.0,2,34.27888488,-118.88610751,4
2011,2011-11-16,1453,11,3,14,3,Y,A,Y,A,H,A,G,27,,01,H,,,,Y,C,Y,M,A,4,0,0,0,23152.0,2,34.27901488,-118.87473226,4
2011,2011-11-07,1247,11,3,12,1,N,A,N,A,H,A,A,08,E,03,C,,,,,C,Y,N,D,2,0,0,0,22350.0,4,34.28729878,-118.86839032,4
2011,2011-11-29,1732,11,3,17,2,N,A,Y,A,H,C,A,01,N,03,C,,,,,C,Y,N,D,1,0,0,0,22350.0,2,34.2016792,-118.85570833,4
2011,2011-11-17,1705,11,3,17,4,N,A,Y,A,H,C,A,08,N,08,E,,,,,I,Y,N,D,1,0,0,0,22107.0,1,34.15909487,-118.82416224,3
2011,2011-11-27,1515,11,3,15,7,N,A,Y,A,H,A,A,01,N,03,C,,,,,C,Y,N,D,1,0,0,0,22350.0,3,34.18464277,-118.89495521,3
2011,2011-11-26,1535,11,3,15,6,N,A,Y,A,H,A,A,07,S,03,C,,,,,C,Y,N,D,2,0,0,0,22350.0,3,34.18448235,-118.90284791,4
2011,2011-11-20,1140,11,3,11,7,N,B,Y,B,H,A,A,01,W,03,E,,,,,I,Y,N,D,1,0,0,0,22350.0,1,34.27927489,-118.66693222,3
2011,2011-11-27,1540,11,3,15,7,N,A,Y,A,H,A,A,01,N,03,C,,,,,C,Y,N,D,1,0,0,0,22350.0,3,34.18426487,-118.91216594,4
2011,2011-11-14,830,11,3,8,1,N,A,Y,A,H,A,A,01,N,07,B,,,Y,,C,N,N,D,1,0,0,0,21658.0,2,34.18426399,-118.91265413,4
2011,2011-11-15,1355,11,3,13,2,N,A,Y,A,H,A,A,01,W,08,D,,,,,C,Y,N,D,1,0,0,0,22107.0,2,34.40078697,-118.82717427,4
2011,2011-11-04,1430,11,3,14,5,N,C,Y,B,H,A,A,01,E,09,H,,,,,C,Y,N,D,1,0,0,0,21801.0,2,34.27901644,-118.87298486,3
2011,2011-11-06,1445,11,3,14,7,N,C,Y,B,H,A,A,01,E,03,C,,,,,C,N,N,A,1,0,0,0,22350.0,3,34.27966263,-118.86897338,4
2011,2011-11-14,1752,11,3,17,1,Y,A,Y,A,H,C,A,01,,17,H,,,,,C,Y,N,A,3,0,0,0,21451.0,2,34.27888283,-118.88502179,4
2011,2011-11-01,933,11,3,9,2,Y,A,N,A,H,A,A,01,,17,H,,,,,C,N,N,A,1,0,0,0,21451.0,2,34.285482,-118.8747315,4
2011,2011-11-18,1257,11,3,12,5,N,B,N,A,H,A,A,01,N,21,G,Y,,,,B,Y,N,D,1,1,0,0,22106.0,2,34.30095741,-118.84564027,4
2011,2011-11-29,1255,11,3,12,2,Y,A,N,A,H,A,-,- ,,00,C,,,,,C,N,N,D,1,0,0,0,,2,34.29599,-118.84025,4
2011,2011-11-30,1720,11,3,17,3,N,A,Y,A,H,C,L,04,N,05,D,,Y,,,G,N,N,D,1,0,1,0,21650.0,2,34.27951115,-118.88217228,4
2011,2011-11-19,1151,11,3,11,6,N,B,N,A,H,A,C,02,E,01,B,,,Y,,C,Y,N,A,1,0,0,1,23152.0,2,34.26331592,-118.86421912,2
2011,2011-11-18,1810,11,3,18,5,Y,A,N,A,H,C,A,01,,12,H,,,,,C,Y,N,A,1,0,0,0,21453.0,2,34.26364,-118.88672,4
2011,2011-11-30,811,11,3,8,3,N,A,N,A,H,A,A,01,E,03,C,,,,,C,N,N,D,1,0,0,0,22350.0,2,34.24171762,-118.83970726,4
2011,2011-12-02,2340,12,4,23,5,N,A,Y,A,H,C,A,01,E,08,C,,,,,C,Y,N,A,1,0,0,0,22107.0,3,34.27901207,-118.88196675,4
2011,2011-12-02,2015,12,4,20,5,N,A,Y,A,H,A,A,01,E,03,C,,,,,C,N,F,A,1,0,0,0,22350.0,2,34.27901715,-118.88231588,4
2011,2011-11-27,1500,11,3,15,7,N,A,Y,A,H,A,A,01,N,03,C,,,,,C,Y,N,D,1,0,0,0,22350.0,2,34.18455924,-118.89572159,4
2011,2011-11-17,1822,11,3,18,4,N,A,Y,A,H,D,A,01,N,03,C,,,,,C,N,N,D,1,0,0,0,22350.0,3,34.28274544,-118.86315537,4
2011,2011-11-29,1524,11,3,15,2,N,A,N,A,H,A,A,01,S,21,C,,,,,C,N,N,D,4,0,0,0,22106.0,3,34.18424007,-118.92573059,3
2011,2011-11-30,1413,11,3,14,3,N,A,N,A,H,A,A,01,S,21,C,,,,,C,Y,N,A,1,0,0,0,22106.0,2,34.21663412,-118.88828765,4
2011,2011-12-06,2238,12,4,22,2,Y,A,N,A,H,C,-,- ,,- ,H,,,,,C,Y,N,A,2,0,0,0,,2,34.19976,-118.8686,3
2011,2011-10-29,600,10,3,6,6,N,A,Y,A,H,D,A,01,N,08,E,,,,,I,Y,N,D,2,0,0,0,22107.0,1,34.20510801,-118.98286782,3
2011,2011-11-30,1726,11,3,17,3,N,A,N,A,H,C,A,07,E,09,G,Y,Y,,,B,N,N,D,2,1,1,0,21804.0,3,34.18029268,-118.93072635,3
2011,2011-12-02,1218,12,4,12,5,N,A,N,A,H,A,D,22,W,05,H,,,,,C,Y,N,D,1,0,0,0,21460.0,2,34.2081559,-118.87107226,4
2011,2011-11-18,1224,11,3,12,5,N,A,N,A,H,A,-,- ,E,04,C,,,,,C,N,N,A,1,0,0,0,21703.0,3,34.21883486,-119.15678092,4
2011,2011-11-28,1858,11,3,18,1,Y,A,N,A,H,C,-,- ,,09,D,,,,,C,Y,N,D,1,0,0,0,21802.0,2,34.18805,-119.23742,4
2011,2011-11-19,1151,11,3,11,6,Y,A,N,A,H,A,-,- ,,08,D,,,,,C,Y,N,A,2,0,0,0,22107.0,2,34.1782,-119.19513,4
2011,2011-11-23,645,11,3,6,3,Y,A,N,A,H,A,-,- ,,09,D,,,,,C,Y,N,A,2,0,0,0,21801.0,2,34.20638,-119.15981,4
2011,2011-11-27,1409,11,3,14,7,Y,A,N,A,H,A,-,- ,,12,D,,,,,C,Y,N,A,1,0,0,0,21453.0,2,34.19011,-119.19499,3
2011,2011-11-22,1600,11,3,16,2,Y,-,N,-,-,-,-,- ,,- ,G,Y,,,,B,N,F,-,1,1,0,0,,2,34.17601,-119.18127,4
2011,2011-11-26,2007,11,3,20,6,Y,A,N,A,H,C,-,- ,,01,D,,,,,C,Y,N,A,1,0,0,0,23153.0,2,34.18537,-119.17756,3
2011,2011-11-23,1730,11,3,17,3,N,A,N,A,H,B,-,- ,S,03,C,,,,,C,N,N,A,4,0,0,0,22350.0,5,34.21294898,-119.14223924,3
2011,2011-11-27,1400,11,3,14,7,Y,A,N,A,H,A,-,- ,,03,C,,,,,C,Y,N,D,1,0,0,0,22350.0,2,34.1866,-119.17756,4
2011,2011-11-26,441,11,3,4,6,N,A,N,A,H,C,-,- ,N,01,E,,,,,I,Y,N,D,1,0,0,0,23152.0,1,34.23802546,-119.19042672,4
2011,2011-11-24,226,11,3,2,4,Y,A,N,A,H,C,-,- ,,01,D,,,,,C,Y,N,A,2,0,0,0,23153.0,2,34.20042,-119.15987,3
2011,2011-11-26,854,11,3,8,6,Y,A,N,A,H,A,L,04,,05,G,,Y,,,G,N,N,D,1,0,1,0,21650.0,2,34.20878,-119.15984,4
2011,2011-11-24,1145,11,3,11,4,Y,B,Y,A,H,A,-,- ,,12,D,,,,,C,N,N,A,1,0,0,0,21453.0,2,34.19911101,-119.1773223,4
2011,2011-11-24,2321,11,3,23,4,Y,A,N,A,H,C,-,- ,,01,F,,,,,I,Y,N,D,1,0,0,0,23152.0,1,34.213104,-119.156418,3
2011,2011-11-20,1405,11,3,14,7,N,B,Y,B,H,A,D,22,N,03,D,,,,,C,Y,N,D,3,0,0,0,22350.0,2,34.2253559,-119.15917981,3
2011,2011-10-25,608,10,3,6,2,Y,B,Y,A,H,C,-,- ,,12,D,,,,,C,Y,N,A,2,0,0,0,21453.0,2,34.21749006,-119.03355664,2
2011,2011-11-10,500,11,3,5,4,N,A,N,A,H,D,A,01,S,08,E,,,,,I,Y,N,D,1,0,0,0,22107.0,1,34.20491564,-118.88841359,3
2011,2011-11-20,1512,11,3,15,7,Y,C,Y,B,H,A,-,- ,,03,C,,,,,C,N,N,A,2,0,0,0,22350.0,2,34.18937042,-119.17705229,4
2011,2011-11-24,1541,11,3,15,4,Y,B,Y,A,H,A,A,,,03,C,,,,,C,N,N,A,1,0,0,0,22350.0,2,34.24484486,-119.19624231,4
2011,2011-11-24,1401,11,3,14,4,Y,A,N,-,H,A,-,- ,,12,D,,Y,,,G,N,N,A,1,0,1,0,22450.0,2,34.29419,-119.29697,4
2011,2011-11-22,1809,11,3,18,2,Y,A,Y,A,H,C,-,- ,,03,C,,,,,C,N,N,A,2,0,0,0,22350.0,2,34.26164486,-119.24766232,4
2011,2011-11-22,1120,11,3,11,2,Y,A,N,A,H,A,E,,,21,E,,,,,I,Y,N,D,1,0,0,0,22106.0,1,34.28084,-119.29314,4
2011,2011-11-29,1709,11,3,17,2,Y,A,N,A,H,B,A,,,03,C,,,,,C,Y,N,D,1,0,0,0,22350.0,2,34.264638,-119.17269,4
2011,2011-12-01,545,12,4,5,4,N,A,N,A,H,B,A,07,W,03,C,,,,,C,N,N,A,1,0,0,0,22350.0,3,34.14698247,-119.11432238,4
2011,2011-12-01,1452,12,4,14,4,N,A,N,-,H,A,-,- ,E,09,D,,,,,C,Y,N,D,1,0,0,0,21804.0,2,34.25714704,-119.23463724,4
2011,2011-12-01,1645,12,4,16,4,N,A,N,A,H,A,L,04,W,05,D,,Y,,,G,N,N,D,1,0,1,0,21650.0,2,34.27955486,-119.29225367,4
2011,2011-11-28,1545,11,3,15,1,N,A,Y,A,H,A,A,01,S,03,C,,,,,C,Y,N,D,1,0,0,0,22350.0,2,34.21103366,-118.99931127,4
2011,2011-12-02,745,12,4,7,5,N,A,N,A,H,A,A,01,W,08,E,,,,,I,Y,N,D,1,0,0,0,22107.0,1,34.20166394,-119.10338989,3
2011,2011-12-03,941,12,4,9,6,N,A,Y,A,B,A,L,04,W,03,E,,Y,,,I,N,N,D,1,0,1,0,22350.0,1,34.39037863,-119.41891773,3
2011,2011-12-01,1903,12,4,19,4,Y,A,N,A,H,C,A,01,,09,H,,,,,C,Y,N,A,2,0,0,0,21801.0,2,34.19942,-118.86409,2
2011,2011-12-01,1824,12,4,18,4,N,A,N,A,H,C,A,07,W,03,C,,,,,C,Y,N,A,2,0,0,0,22350.0,4,34.211708,-118.8404814,4
2011,2011-12-07,745,12,4,7,3,N,A,Y,A,H,A,A,08,E,03,C,,,,,C,Y,N,D,3,0,0,0,22350.0,2,34.31416497,-119.11526338,4
2011,2011-12-05,737,12,4,7,1,N,A,Y,A,H,A,A,07,S,03,C,,,,,C,Y,N,A,2,0,0,0,22350.0,3,34.25357114,-119.15678254,4
2011,2011-12-01,1211,12,4,12,4,N,A,N,A,H,A,L,04,S,05,H,,Y,,,G,N,N,D,1,0,1,0,21650.0,2,34.18527652,-118.87763083,4
2011,2011-12-05,1743,12,4,17,1,N,A,N,A,H,C,A,01,N,03,C,,,,,C,Y,N,D,3,0,0,0,22350.0,3,34.19586593,-118.87153829,4
2011,2011-11-25,1829,11,3,18,5,Y,A,N,A,H,C,A,01,,09,H,,,,,C,N,N,A,2,0,0,0,21801.0,2,34.21754,-119.05494,4
2011,2011-11-10,2244,11,3,22,4,N,A,N,A,H,C,A,01,S,03,A,,,,,I,Y,M,D,1,0,0,0,22350.0,1,34.22578345,-119.0763064,3
2011,2011-11-16,1728,11,3,17,3,N,A,Y,A,H,C,A,01,N,03,C,,,,,C,Y,N,A,3,0,0,0,22350.0,3,34.21471486,-119.01106227,4
2011,2011-11-21,1736,11,3,17,1,N,A,N,A,H,C,A,08,E,10,G,Y,,,,B,N,N,A,1,1,0,0,21950.0,2,34.22362486,-119.04280933,3
2011,2011-11-21,1932,11,3,19,1,Y,A,Y,A,H,C,A,01,,09,H,,,,,C,Y,N,A,2,0,0,0,21801.0,2,34.21770339,-119.05266864,4
2011,2011-11-03,1240,11,3,12,4,N,A,N,A,D,A,A,07,E,03,C,,,,,C,N,N,D,1,0,0,0,22350.0,2,34.1758113,-119.21997342,4
2011,2011-11-03,1036,11,3,10,4,Y,A,N,A,H,A,D,22,,09,H,,,Y,,A,N,N,D,1,0,0,1,21800.0,2,34.17566,-119.20243,3
2011,2011-11-22,1305,11,3,13,2,N,A,N,A,H,A,A,01,N,- ,A,,,,,E,Y,N,D,1,0,0,0,,2,34.16153613,-119.19410651,3
2011,2011-10-31,1324,10,3,13,1,N,A,Y,A,H,A,A,07,E,05,B,,,,,C,Y,N,D,1,0,0,0,21650.0,2,34.27891896,-118.89233482,2
2011,2011-11-20,420,11,3,4,7,Y,B,N,B,H,C,A,01,,01,E,,,,,I,Y,N,D,3,0,0,0,23152.0,1,34.27166,-118.72281,3
2011,2011-11-21,2128,11,3,21,1,Y,A,N,B,H,C,A,01,,09,D,,,,,C,Y,N,D,1,0,0,0,21801.0,2,34.27028,-118.79646,4
2011,2011-11-12,1529,11,3,15,6,Y,C,N,B,-,A,A,01,,09,D,,,,,C,Y,N,A,1,0,0,0,21801.0,3,34.27897,-118.72615,4
2011,2011-11-20,2017,11,3,20,7,Y,A,N,B,H,C,A,01,,09,A,,,,,C,Y,N,A,4,0,0,0,21801.0,2,34.27905,-118.73056,3
2011,2011-11-27,1612,11,3,16,7,N,A,Y,A,H,A,A,07,S,03,C,,,,,C,Y,N,D,2,0,0,0,22350.0,4,34.31594713,-119.36185094,4
2011,2011-11-25,2050,11,3,20,5,N,A,Y,A,H,C,C,02,N,01,C,,,Y,,C,N,M,D,1,0,0,1,23152.0,2,34.20774769,-118.99240223,3
2011,2011-11-24,2050,11,3,20,4,N,A,N,A,H,C,-,- ,N,03,D,,,,,C,Y,N,D,1,0,0,0,22350.0,2,34.28111209,-118.70900223,4
2011,2011-11-28,1714,11,3,17,1,N,A,N,A,H,C,-,- ,E,18,C,,,,,C,Y,N,D,3,0,0,0,,4,34.25183014,-118.82184977,4
2011,2011-11-27,1310,11,3,13,7,N,A,N,A,H,A,C,02,N,08,E,,,Y,,I,N,N,A,1,0,0,1,22107.0,1,34.26460853,-118.79642224,4
2011,2011-11-24,1622,11,3,16,4,N,A,N,A,H,A,-,- ,E,08,E,,,,,I,Y,N,D,2,0,0,0,22107.0,1,34.27398662,-118.80953626,3
2011,2011-11-28,1535,11,3,15,1,N,A,Y,A,H,A,D,22,N,03,A,,,,,C,Y,N,D,1,0,0,0,22350.0,2,34.20525486,-118.98327227,4
2011,2011-12-11,1414,12,4,14,7,Y,A,N,A,H,A,-,- ,,08,A,,,,,C,Y,N,D,7,0,0,0,22107.0,2,34.19249,-119.18118,4
2011,2011-12-11,1544,12,4,15,7,Y,A,N,A,H,A,-,- ,,08,D,,,,,C,Y,N,A,6,0,0,0,22107.0,2,34.19781,-119.24259,3
2011,2011-12-11,1650,12,4,16,7,Y,A,N,A,H,B,-,- ,,12,D,,,,,C,Y,N,A,2,0,0,0,22450.0,2,34.2083,-119.16857,4
2011,2011-12-10,1530,12,4,15,6,Y,A,N,A,H,A,-,- ,,03,C,,,,,C,N,F,A,1,0,0,0,22350.0,2,34.1812,-119.20669,4
2011,2011-12-08,600,12,4,6,4,Y,A,N,A,H,C,-,- ,,09,D,,,,,C,Y,N,A,2,0,0,0,21801.0,2,34.20195,-119.1383,2
2011,2011-12-11,1530,12,4,15,7,Y,A,N,A,H,A,-,- ,,03,E,,,,,C,Y,N,D,7,0,0,0,22350.0,5,34.19346,-119.15986,3
2011,2011-12-12,206,12,4,2,1,N,C,N,B,H,C,-,- ,S,01,E,,,,,I,N,N,A,1,0,0,0,23152.0,1,34.19561296,-119.15976405,3
2011,2011-12-10,1557,12,4,15,6,Y,A,N,A,H,A,-,- ,,10,G,Y,,,,B,N,N,A,1,1,0,0,21950.0,2,34.16597,-119.17777,3
2011,2011-12-10,1858,12,4,18,6,Y,A,N,A,H,C,-,- ,,01,D,,Y,,,G,Y,F,D,1,0,1,0,23152.0,2,34.18179,-119.16932,3
2011,2011-11-26,1920,11,3,19,6,N,A,N,A,H,C,N,60,N,11,G,Y,,,,B,N,N,D,1,1,0,0,21950.0,2,34.39881794,-118.91829715,3
2011,2011-12-08,1159,12,4,11,4,N,A,N,A,H,A,A,07,S,03,C,,,,,C,N,N,A,1,0,0,0,22350.0,2,34.23347155,-119.05156829,4
2011,2011-12-01,1608,12,4,16,4,N,A,N,A,H,A,A,07,S,09,H,,Y,,,G,N,N,D,1,0,1,0,21801.0,2,34.21947742,-119.03539228,3
2011,2011-12-07,2133,12,4,21,3,N,A,N,A,H,C,A,01,W,08,E,,,,,I,Y,N,A,1,0,0,0,22107.0,1,34.23840777,-119.03743757,4
2011,2011-12-05,1617,12,4,16,1,Y,A,N,A,H,A,-,- ,,12,D,,,,,C,Y,N,A,3,0,0,0,21453.0,2,34.21675,-119.05099,4
2011,2011-12-14,1512,12,4,15,3,Y,A,N,A,H,A,A,01,,03,C,,,,,C,Y,N,D,1,0,0,0,22350.0,2,34.21577,-119.18091,4
2011,2011-12-14,1757,12,4,17,3,Y,A,N,A,H,B,-,- ,,- ,B,,,,,C,Y,N,A,1,0,0,0,,2,34.225227,-119.158762,4
2011,2011-12-12,1730,12,4,17,1,N,B,N,B,H,B,A,01,E,08,B,,,,,I,Y,N,D,1,0,0,0,22107.0,1,34.17647268,-119.12156409,4
2011,2011-08-09,1258,8,2,12,2,N,A,N,A,H,A,A,,E,03,C,,,,,E,Y,N,D,1,0,0,0,22350.0,2,34.35573448,-119.0666113,3
2011,2011-08-22,2042,8,2,20,1,Y,A,N,A,H,C,L,,,03,D,,Y,,,D,N,N,D,1,0,1,0,22350.0,2,34.34878,-119.06424,4
2011,2011-08-17,745,8,2,7,3,N,A,N,A,H,A,A,,E,10,G,Y,,,,B,N,N,D,1,1,0,0,21950.0,2,34.35295964,-119.06928678,3
2011,2011-08-13,1029,8,2,10,6,Y,A,Y,A,H,A,A,,,12,D,,,,,C,Y,N,A,1,0,0,0,21453.0,2,34.35731507,-119.06158001,4
2011,2011-11-18,1408,11,3,14,5,N,A,N,A,H,A,A,07,N,03,C,,,,,C,Y,N,A,2,0,0,0,22350.0,4,34.16849268,-119.1952123,4
2011,2011-11-28,1735,11,3,17,1,N,A,N,A,H,C,A,01,W,01,C,,,,,C,Y,N,A,1,0,0,0,23152.0,2,34.22231238,-119.03930308,4
2011,2011-11-30,1930,11,3,19,3,N,A,N,A,H,C,A,01,N,09,H,,,Y,,C,Y,N,D,1,0,0,1,21801.0,2,34.22280033,-119.04284228,3
2011,2011-11-28,1350,11,3,13,1,Y,A,N,A,H,A,A,01,,09,H,,,,,C,Y,N,A,2,0,0,0,21801.0,2,34.22368,-119.06987,4
2011,2011-11-29,1741,11,3,17,2,N,A,N,A,H,C,A,01,S,03,C,,,,,C,N,N,A,1,0,0,0,22350.0,2,34.22171141,-119.03904193,4
2011,2011-11-13,323,11,3,3,7,N,B,N,A,H,C,A,01,S,05,E,,,,,I,Y,N,D,1,0,0,0,21651.0,1,34.23233881,-119.05169482,3
2011,2011-12-04,1013,12,4,10,7,N,A,N,A,H,A,A,01,W,07,B,,,,,C,Y,N,A,1,0,0,0,21658.0,2,34.21682893,-119.05148263,4
2011,2011-12-01,1739,12,4,17,4,Y,A,N,A,H,C,A,01,,09,H,,,,,C,Y,N,A,2,0,0,0,21801.0,2,34.227081,-118.9868625,2
2011,2011-12-01,1620,12,4,16,4,Y,A,N,A,H,A,A,07,,12,D,,,,,C,Y,N,A,2,0,0,0,22450.0,2,34.23551,-118.98861,3
2011,2011-10-07,1545,10,3,15,5,Y,A,N,A,H,A,-,- ,,00,H,,,Y,,A,N,N,A,1,0,0,1,,2,34.26487,-119.27033,4
2011,2011-11-29,1620,11,3,16,2,N,A,Y,A,H,A,A,01,W,01,F,,,,,A,Y,N,D,4,0,0,0,23152.0,1,34.06118784,-118.98264192,3
2011,2011-12-11,1335,12,4,13,7,Y,A,N,A,H,A,D,22,,09,D,,,,,C,Y,N,A,1,0,0,0,21802.0,2,34.40986,-118.93883,4
2011,2011-12-05,813,12,4,8,1,Y,A,N,A,H,A,-,- ,,09,D,,,,,C,N,N,A,2,0,0,0,21801.0,2,34.19019,-119.18122,4
2011,2011-12-10,1320,12,4,13,6,N,A,Y,A,H,A,A,01,N,07,B,,,,,C,Y,N,D,2,0,0,0,21658.0,2,34.22555124,-119.16074207,4
2011,2011-12-06,1335,12,4,13,2,Y,A,N,A,H,A,-,- ,,12,D,,,,,C,Y,N,A,1,0,0,0,21453.0,2,34.2411,-119.18796,2