ACCIDENT_YEAR,COLLISION_DATE,COLLISION_TIME,MONTH,SEASON,24HOURS,DAY_OF_WEEK,INTERSECTION,WEATHER_1,STATE_HWY_IND,ROAD_SURFACE,ROAD_COND_1,LIGHTING,STWD_VEHTYPE_AT_FAULT,CHP_VEHTYPE_AT_FAULT,DIRECTION,PCF_VIOL_CATEGORY,TYPE_OF_COLLISION,PEDESTRIAN_ACCIDENT,BICYCLE_ACCIDENT,MOTORCYCLE_ACCIDENT,TRUCK_ACCIDENT,MVIW,TOW_AWAY,HIT_AND_RUN,CONTROL_DEVICE,NUMBER_INJURED,COUNT_PED_INJURED,COUNT_BICYCLIST_INJURED,COUNT_MC_INJURED,PCF_VIOLATION,PARTY_COUNT,POINT_Y,POINT_X,COLLISION_SEVERITY
2012,2012-05-10,740,5,1,7,4,N,A,N,A,H,A,-,- ,N,03,C,,,,,C,N,N,A,3,0,0,0,22350.0,2,34.21915205,-119.15843235,4
2012,2012-05-06,1405,5,1,14,7,N,A,N,A,H,A,A,01,N,08,H,,,,,C,Y,N,D,1,0,0,0,22107.0,2,34.22123088,-119.04788233,4
2012,2012-05-02,1516,5,1,15,3,N,A,N,A,H,A,A,01,N,17,H,,Y,,,G,N,N,A,1,0,1,0,21451.0,2,34.22236144,-119.03901997,3
2012,2012-05-05,745,5,1,7,6,N,A,Y,A,D,A,A,01,N,03,C,,,,,C,N,N,D,1,0,0,0,22350.0,2,34.19163756,-118.94377992,4
2012,2012-05-05,115,5,1,1,6,N,A,Y,A,D,C,A,01,N,01,E,,,,,J,Y,N,D,1,0,0,0,23152.0,1,34.19039679,-118.94106066,4
2012,2012-05-06,1140,5,1,11,7,N,A,Y,A,H,A,A,01,S,08,E,,,,,I,Y,N,D,1,0,0,0,22107.0,1,34.22321752,-118.84887266,3
2012,2012-05-03,1625,5,1,16,4,N,A,Y,A,H,A,-,- ,S,18,F,,,Y,,A,Y,N,D,1,0,0,1,,1,34.2024756,-118.97980824,3
2012,2012-04-26,1010,4,1,10,4,N,B,N,B,H,A,A,01,E,03,C,,,,,C,Y,N,D,1,0,0,0,22350.0,2,34.14010643,-118.88297735,3
2012,2012-04-23,300,4,1,3,1,N,A,Y,A,H,D,A,01,N,08,E,,,,,I,Y,M,D,1,0,0,0,22107.0,1,34.20308449,-118.85461473,3
2012,2012-04-29,1505,4,1,15,7,N,A,Y,A,H,A,A,01,E,08,E,,,,,I,Y,F,D,1,0,0,0,22107.0,2,34.26832869,-118.63494831,3
2012,2012-04-25,730,4,1,7,3,N,B,Y,A,H,A,A,07,S,03,C,,,,,C,N,N,D,2,0,0,0,22350.0,2,34.16285196,-118.83321475,4
2012,2012-04-23,2225,4,1,22,1,N,A,Y,A,H,D,A,07,N,08,E,,,,,I,Y,N,D,1,0,0,0,22107.0,1,34.34333852,-118.90468863,4
2012,2012-04-25,1658,4,1,16,3,N,B,Y,A,H,A,A,01,W,03,C,,,,,C,Y,N,D,1,0,0,0,22350.0,2,34.29322488,-118.84272225,3
2012,2012-04-26,1335,4,1,13,4,N,B,Y,A,H,A,A,01,S,08,E,,,,,I,Y,N,D,1,0,0,0,22107.0,1,34.18447645,-118.91073022,3
2012,2012-04-27,1645,4,1,16,5,N,A,Y,A,H,A,A,01,N,03,C,,,,,C,Y,N,D,1,0,0,0,22350.0,2,34.18455924,-118.89572159,4
2012,2012-04-21,125,4,1,1,6,N,E,Y,A,H,D,A,01,E,08,B,,,,,C,Y,N,D,1,0,0,0,22107.0,2,34.28242111,-118.73725504,4
2012,2012-04-27,10,4,1,0,5,N,A,Y,A,H,C,A,07,W,08,E,,,,,I,Y,N,D,1,0,0,0,22107.0,1,34.28149579,-118.69692117,3
2012,2012-04-29,1205,4,1,12,7,N,A,Y,A,H,A,C,02,E,03,F,,,Y,,A,Y,N,D,1,0,0,1,22350.0,1,34.26587434,-118.97489722,3
2012,2012-04-27,1730,4,1,17,5,N,A,Y,A,H,A,A,07,N,03,C,,,,,C,Y,N,D,1,0,0,0,22350.0,3,34.15873363,-118.82653857,3
2012,2012-05-06,1530,5,1,15,7,N,A,Y,A,H,A,-,- ,S,09,D,,,,,C,Y,N,D,2,0,0,0,21801.0,2,34.18309485,-119.1690323,4
2012,2012-04-14,1830,4,1,18,6,N,A,Y,A,H,A,-,- ,N,00,H,,Y,,,G,N,N,A,1,0,1,0,,3,34.20211355,-118.85577356,4
2012,2012-05-06,1755,5,1,17,7,N,A,N,A,H,A,D,22,S,01,C,,,,,C,Y,N,A,1,0,0,0,23152.0,3,34.22981164,-119.11214339,4
2012,2012-05-10,1500,5,1,15,4,N,A,Y,A,H,A,D,22,W,03,C,,,,,C,N,N,A,1,0,0,0,22350.0,2,34.33421487,-119.08670229,4
2012,2012-05-07,2010,5,1,20,1,N,A,Y,A,H,C,-,- ,N,18,E,,,,,I,Y,N,D,1,0,0,0,,1,34.22202486,-119.13106229,3
2012,2012-05-09,1618,5,1,16,3,N,A,Y,A,H,A,A,01,S,03,C,,,,,C,,N,D,1,0,0,0,22350.0,4,34.21930988,-119.06993751,4
2012,2012-05-11,1000,5,1,10,5,N,A,N,A,H,A,D,22,E,08,E,,,,,I,Y,N,D,1,0,0,0,22107.0,1,34.35249338,-119.02958035,4
2012,2012-04-19,118,4,1,1,4,N,A,Y,A,H,C,A,01,N,01,F,,,,,A,Y,N,D,1,0,0,0,23152.0,1,34.35838546,-119.30913321,2
2012,2012-04-21,2228,4,1,22,6,N,A,Y,A,H,C,A,01,N,01,E,,,,,I,Y,N,D,3,0,0,0,23152.0,2,34.22642934,-119.16419503,4
2012,2012-04-27,1200,4,1,12,5,Y,A,N,A,H,A,A,07,,09,H,,,,,C,N,N,A,4,0,0,0,21801.0,2,34.15261493,-118.82334232,3
2012,2012-04-26,1159,4,1,11,4,N,A,N,A,H,A,L,04,E,05,H,,Y,,,G,N,N,A,1,0,1,0,21650.0,2,34.18390483,-118.91480822,4
2012,2012-04-23,1225,4,1,12,1,N,B,N,B,H,A,A,07,S,03,C,,,,,C,Y,N,A,1,0,0,0,22350.0,2,34.16284947,-118.94476372,4
2012,2012-04-09,1800,4,1,18,1,Y,A,N,A,H,A,-,- ,,09,H,,Y,,,G,N,N,A,1,0,1,0,21801.0,2,34.27154482,-119.2670723,3
2012,2012-04-30,1730,4,1,17,1,Y,B,N,B,H,A,L,04,,11,H,,Y,,,G,N,N,A,1,0,1,0,21453.0,2,34.27299491,-119.26327228,4
2012,2012-04-30,809,4,1,8,1,N,B,N,A,H,A,A,,E,03,B,,,,,E,Y,N,D,1,0,0,0,22350.0,4,34.28087569,-119.28387011,3
2012,2012-05-06,1450,5,1,14,7,N,A,Y,A,H,A,C,02,N,08,B,,,Y,,C,Y,N,D,1,0,0,1,22107.0,2,34.22203486,-119.1315139,4
2012,2012-05-05,1351,5,1,13,6,N,A,N,A,H,A,A,01,N,08,E,,,,,I,Y,N,D,2,0,0,0,22107.0,1,34.30873426,-118.98503451,3
2012,2012-05-15,945,5,1,9,2,N,A,Y,A,H,A,-,- ,S,03,C,,,,,C,Y,N,A,1,0,0,0,22350.0,2,34.20642429,-119.1772523,4
2012,2012-05-15,1720,5,1,17,2,N,A,N,A,H,A,A,01,E,- ,D,,,,,C,,N,D,1,0,0,0,,3,34.2291636,-119.17529941,3
2012,2012-05-15,945,5,1,9,2,N,A,N,A,H,A,A,01,S,03,A,,,,,E,Y,N,D,1,0,0,0,22350.0,2,34.17115176,-119.2308419,4
2012,2012-05-16,1643,5,1,16,3,Y,A,N,A,H,A,L,04,,09,D,,Y,,,G,Y,N,D,1,0,1,0,21801.0,2,34.15668484,-119.17559237,3
2012,2012-05-16,2000,5,1,20,3,Y,A,N,A,H,C,A,01,,03,C,,Y,,,G,N,N,A,1,0,1,0,22350.0,2,34.244537,-119.17732,3
2012,2012-05-07,956,5,1,9,1,N,A,N,A,C,A,D,22,N,08,C,Y,,,,E,Y,N,D,1,1,0,0,22107.0,3,34.28630056,-118.68094626,3
2012,2012-05-12,1500,5,1,15,6,Y,A,N,A,H,A,A,01,,09,D,,,,,C,Y,N,A,2,0,0,0,21802.0,2,34.3416749,-119.29388235,3
2012,2012-05-08,1705,5,1,17,2,N,A,Y,A,H,A,A,01,S,03,C,,,,,C,Y,N,D,1,0,0,0,22350.0,3,34.22218275,-119.13589704,4
2012,2012-05-10,2245,5,1,22,4,N,A,Y,A,H,D,A,01,N,08,E,,,,,I,Y,N,D,1,0,0,0,22107.0,1,34.34494522,-119.42018493,3
2012,2012-05-06,1745,5,1,17,7,N,A,Y,A,H,A,A,01,S,03,B,,,Y,,C,N,N,D,2,0,0,2,22350.0,2,34.08778573,-119.06254912,4
2012,2012-05-02,1843,5,1,18,3,N,A,Y,A,H,A,-,- ,S,18,E,,,Y,,J,Y,N,D,1,0,0,1,,1,34.20921464,-118.99459182,2
2012,2012-04-28,2135,4,1,21,6,N,A,Y,A,H,D,A,01,W,08,D,,,,,C,Y,N,D,4,0,0,0,22107.0,2,34.26370487,-119.05516829,3
2012,2012-05-16,1520,5,1,15,3,N,A,N,A,H,A,-,- ,S,01,C,,,,,C,Y,N,D,2,0,0,0,23152.0,2,34.21573035,-119.18805236,4
2012,2012-05-17,1547,5,1,15,4,N,A,Y,A,H,A,-,- ,W,03,C,,,,,C,N,N,A,1,0,0,0,22350.0,2,34.19680002,-119.17750763,4
2012,2012-05-11,201,5,1,2,5,N,A,N,A,H,C,D,22,W,01,E,,,,,I,Y,N,D,1,0,0,0,23152.0,1,34.22857562,-119.03205074,3
2012,2012-05-17,809,5,1,8,4,Y,A,N,A,H,A,D,22,,09,H,,,,,C,Y,N,A,2,0,0,0,21801.0,2,34.23707486,-118.99767245,4
2012,2012-04-23,604,4,1,6,1,N,C,N,B,H,B,D,22,E,08,A,,,,,E,N,N,D,1,0,0,0,22107.0,3,34.21770107,-119.04231998,4
2012,2012-04-27,1326,4,1,13,5,N,A,Y,A,H,A,D,22,W,09,D,,,,,C,Y,N,A,1,0,0,0,21802.0,2,34.43467487,-119.26399233,4
2012,2012-05-16,1346,5,1,13,3,N,A,N,A,H,A,-,- ,W,01,C,,,,,C,Y,N,A,1,0,0,0,23152.0,2,34.27902485,-118.76804145,4
2012,2012-05-15,742,5,1,7,2,Y,A,N,A,H,A,A,01,,09,H,,,,,C,Y,N,D,2,0,0,0,21801.0,2,34.18843484,-118.91341232,4
2012,2012-05-08,837,5,1,8,2,N,A,N,A,H,A,A,01,E,03,C,,,,,C,Y,N,A,1,0,0,0,22350.0,2,34.26744753,-118.89263586,4
2012,2012-05-07,2040,5,1,20,1,N,A,N,A,H,C,A,01,W,21,H,,,,,E,N,N,-,1,0,0,0,22106.0,2,34.21836483,-119.03791832,4
2012,2012-05-03,1408,5,1,14,4,N,B,Y,A,H,A,C,02,N,01,F,,,Y,,A,Y,N,D,1,0,0,1,23152.0,1,34.30627026,-118.87967226,3
2012,2012-05-16,813,5,1,8,3,N,A,N,A,H,A,A,07,S,17,G,Y,,,,B,N,N,A,1,1,0,0,2815.0,2,34.21150493,-119.02104557,3
2012,2012-05-16,1725,5,1,17,3,N,A,N,A,H,A,A,01,E,09,D,,Y,,,G,N,N,A,1,0,1,0,21804.0,2,34.22364068,-119.03814544,3
2012,2012-05-12,1112,5,1,11,6,N,A,Y,A,H,A,A,01,N,03,C,,,,,C,Y,N,D,1,0,0,0,22350.0,2,34.21246286,-119.0363227,4
2012,2012-05-14,1525,5,1,15,1,N,A,N,A,H,A,L,04,S,09,H,,Y,,,G,N,N,A,1,0,1,0,21804.0,2,34.239897,-119.0079315,3
2012,2012-05-15,1405,5,1,14,2,N,A,Y,A,H,A,A,01,W,03,C,,,,,C,N,N,D,1,0,0,0,22350.0,2,34.26376283,-119.00218618,4
2012,2012-05-05,210,5,1,2,6,N,A,N,A,H,D,A,01,W,08,E,,,,,I,Y,N,D,1,0,0,0,22107.0,1,34.09112941,-118.94903061,4
2012,2012-02-04,1910,2,4,19,6,N,A,N,A,H,D,A,01,N,08,G,Y,,,,B,N,F,D,3,3,0,0,22107.0,4,34.15929303,-119.22182236,2
2012,2012-04-27,145,4,1,1,5,N,A,N,A,H,C,A,07,N,08,A,,,,,E,N,N,D,1,0,0,0,22107.0,2,34.23551,-119.05837,3
2012,2012-05-23,1200,5,1,12,3,N,A,N,A,H,A,D,22,N,06,E,,,,,I,Y,N,D,2,0,0,0,21750.0,2,34.41894877,-118.93264755,2
2012,2012-05-17,1722,5,1,17,4,Y,A,N,A,H,A,-,- ,,12,D,,,,,C,Y,N,A,1,0,0,0,21453.0,2,34.20198483,-119.14236236,4
2012,2012-05-09,1326,5,1,13,3,N,A,N,A,H,A,D,22,E,03,C,,,,,C,N,N,D,2,0,0,0,22350.0,3,34.2058847,-118.87904854,3
2012,2012-05-01,619,5,1,6,2,N,B,Y,B,H,A,D,22,N,08,E,,,,,I,Y,N,D,1,0,0,0,22107.0,1,34.18461487,-118.89621225,4
2012,2012-05-09,1715,5,1,17,3,N,A,Y,A,H,A,D,22,N,03,C,,,,,C,Y,N,D,2,0,0,0,22350.0,5,34.22642934,-119.16419503,4
2012,2012-05-07,1920,5,1,19,1,N,A,N,A,H,A,A,01,E,05,B,,,,Y,C,Y,N,D,1,0,0,0,21650.0,2,34.18985492,-119.15299958,3
2012,2012-05-05,542,5,1,5,6,Y,A,N,A,H,B,D,22,,01,E,,,,,I,Y,N,A,1,0,0,0,23152.0,1,34.17563489,-118.7876523,2
2012,2012-05-21,1215,5,1,12,1,N,A,N,A,H,A,D,22,S,03,B,,,,,C,N,N,D,1,0,0,0,22350.0,2,34.24141919,-119.21634899,3
2012,2012-05-20,2030,5,1,20,7,N,A,Y,A,H,B,D,22,E,08,E,,,,,I,Y,N,D,1,0,0,0,22107.0,1,34.39627873,-119.07741373,4
2012,2012-05-17,1700,5,1,17,4,N,A,Y,A,H,A,D,22,S,03,C,,,,,C,Y,N,D,4,0,0,0,22350.0,3,34.36374247,-119.30777812,4
2012,2012-05-14,1114,5,1,11,1,N,A,N,A,H,A,A,01,S,09,D,,,,,C,Y,N,A,1,0,0,0,21801.0,3,34.21750111,-119.05350234,3
2012,2012-05-12,942,5,1,9,6,Y,A,N,A,H,A,-,- ,,10,G,Y,,,,B,N,N,D,1,1,0,0,21950.0,2,34.15113482,-119.18623236,4
2012,2012-05-11,1455,5,1,14,5,N,A,N,A,H,A,-,- ,E,03,C,,,,,C,N,F,A,1,0,0,0,22350.0,2,34.16195389,-119.15142758,4
2012,2012-05-12,1404,5,1,14,6,Y,B,N,A,H,A,-,- ,,03,C,,,,,C,N,N,A,2,0,0,0,22350.0,2,34.18639493,-119.19506241,4
2012,2012-05-12,1627,5,1,16,6,Y,B,N,A,H,A,-,- ,,12,D,,,,,C,Y,N,A,1,0,0,0,21453.0,2,34.20041493,-119.17859239,4
2012,2012-05-12,1944,5,1,19,6,N,B,N,A,H,C,-,- ,S,05,A,,,,,C,N,N,A,1,0,0,0,21650.0,2,34.21522682,-119.15997326,4
2012,2012-05-15,1646,5,1,16,2,N,A,N,A,H,A,-,- ,S,04,C,,,,,C,Y,N,A,1,0,0,0,21703.0,4,34.22135191,-119.15841211,4
2012,2012-05-13,1240,5,1,12,7,Y,B,N,A,H,A,-,- ,,09,D,,,,,C,Y,N,D,8,0,0,0,21801.0,2,34.16796486,-119.15970245,3
2012,2012-05-13,1548,5,1,15,7,N,A,N,A,E,A,-,- ,E,08,E,,,,,I,Y,N,D,1,0,0,0,22107.0,1,34.20186388,-119.12407031,3
2012,2012-05-13,1734,5,1,17,7,Y,A,N,A,H,A,-,- ,,00,D,,,,,C,Y,N,A,3,0,0,0,,2,34.19514494,-119.19492246,4
2012,2012-05-13,2110,5,1,21,7,Y,B,N,A,H,C,-,- ,,09,A,,,,,C,Y,F,A,1,0,0,0,21801.0,2,34.17374483,-119.18118239,3
2012,2012-05-14,1525,5,1,15,1,N,A,N,A,H,A,-,- ,W,03,D,,,,,C,Y,N,D,4,0,0,0,22350.0,2,34.21717578,-119.20491843,3
2012,2012-05-15,1642,5,1,16,2,Y,A,N,A,H,A,-,- ,,09,B,,,,,C,Y,M,A,1,0,0,0,21801.0,2,34.16107489,-119.17783238,4
2012,2012-05-07,1715,5,1,17,1,N,-,N,A,H,A,-,- ,E,03,H,,,,,A,Y,N,A,1,0,0,0,22350.0,1,34.19026482,-119.18632024,2
2012,2012-05-12,755,5,1,7,6,N,B,N,A,H,A,-,- ,S,11,G,Y,,,,B,N,N,D,1,1,0,0,21954.0,2,34.16353758,-119.22175419,2
2012,2012-05-12,1300,5,1,13,6,Y,B,N,A,H,A,-,- ,,09,D,,,,,C,Y,N,A,1,0,0,0,21800.0,2,34.250346,-119.17458,4
2012,2012-05-13,1445,5,1,14,7,Y,A,N,A,H,A,A,07,,09,D,,,,,C,Y,N,A,3,0,0,0,21802.0,2,34.20717492,-118.84669239,4
2012,2012-05-14,747,5,1,7,1,N,A,N,A,H,A,A,07,E,05,A,,,,,E,N,N,D,5,0,0,0,21650.0,2,34.18800754,-118.78770411,3
2012,2012-05-15,813,5,1,8,2,Y,A,N,A,H,A,A,07,,09,D,,,,,C,Y,N,A,1,0,0,0,21802.0,2,34.17229484,-118.83635239,4
2012,2012-05-18,956,5,1,9,5,N,A,N,A,B,A,L,04,S,08,H,,Y,,,I,N,N,A,1,0,1,0,22107.0,1,34.19589318,-118.89161153,4
2012,2012-05-18,1529,5,1,15,5,N,A,Y,A,H,A,A,01,S,03,C,,,,,C,N,N,D,1,0,0,0,22350.0,3,34.15902487,-118.82697224,4
2012,2012-05-22,1546,5,1,15,2,N,A,N,A,H,A,A,01,S,03,C,,,,,C,Y,N,D,1,0,0,0,22350.0,3,34.2055501,-118.88724776,4
2012,2012-05-16,1335,5,1,13,3,N,A,Y,A,H,A,A,01,S,08,D,,,,,C,Y,N,D,1,0,0,0,22107.0,2,34.08476799,-119.05175108,4
2012,2012-05-15,1325,5,1,13,2,N,A,Y,A,H,A,A,07,W,09,D,,,,Y,C,Y,N,D,5,0,0,0,21804.0,2,34.26376487,-119.00933149,2
2012,2012-05-17,420,5,1,4,4,N,A,N,A,H,D,-,- ,E,18,E,,,,,I,N,N,D,1,0,0,0,,1,34.18977806,-119.15460348,4
2012,2012-05-20,2134,5,1,21,7,N,A,N,A,H,E,A,08,E,08,E,,,,,I,Y,N,D,2,0,0,0,22107.0,1,34.204302,-119.0957895,3
2012,2012-05-20,1110,5,1,11,7,N,A,Y,A,H,A,A,01,E,08,E,,,,,I,N,N,D,1,0,0,0,22107.0,1,34.42572986,-119.2890282,3
2012,2012-05-19,1620,5,1,16,6,N,A,Y,A,H,A,C,02,N,03,F,,,Y,,A,Y,N,A,1,0,0,1,22350.0,1,34.21810238,-119.05501331,3
2012,2012-05-17,1727,5,1,17,4,N,A,Y,A,H,A,A,01,S,03,C,,,,,C,Y,N,D,2,0,0,0,22350.0,2,34.21586486,-119.02656574,3
2012,2012-05-19,1405,5,1,14,6,N,A,N,A,H,A,A,01,E,03,C,,,,,C,N,N,A,1,0,0,0,22350.0,2,34.19968468,-118.86848063,4
2012,2012-05-23,1142,5,1,11,3,N,A,N,A,H,A,A,08,N,03,C,,,,,C,N,N,A,2,0,0,0,22350.0,2,34.21880479,-118.87551073,4
2012,2012-05-18,1230,5,1,12,5,N,A,N,-,A,A,A,01,W,09,D,,,,,C,Y,N,D,2,0,0,0,21804.0,2,34.28474252,-119.01694877,3
2012,2012-05-17,725,5,1,7,4,N,A,Y,A,H,A,F,27,E,08,D,,,,Y,C,Y,N,D,3,0,0,0,22107.0,3,34.26371487,-119.04941673,2
2012,2012-05-14,1119,5,1,11,1,N,A,N,A,H,A,A,01,S,13,G,Y,,,,B,Y,N,D,2,2,0,0,22515.0,3,34.21746543,-119.05350234,3
2012,2012-05-15,1204,5,1,12,2,N,A,N,A,H,A,A,08,N,10,G,Y,,,,B,N,N,A,1,1,0,0,21950.0,2,34.21954422,-119.03903147,3
2012,2012-05-11,1435,5,1,14,5,N,A,N,A,H,A,-,- ,N,03,C,,,,,C,N,N,D,1,0,0,0,22350.0,3,34.16679815,-119.17776942,4
2012,2012-05-18,1442,5,1,14,5,N,A,Y,A,H,A,-,- ,S,03,C,,,,,C,N,N,D,2,0,0,0,22350.0,3,34.23858591,-119.16821919,4
2012,2012-05-22,2137,5,1,21,2,Y,A,Y,A,H,C,-,- ,,12,D,,,,,C,N,N,A,1,0,0,0,21453.0,2,,,4
2012,2012-05-22,700,5,1,7,2,Y,A,Y,-,A,A,-,- ,,00,D,,,,,C,Y,N,A,1,0,0,0,,2,,,3
2012,2012-05-16,1643,5,1,16,3,Y,A,N,A,H,A,-,- ,,04,C,,,,,C,Y,N,A,1,0,0,0,21703.0,2,34.20849484,-119.22106231,4
2012,2012-05-12,1800,5,1,18,6,Y,B,N,A,H,A,-,- ,,12,D,,,,,C,Y,N,A,2,0,0,0,21453.0,2,34.19514493,-119.18866235,4
2012,2012-05-17,904,5,1,9,4,N,A,N,A,H,A,-,- ,S,21,C,,,,,C,N,N,D,1,0,0,0,22106.0,2,34.16814837,-119.18037357,4
2012,2012-05-17,1541,5,1,15,4,N,A,N,A,H,A,A,01,S,09,D,,,,,C,Y,N,D,1,0,0,0,21801.0,2,34.22621549,-119.14937536,4
2012,2012-05-18,1153,5,1,11,5,Y,A,N,A,H,A,A,01,,08,D,,,,,C,Y,N,A,4,0,0,0,22107.0,2,34.18254483,-119.16004237,4
2012,2012-05-18,1729,5,1,17,5,N,A,N,A,H,A,A,01,E,08,D,,,Y,,C,N,N,A,1,0,0,1,22107.0,2,34.2250098,-119.1546864,3
2012,2012-05-18,1945,5,1,19,5,N,A,N,-,-,-,A,01,W,08,C,,,,,E,Y,N,D,1,0,0,0,22107.0,3,34.18662495,-119.17839768,3
2012,2012-05-18,845,5,1,8,5,N,A,N,A,H,A,D,22,W,08,B,,,,,C,Y,N,A,1,0,0,0,22107.0,2,34.20845604,-119.20891312,4
2012,2012-05-19,1130,5,1,11,6,N,A,N,A,H,A,D,22,W,03,C,,,,,C,Y,N,D,2,0,0,0,22350.0,2,34.21900912,-119.16583532,4
2012,2012-05-19,1345,5,1,13,6,Y,A,N,A,H,A,L,04,,- ,H,,Y,,,G,N,N,D,1,0,1,0,,2,34.17847487,-119.19499239,3
2012,2012-05-19,1542,5,1,15,6,N,A,N,A,H,A,L,04,W,05,H,,Y,,,G,N,N,A,1,0,1,0,21650.0,2,34.20204527,-119.15663538,3
2012,2012-05-20,1840,5,1,18,7,Y,A,Y,A,H,A,A,07,,04,C,,,,,C,Y,N,A,1,0,0,0,21703.0,2,34.22544486,-119.1603323,4
2012,2012-05-21,1340,5,1,13,1,N,A,N,A,H,A,D,22,S,07,E,,,,,I,Y,N,D,1,0,0,0,21658.0,2,34.19473312,-119.19492573,4
2012,2012-05-21,1645,5,1,16,1,N,A,N,A,H,A,A,07,N,04,C,,,,,C,N,N,A,1,0,0,0,21703.0,2,34.22258181,-119.15849126,4
2012,2012-05-21,1745,5,1,17,1,Y,A,N,A,H,A,L,04,,12,H,,Y,,,G,N,N,A,1,0,1,0,21453.0,2,34.229997,-119.174661,3
2012,2012-05-01,144,5,1,1,2,N,B,N,B,H,C,A,07,W,08,E,,,,,I,Y,N,D,1,0,0,0,22107.0,1,34.17888126,-118.95723552,4
2012,2012-05-08,1507,5,1,15,2,N,A,N,A,H,A,L,04,W,01,H,,Y,,,A,N,N,D,1,0,1,0,21200.0,1,34.17920451,-118.86526543,3
2012,2012-05-09,1433,5,1,14,3,Y,A,Y,A,H,A,A,07,,09,H,,,,,C,Y,N,A,2,0,0,0,21801.0,2,34.17179484,-118.83222233,3
2012,2012-04-27,1141,4,1,11,5,N,A,N,A,H,A,A,08,W,03,C,,,,,C,Y,N,A,1,0,0,0,22350.0,3,34.16973767,-118.83694901,4
2012,2012-03-31,1940,3,1,19,6,N,C,Y,B,H,B,A,07,S,08,H,,Y,,,G,N,N,D,1,0,1,0,22107.0,2,34.18420487,-118.92179225,4
2012,2012-05-15,740,5,1,7,2,N,A,Y,A,H,A,A,01,N,03,C,,,,,C,N,N,D,1,0,0,0,22350.0,2,34.22205123,-119.1330166,4
2012,2012-05-26,1345,5,1,13,6,N,A,Y,A,H,A,A,01,N,03,C,,,,,C,N,N,D,2,0,0,0,22350.0,2,34.25446873,-119.21397493,4
2012,2012-05-26,1040,5,1,10,6,N,A,Y,A,H,A,A,01,E,03,C,,,,,C,Y,N,A,2,0,0,0,22350.0,2,34.26473915,-119.24242051,4
2012,2012-05-27,1540,5,1,15,7,N,A,Y,A,H,A,A,01,S,03,C,,,,,C,N,N,A,1,0,0,0,22350.0,2,34.26473915,-119.24242051,4
2012,2012-05-27,1750,5,1,17,7,N,A,Y,A,H,A,A,01,N,03,C,,,,,C,N,N,D,1,0,0,0,22350.0,2,34.21920292,-119.07159488,4
2012,2012-05-25,1540,5,1,15,5,N,A,Y,A,H,A,A,01,N,03,C,,,,,C,Y,N,D,2,0,0,0,22350.0,3,34.22185353,-119.10523545,4
2012,2012-05-19,1130,5,1,11,6,N,A,Y,A,H,A,C,02,S,08,F,,,Y,,A,Y,N,D,1,0,0,1,22107.0,1,34.07908319,-119.02730585,2
2012,2012-05-10,720,5,1,7,4,N,A,Y,A,H,A,A,01,E,07,E,,,,,I,Y,N,D,2,0,0,0,21658.0,1,34.35428295,-119.04971619,4
2012,2012-05-18,725,5,1,7,5,N,A,Y,A,H,A,D,22,E,03,C,,,,,C,Y,N,D,1,0,0,0,22350.0,2,34.26945781,-118.95152782,4
2012,2012-05-09,2045,5,1,20,3,N,A,Y,A,H,D,A,07,N,01,E,,,,,I,Y,N,D,2,0,0,0,23152.0,1,34.78438478,-119.43784769,2
2012,2012-05-24,2100,5,1,21,4,N,A,N,A,H,C,A,01,W,01,E,,,,,I,Y,F,A,2,0,0,0,23152.0,1,34.14661385,-119.20065701,3
2012,2012-05-07,808,5,1,8,1,Y,A,N,A,H,A,D,22,,09,D,,,,,C,Y,N,A,2,0,0,0,21802.0,2,34.26448495,-118.77063233,4
2012,2012-05-17,805,5,1,8,4,Y,A,N,A,H,A,A,07,,09,D,,,,,C,Y,N,D,1,0,0,0,21801.0,2,34.15490491,-119.19196238,4
2012,2012-04-26,2224,4,1,22,4,N,A,Y,A,D,D,A,07,N,03,C,,,,Y,C,Y,N,A,3,0,0,0,22350.0,4,34.19294704,-118.94662363,4
2012,2012-05-13,333,5,1,3,7,N,B,N,A,H,C,A,07,W,- ,E,,,,,I,Y,N,D,1,0,0,0,,1,34.17580802,-119.19557176,4
2012,2012-05-15,520,5,1,5,2,N,A,Y,A,H,B,G,25,S,08,B,,,,Y,C,Y,N,D,2,0,0,0,22107.0,2,34.17688929,-118.87077002,4
2012,2012-05-13,1834,5,1,18,7,N,A,Y,A,H,A,D,22,W,01,B,,,,,C,Y,M,D,1,0,0,0,23152.0,2,34.26658632,-118.63993221,3
2012,2012-05-13,2245,5,1,22,7,N,A,Y,A,H,D,D,22,W,03,C,,,,,C,N,N,D,1,0,0,0,22350.0,2,34.28178135,-118.70099052,4
2012,2012-05-06,821,5,1,8,7,N,A,Y,A,H,A,D,22,S,03,C,,,,,C,Y,N,D,2,0,0,0,22350.0,2,34.18432996,-118.90437916,3
2012,2012-05-23,1725,5,1,17,3,N,A,Y,A,H,A,D,22,W,03,C,,,,,C,Y,N,D,1,0,0,0,22350.0,2,34.28786795,-118.80110341,4
2012,2012-05-18,1045,5,1,10,5,Y,A,N,A,H,A,A,01,,09,D,,,,,C,Y,N,A,1,0,0,0,21802.0,2,34.21518489,-118.85713244,4
2012,2012-05-25,1413,5,1,14,5,N,A,N,A,H,A,A,07,W,03,C,,,,,C,N,N,A,2,0,0,0,22350.0,2,34.18248832,-118.9120158,4
2012,2012-05-26,1137,5,1,11,6,N,A,N,A,H,A,L,04,E,08,H,,Y,,,A,N,N,D,1,0,1,0,22107.0,1,34.17925202,-118.86104107,4
2012,2012-02-04,2300,2,4,23,6,N,A,N,A,H,C,-,- ,W,01,E,,,,,I,Y,N,A,1,0,0,0,23152.0,1,34.198128,-119.1811005,2