ACCIDENT_YEAR,COLLISION_DATE,COLLISION_TIME,MONTH,SEASON,24HOURS,DAY_OF_WEEK,INTERSECTION,WEATHER_1,STATE_HWY_IND,ROAD_SURFACE,ROAD_COND_1,LIGHTING,STWD_VEHTYPE_AT_FAULT,CHP_VEHTYPE_AT_FAULT,DIRECTION,PCF_VIOL_CATEGORY,TYPE_OF_COLLISION,PEDESTRIAN_ACCIDENT,BICYCLE_ACCIDENT,MOTORCYCLE_ACCIDENT,TRUCK_ACCIDENT,MVIW,TOW_AWAY,HIT_AND_RUN,CONTROL_DEVICE,NUMBER_INJURED,COUNT_PED_INJURED,COUNT_BICYCLIST_INJURED,COUNT_MC_INJURED,PCF_VIOLATION,PARTY_COUNT,POINT_Y,POINT_X,COLLISION_SEVERITY
2012,2012-07-16,545,7,2,5,1,N,A,Y,A,H,A,D,22,E,06,E,,,,,I,Y,F,D,1,0,0,0,21751.0,2,34.26376421,-119.00549683,3
2012,2012-07-21,1625,7,2,16,6,N,A,Y,A,H,A,D,22,S,03,C,,,,,C,Y,N,D,2,0,0,0,22350.0,3,34.21317486,-119.00585227,4
2012,2012-07-24,1835,7,2,18,2,Y,A,N,A,H,A,A,07,,12,D,,,,,C,Y,N,A,2,0,0,0,21453.0,2,34.27900493,-118.74390236,4
2012,2012-07-13,2004,7,2,20,5,N,A,N,A,H,B,L,04,S,03,F,,Y,,,E,N,N,D,1,0,1,0,22350.0,2,34.27802518,-118.74654229,3
2012,2012-07-14,1659,7,2,16,6,N,A,N,A,H,A,-,- ,W,08,D,,,,,C,Y,N,D,2,0,0,0,22103.0,2,34.26526419,-118.72658289,4
2012,2012-07-26,2118,7,2,21,4,Y,A,N,A,H,C,-,- ,,00,D,,,,,C,Y,N,A,1,0,0,0,,2,34.25162494,-118.82241234,4
2012,2012-07-27,1158,7,2,11,5,N,A,N,A,H,A,A,01,E,08,A,,,,Y,C,N,N,D,1,0,0,0,22107.0,2,34.17142676,-118.83520486,3
2012,2012-07-25,1142,7,2,11,3,Y,A,Y,A,H,A,A,01,,12,D,,,,,C,Y,N,A,2,0,0,0,21453.0,2,34.18575678,-118.86181049,2
2012,2012-07-29,1423,7,2,14,7,Y,A,N,A,H,A,D,22,,01,D,,,,,C,Y,N,A,1,0,0,0,23152.0,2,34.21782485,-119.03904239,3
2012,2012-07-20,1238,7,2,12,5,Y,A,N,A,H,A,A,08,,03,-,,,,,C,N,N,-,1,0,0,0,22350.0,2,34.21826491,-119.00520235,4
2012,2012-07-15,1520,7,2,15,7,N,A,Y,A,H,A,A,01,S,07,B,,,,,C,N,N,D,1,0,0,0,21658.0,2,34.15459487,-118.82718224,4
2012,2012-07-17,1416,7,2,14,2,N,A,Y,A,H,A,A,01,N,03,E,,,,,I,Y,N,A,1,0,0,0,22350.0,2,34.15501832,-118.82710179,4
2012,2012-07-22,1000,7,2,10,7,N,A,N,A,H,A,A,01,N,08,E,,,,,I,Y,N,D,2,0,0,0,22107.0,1,34.1994455,-118.81394052,3
2012,2012-07-29,1141,7,2,11,7,N,A,Y,A,H,A,A,01,E,03,C,,,,,C,N,N,A,1,0,0,0,22350.0,2,34.15467487,-118.82712224,4
2012,2012-07-29,1620,7,2,16,7,Y,A,N,A,H,A,A,01,,09,D,,,,,C,Y,N,A,2,0,0,0,21800.0,2,34.17702487,-118.84369235,4
2012,2012-07-27,1735,7,2,17,5,N,A,Y,A,H,A,D,22,N,03,C,,,,,C,N,N,D,3,0,0,0,22350.0,3,34.21588398,-119.02371864,4
2012,2012-07-26,1815,7,2,18,4,N,A,Y,A,H,A,C,02,N,03,C,,,Y,,C,Y,N,D,1,0,0,1,22350.0,2,34.21804103,-119.05428379,4
2012,2012-07-25,1720,7,2,17,3,N,A,Y,A,H,A,A,07,N,03,C,,,,,C,Y,N,D,1,0,0,0,22350.0,3,34.21808295,-119.05477016,4
2012,2012-07-15,540,7,2,5,7,N,B,Y,A,H,B,D,22,W,08,E,,,,,I,Y,N,D,1,0,0,0,22107.0,1,34.33671038,-119.08350572,3
2012,2012-07-24,1410,7,2,14,2,N,A,N,A,H,A,A,01,S,07,B,,,,Y,C,Y,N,A,1,0,0,0,21658.0,2,34.23891569,-119.12605149,4
2012,2012-07-30,2011,7,2,20,1,Y,B,N,A,H,C,-,- ,,12,D,,,,,C,Y,F,A,1,0,0,0,21453.0,2,34.20626486,-119.14232239,4
2012,2012-07-12,1541,7,2,15,4,N,A,Y,A,H,A,D,22,S,03,C,,,,,C,Y,F,D,1,0,0,0,22350.0,3,34.21762004,-119.04621677,4
2012,2012-07-20,1319,7,2,13,5,N,A,N,A,H,A,A,07,S,03,C,,,,,C,Y,N,D,1,0,0,0,22350.0,2,34.16881344,-118.97272825,4
2012,2012-07-29,1015,7,2,10,7,N,A,N,A,H,A,A,01,E,08,D,,,,,C,Y,N,D,2,0,0,0,22107.0,2,34.26492354,-118.72888547,4
2012,2012-07-11,1208,7,2,12,3,N,A,N,A,H,A,N,60,N,11,G,Y,,,,B,Y,N,D,3,1,0,0,21950.0,2,34.23231227,-119.03905233,2
2012,2012-07-19,1956,7,2,19,4,N,A,N,A,H,A,N,60,E,11,G,Y,,,,B,N,N,D,1,1,0,0,21954.0,2,34.21836483,-119.03738313,3
2012,2012-07-18,1626,7,2,16,3,N,B,N,A,H,A,-,- ,E,04,C,,,,,C,N,N,A,1,0,0,0,21703.0,2,34.20041789,-119.17846027,3
2012,2012-07-18,1627,7,2,16,3,N,B,N,A,H,A,-,- ,E,08,H,,,,,A,N,N,A,1,0,0,0,22107.0,1,34.20041774,-119.17846688,3
2012,2012-07-27,1633,7,2,16,5,Y,A,N,A,H,A,A,08,,09,D,,,,,C,Y,N,A,1,0,0,0,21801.0,2,34.22817492,-119.16832236,3
2012,2012-07-31,730,7,2,7,2,Y,B,N,A,H,A,-,- ,,12,D,,,,,C,Y,N,A,2,0,0,0,21453.0,2,34.242174,-119.17215,4
2012,2012-07-31,1625,7,2,16,2,Y,A,N,A,H,A,-,- ,,09,B,,,,,C,Y,N,A,4,0,0,0,21801.0,2,34.17736488,-119.17764241,3
2012,2012-07-31,1840,7,2,18,2,N,A,N,A,H,A,-,- ,W,03,G,Y,,,,B,N,N,A,1,1,0,0,22350.0,2,34.21101482,-119.1465819,2
2012,2012-08-01,1754,8,2,17,3,Y,A,N,A,H,A,-,- ,,03,C,,,,,C,Y,N,A,2,0,0,0,22350.0,3,34.20055491,-119.15988236,4
2012,2012-07-28,750,7,2,7,6,Y,A,N,A,H,A,-,- ,,09,D,,,,,C,Y,N,A,1,0,0,0,21801.0,2,34.20291489,-119.19482241,3
2012,2012-07-27,2000,7,2,20,5,N,A,N,A,H,B,-,- ,W,03,C,,,,,C,Y,F,A,1,0,0,0,22350.0,2,34.19043971,-119.22122769,4
2012,2012-07-26,1215,7,2,12,4,N,A,N,A,H,A,D,22,E,03,C,,,,,C,N,F,A,1,0,0,0,22350.0,2,34.18271425,-118.88385441,4
2012,2012-07-29,2015,7,2,20,7,N,B,Y,A,H,A,A,01,S,01,B,,,,,C,Y,N,D,2,0,0,0,23152.0,3,34.34268559,-119.41562265,3
2012,2012-07-26,1621,7,2,16,4,N,A,N,A,H,A,C,02,E,03,F,,,Y,,A,Y,N,D,1,0,0,1,22350.0,1,34.33871596,-119.1024393,4
2012,2012-07-22,1245,7,2,12,7,N,A,N,A,H,A,A,01,S,08,F,,,,,A,Y,N,D,1,0,0,0,22107.0,1,34.32804263,-118.9778067,4
2012,2012-07-19,1310,7,2,13,4,N,A,N,A,H,A,A,07,N,08,E,,,,,I,Y,N,D,1,0,0,0,22107.0,1,34.37379438,-119.14856058,3
2012,2012-07-22,1545,7,2,15,7,N,A,N,A,H,A,A,01,W,08,E,,,,,I,Y,N,D,1,0,0,0,22107.0,1,34.24712963,-119.06156598,3
2012,2012-07-16,1950,7,2,19,1,N,A,Y,A,H,A,A,01,E,08,D,,,,,C,Y,N,D,2,0,0,0,22107.0,2,34.29788633,-119.14272093,3
2012,2012-07-27,1802,7,2,18,5,N,A,N,A,H,A,-,- ,S,09,D,,,,,C,Y,N,A,2,0,0,0,21801.0,2,34.16025141,-119.18056374,4
2012,2012-07-26,1755,7,2,17,4,N,A,N,A,H,A,A,01,W,03,C,,,,,C,N,N,D,1,0,0,0,22350.0,2,34.18974482,-119.1425884,4
2012,2012-07-29,1000,7,2,10,7,N,A,Y,A,H,A,A,07,W,08,F,,,,,A,Y,N,D,1,0,0,0,22107.0,1,34.19675245,-119.12050377,4
2012,2012-07-26,1720,7,2,17,4,N,A,Y,A,H,A,A,01,S,03,C,,,,,C,Y,N,D,2,0,0,0,22350.0,3,34.22195486,-119.12132792,4
2012,2012-07-19,1745,7,2,17,4,N,A,Y,A,H,A,A,07,S,03,C,,,,,C,Y,N,A,1,0,0,0,22350.0,2,34.34171176,-119.41211611,3
2012,2012-07-26,1310,7,2,13,4,N,A,Y,A,H,A,A,01,E,09,D,,,,,C,Y,N,D,2,0,0,0,21801.0,2,34.29428751,-119.34037446,4
2012,2012-07-28,1350,7,2,13,6,N,A,Y,A,H,A,C,02,N,03,E,,,Y,,I,Y,N,A,1,0,0,1,22350.0,1,34.49673488,-119.30162234,4
2012,2012-08-01,1145,8,2,11,3,N,A,Y,A,H,A,A,01,N,08,E,,,,,I,Y,N,D,3,0,0,0,22107.0,1,34.4899802,-119.30553479,4
2012,2012-08-03,1503,8,2,15,5,N,B,Y,B,H,A,A,01,E,09,H,,,,Y,C,Y,N,D,1,0,0,0,21801.0,2,34.27902488,-118.88362599,3
2012,2012-08-01,1214,8,2,12,3,N,A,Y,A,E,A,A,08,N,08,C,,,,,C,Y,N,A,1,0,0,0,22107.0,2,34.27925653,-118.88215175,4
2012,2012-07-23,1040,7,2,10,1,Y,A,N,A,H,A,D,22,,09,H,,,,,C,Y,N,D,1,0,0,0,21801.0,2,34.2651649,-118.88642238,4
2012,2012-07-16,2123,7,2,21,1,N,A,N,A,H,C,A,01,W,01,C,,,,,E,Y,M,D,1,0,0,0,23152.0,2,34.27842559,-118.90198607,3
2012,2012-07-21,157,7,2,1,6,Y,A,N,-,H,C,-,- ,,01,D,,,,,C,Y,N,A,1,0,0,0,23152.0,3,34.19901485,-119.17860249,4
2012,2012-08-04,1917,8,2,19,6,Y,A,N,A,H,A,-,- ,,09,D,,,,,C,N,N,A,1,0,0,0,21801.0,2,34.20839492,-119.19477245,2
2012,2012-08-06,1830,8,2,18,1,N,A,N,A,H,A,L,04,N,03,E,,Y,,,G,N,N,D,1,0,1,0,22350.0,2,34.18582926,-119.17072216,2
2012,2012-08-02,1515,8,2,15,4,Y,A,N,A,H,A,-,- ,,09,A,,,,,C,Y,N,A,1,0,0,0,21801.0,2,34.21896483,-119.15399248,4
2012,2012-08-02,1609,8,2,16,4,Y,A,N,A,H,A,-,- ,,12,D,,,,,C,Y,N,A,1,0,0,0,21453.0,2,34.19004485,-119.17107237,4
2012,2012-08-02,1832,8,2,18,4,N,A,N,A,H,A,-,- ,E,03,C,,,,,C,N,N,A,2,0,0,0,22350.0,2,34.21919482,-119.18067411,4
2012,2012-08-03,1530,8,2,15,5,Y,A,N,A,H,A,-,- ,,08,D,,,,,C,Y,N,A,4,0,0,0,22107.0,3,34.21098488,-119.14226245,4
2012,2012-08-03,1849,8,2,18,5,N,A,N,A,H,A,-,- ,W,04,C,,,,,C,N,F,A,1,0,0,0,21703.0,2,34.15471576,-119.18069065,3
2012,2012-08-04,1722,8,2,17,6,N,A,N,A,H,A,-,- ,N,03,E,,,,,I,N,N,D,1,0,0,0,22350.0,1,34.17642507,-119.18132384,4
2012,2012-08-04,2205,8,2,22,6,N,A,N,A,H,D,-,- ,E,08,B,Y,,,,B,N,F,A,1,1,0,0,22107.0,2,34.20299416,-119.20786629,3
2012,2012-08-15,1340,8,2,13,3,Y,A,N,A,H,A,-,- ,,09,D,,,,,C,Y,N,D,2,0,0,0,21801.0,2,34.17554491,-119.19233248,3
2012,2012-08-06,1220,8,2,12,1,N,A,Y,A,H,A,-,- ,S,09,D,,,,,C,N,N,D,2,0,0,0,21804.0,2,34.18500368,-119.17151135,4
2012,2012-08-06,1658,8,2,16,1,N,A,N,A,H,A,-,- ,E,21,C,,,,,C,N,N,A,1,0,0,0,22106.0,3,34.21934249,-119.19418706,3
2012,2012-07-26,1703,7,2,17,4,N,A,N,A,H,A,C,02,S,09,B,,,Y,,C,N,N,D,1,0,0,1,21804.0,2,34.20516295,-118.93167206,2
2012,2012-07-29,1352,7,2,13,7,Y,A,Y,A,H,A,A,01,,- ,D,,,,,C,Y,N,A,1,0,0,0,,2,34.18594057,-118.93052555,3
2012,2012-06-14,157,6,2,1,4,N,A,N,A,H,C,-,- ,N,- ,B,,,Y,,E,Y,N,D,1,0,0,1,,3,34.20515207,-119.18796058,2
2012,2012-07-20,1131,7,2,11,5,N,A,N,A,H,A,-,- ,S,18,C,,,,,C,Y,N,A,5,0,0,0,,4,34.2175989,-119.06987715,4
2012,2012-08-05,2033,8,2,20,7,Y,A,N,A,H,C,A,01,,12,D,,,,,C,Y,N,A,1,0,0,0,21453.0,2,34.21949491,-119.03903233,4
2012,2012-07-21,855,7,2,8,6,N,A,N,A,H,A,A,01,N,09,H,,Y,,,G,N,N,A,1,0,1,0,21801.0,2,34.19496211,-118.8722701,4
2012,2012-07-16,1759,7,2,17,1,N,A,N,A,H,A,-,- ,W,03,C,,,,,C,Y,N,A,1,0,0,0,22350.0,3,34.27535394,-119.27523189,3
2012,2012-07-16,742,7,2,7,1,Y,A,Y,A,H,A,L,04,,05,D,,Y,,,G,N,N,A,1,0,1,0,21650.0,2,34.26038486,-119.22684231,3
2012,2012-07-24,1534,7,2,15,2,N,A,Y,A,H,A,-,- ,S,08,D,,,,,C,Y,F,D,1,0,0,0,22100.0,2,34.18500368,-119.17151135,4
2012,2012-07-25,1435,7,2,14,3,Y,A,N,A,H,A,-,- ,,03,C,,,,,C,N,N,D,1,0,0,0,22350.0,2,34.17324485,-119.1512524,3
2012,2012-07-25,1700,7,2,17,3,N,A,N,A,H,A,-,- ,S,04,C,,,,,C,N,N,D,1,0,0,0,21703.0,2,34.22748407,-119.17665081,4
2012,2012-08-05,1400,8,2,14,7,N,A,Y,A,H,A,A,07,S,03,C,,,,,C,N,N,D,2,0,0,0,22350.0,3,34.25970143,-119.2253036,4
2012,2012-08-04,1440,8,2,14,6,N,A,Y,A,H,A,D,22,S,03,C,,,,,C,Y,N,D,4,0,0,0,22350.0,3,34.25848251,-119.22264078,4
2012,2012-07-25,1315,7,2,13,3,N,A,Y,A,H,A,D,22,N,01,E,,,,,I,Y,N,D,1,0,0,0,23152.0,2,34.25675681,-119.21926932,4
2012,2012-08-01,2040,8,2,20,3,N,A,N,A,H,D,D,22,S,09,D,,,Y,,C,N,N,D,1,0,0,1,21801.0,2,34.43501529,-119.28960474,3
2012,2012-08-02,857,8,2,8,4,N,A,Y,A,H,A,A,08,E,08,C,,,,,E,Y,N,D,1,0,0,0,22107.0,2,34.35326533,-119.05136682,4
2012,2012-08-07,547,8,2,5,2,N,A,N,A,H,B,D,22,E,09,F,,,Y,,C,N,N,D,1,0,0,1,21804.0,2,34.17618482,-119.08592273,3
2012,2012-08-05,755,8,2,7,7,N,A,Y,A,H,A,-,- ,S,07,B,,,,,C,Y,N,D,3,0,0,0,21658.0,2,34.20898836,-118.99412764,3
2012,2012-08-04,109,8,2,1,6,N,A,Y,A,H,C,G,25,N,08,G,Y,,,Y,B,N,F,D,1,1,0,0,22107.0,2,34.21819306,-119.05894209,3
2012,2012-07-25,1452,7,2,14,3,N,A,N,A,H,A,A,01,E,09,D,,,,,C,Y,N,D,1,0,0,0,21804.0,2,34.27165485,-118.72988776,4
2012,2012-07-12,1956,7,2,19,4,N,A,N,A,H,B,-,- ,W,03,C,,,,,C,Y,N,D,2,0,0,0,22350.0,2,34.26210371,-118.74028069,4
2012,2012-07-30,1853,7,2,18,1,N,A,N,A,H,A,-,- ,E,01,E,,,,,I,Y,N,D,1,0,0,0,23152.0,2,34.25535423,-118.7661767,3
2012,2012-07-23,1524,7,2,15,1,Y,A,N,A,H,A,A,01,,09,D,,,Y,,C,Y,N,A,1,0,0,1,21802.0,2,34.267338,-118.6349805,2
2012,2012-07-27,1221,7,2,12,5,Y,A,N,A,H,A,D,22,,09,B,,,,,C,Y,N,A,3,0,0,0,21801.0,2,34.28091,-118.7904195,3
2012,2012-08-01,1637,8,2,16,3,N,A,Y,A,H,A,A,01,S,03,C,,,,,C,Y,N,D,1,0,0,0,22350.0,2,34.21763486,-119.04779759,4
2012,2012-07-30,2340,7,2,23,1,N,A,Y,A,H,C,A,01,S,08,B,,,,,E,Y,N,D,1,0,0,0,22107.0,3,34.37037271,-119.30684893,3
2012,2012-08-09,2200,8,2,22,4,N,A,N,A,H,C,D,,W,01,D,,,,Y,C,Y,N,D,1,0,0,0,23152.0,2,34.26245342,-119.23403865,3
2012,2012-07-21,1230,7,2,12,6,N,A,N,A,H,A,C,02,W,08,F,,,Y,,A,Y,N,D,1,0,0,1,22107.0,2,34.14319863,-118.90290259,3
2012,2012-07-24,835,7,2,8,2,N,A,Y,A,D,A,A,01,E,03,C,,,,,C,Y,N,D,1,0,0,0,22350.0,5,34.28212433,-118.73972274,3
2012,2012-07-18,1705,7,2,17,3,N,B,Y,A,H,A,A,01,N,03,C,,,,,C,Y,M,D,1,0,0,0,22350.0,3,34.18426399,-118.91265413,4
2012,2012-07-31,1620,7,2,16,2,N,A,Y,A,H,A,G,25,N,03,C,,,,Y,C,N,N,D,1,0,0,0,22350.0,2,34.17644322,-118.86244476,4
2012,2012-07-28,1030,7,2,10,6,N,A,Y,A,H,A,A,01,N,08,D,,,,,C,Y,N,D,1,0,0,0,22107.0,2,34.18474487,-118.89554225,4
2012,2012-06-25,1918,6,2,19,1,N,A,Y,A,H,A,G,25,E,03,B,,,,Y,C,Y,N,D,3,0,0,0,22350.0,2,34.26985836,-118.9489529,3
2012,2012-07-18,2243,7,2,22,3,N,A,Y,A,H,D,D,22,E,03,C,,,,,C,Y,N,D,2,0,0,0,22350.0,2,34.2824349,-118.75463698,3
2012,2012-08-10,845,8,2,8,5,N,A,N,A,H,A,-,- ,S,04,C,,,,,C,N,N,A,1,0,0,0,21703.0,2,34.17343365,-119.17768235,4
2012,2012-08-09,2016,8,2,20,4,Y,A,Y,A,H,C,-,- ,,04,C,,,,,C,Y,N,A,1,0,0,0,21703.0,2,34.24412949,-119.16402081,3
2012,2012-08-06,1310,8,2,13,1,Y,A,N,A,H,A,A,01,,09,H,,,,,C,Y,N,A,1,0,0,0,21801.0,3,34.15261493,-118.82334232,4
2012,2012-08-03,1121,8,2,11,5,Y,A,N,A,H,A,A,01,,12,D,,,,,C,Y,N,A,1,0,0,0,21453.0,2,34.18492485,-118.7860124,4
2012,2012-08-03,1145,8,2,11,5,Y,B,N,A,H,A,A,01,,09,H,,,,,C,Y,N,A,1,0,0,0,21801.0,2,34.19942494,-118.86410244,4
2012,2012-08-09,844,8,2,8,4,Y,A,N,A,H,A,-,- ,,04,C,,,,,C,N,N,A,4,0,0,0,21703.0,2,34.17574491,-119.19510246,4
2012,2012-07-24,1043,7,2,10,2,N,A,N,A,H,A,-,- ,N,09,B,,,,,C,Y,N,D,1,0,0,0,21804.0,2,34.17104373,-119.17771639,4
2012,2012-07-21,955,7,2,9,6,-,A,N,A,H,A,-,- ,E,- ,E,Y,,,,B,Y,N,D,2,1,0,0,,2,34.272411,-119.25305821,3
2012,2012-07-31,1556,7,2,15,2,N,A,N,A,H,A,A,01,E,08,C,,,,,E,Y,N,D,2,0,0,0,22107.0,3,34.17022601,-118.83757387,3
2012,2012-07-20,1510,7,2,15,5,Y,A,N,A,H,A,A,07,,03,E,,,,,I,Y,N,A,1,0,0,0,22350.0,1,34.19303495,-118.87287235,3
2012,2012-07-29,1840,7,2,18,7,N,A,N,A,H,A,A,08,W,03,C,,,,,C,N,F,A,1,0,0,0,22350.0,2,34.19977515,-118.86867381,4
2012,2012-07-31,1745,7,2,17,2,N,A,Y,A,H,A,A,01,S,07,B,,,Y,,C,N,N,D,2,0,0,1,21658.0,2,34.21762341,-119.04639521,3
2012,2012-08-02,1435,8,2,14,4,N,A,N,A,H,A,A,01,W,09,D,,,,,C,Y,N,D,2,0,0,0,21804.0,2,34.22173761,-119.06815627,3
2012,2012-08-08,46,8,2,0,3,Y,A,N,A,H,C,D,22,,01,E,,,,,I,Y,N,D,1,0,0,0,23152.0,1,34.23075487,-119.06334238,3
2012,2012-07-05,1715,7,2,17,4,N,A,N,A,H,A,D,22,N,01,E,,,,,I,Y,N,D,2,0,0,0,23152.0,1,34.31161432,-118.96021264,2
2012,2012-08-14,1640,8,2,16,2,N,A,Y,A,H,A,D,22,S,03,C,,,,,C,Y,N,D,1,0,0,0,22350.0,2,34.20702665,-118.99136907,4
2012,2012-08-14,1630,8,2,16,2,N,A,Y,A,H,A,D,22,E,03,C,,,,,C,Y,N,D,3,0,0,0,22350.0,4,34.27177644,-119.21004248,3
2012,2012-08-14,551,8,2,5,2,Y,A,N,A,H,B,M,46,,08,D,,,,Y,C,Y,N,A,1,0,0,0,22107.0,2,34.14725487,-119.14895242,2
2012,2012-08-30,1230,8,2,12,4,Y,A,Y,A,H,A,A,01,,12,D,,,,Y,C,Y,N,A,1,0,0,0,21453.0,2,34.19661486,-119.10464229,2
2012,2012-08-28,820,8,2,8,2,N,A,N,A,H,A,-,- ,S,21,C,,,,,C,Y,N,A,1,0,0,0,22106.0,2,34.20780897,-119.19235236,4
2012,2012-08-27,1725,8,2,17,1,N,A,Y,A,H,A,A,01,E,03,B,,,,Y,C,Y,N,D,1,0,0,0,22350.0,3,34.2933105,-119.15014623,4
2012,2012-08-20,1801,8,2,18,1,N,A,Y,A,H,D,A,01,N,03,C,,,,Y,C,Y,N,D,1,0,0,0,22350.0,2,34.19969136,-118.95715681,3
2012,2012-08-08,1415,8,2,14,3,N,A,Y,A,H,E,A,01,N,08,E,,,,Y,I,Y,N,D,3,0,0,0,22107.0,5,34.26222175,-119.23112092,3
2012,2012-08-22,1455,8,2,14,3,N,A,Y,A,H,A,F,26,E,07,B,,,,Y,C,Y,N,D,3,0,0,0,21658.0,3,34.28115838,-118.67148168,3
2012,2012-06-06,818,6,2,8,3,N,A,Y,A,H,A,G,27,N,03,C,,,,Y,C,Y,N,D,2,0,0,0,22350.0,2,34.22205123,-119.1330166,3
2012,2012-09-07,817,9,3,8,5,N,A,N,A,H,A,I,11,N,04,C,,,,,C,N,N,A,1,0,0,0,21703.0,2,34.1905991,-119.19499236,4
2012,2012-09-13,618,9,3,6,4,N,A,Y,A,H,B,D,22,N,07,E,,,,,I,Y,N,D,1,0,0,0,21658.0,2,34.28506148,-119.32170136,4
2012,2012-09-10,1504,9,3,15,1,N,A,N,A,H,A,-,- ,W,03,C,,,,,C,Y,N,A,5,0,0,0,22350.0,3,34.21919482,-119.18103756,3
2012,2012-09-14,1136,9,3,11,5,Y,A,N,A,H,A,D,22,,12,D,,,,,C,Y,N,A,1,0,0,0,21453.0,3,34.19493493,-118.87229233,4
2012,2012-07-20,20,7,2,0,5,N,A,N,A,H,D,A,01,W,01,E,,,,,I,Y,N,A,1,0,0,0,23152.0,1,34.21688587,-119.09590065,3
2012,2012-09-17,1825,9,3,18,1,N,A,Y,A,H,A,D,22,S,07,B,,,,,C,Y,N,D,1,0,0,0,21658.0,2,34.20131487,-118.96968227,4
2012,2012-09-17,1723,9,3,17,1,N,A,Y,A,H,A,G,27,N,07,B,,,,Y,C,Y,N,D,1,0,0,0,21658.0,2,34.26378183,-119.24485836,4
2012,2012-09-17,725,9,3,7,1,N,A,N,A,H,A,A,07,W,03,C,,,,,C,Y,N,D,3,0,0,0,22350.0,4,34.15493,-119.19357,4
2012,2012-09-28,1016,9,3,10,5,N,A,Y,A,H,A,D,22,E,03,C,,,,Y,C,Y,N,A,1,0,0,0,22350.0,2,34.26473915,-119.24242051,4
2012,2012-09-04,1240,9,3,12,2,N,A,Y,A,H,A,A,01,W,08,E,,,,,I,Y,N,D,1,0,0,0,22107.0,1,34.28179704,-118.68383202,3
2012,2012-09-01,350,9,3,3,6,N,A,Y,A,H,D,A,01,S,01,C,,,,,C,Y,N,D,1,0,0,0,23152.0,2,34.25544074,-118.84031812,3
2012,2012-09-08,2356,9,3,23,6,N,A,Y,A,H,C,A,01,E,01,C,,,,,C,Y,N,D,5,0,0,0,23152.0,2,34.28180489,-118.70967893,3
2012,2012-09-03,340,9,3,3,1,N,A,Y,A,H,D,A,01,W,01,F,,,,,A,Y,N,D,1,0,0,0,23152.0,1,34.28244489,-118.78264716,3
2012,2012-09-17,932,9,3,9,1,N,A,Y,A,D,A,A,01,N,08,E,,,,,I,Y,N,D,1,0,0,0,22107.0,1,34.19052487,-118.94136226,4
2012,2012-09-07,1255,9,3,12,5,N,A,Y,A,H,A,A,01,E,08,E,,,,,I,Y,N,D,1,0,0,0,22107.0,1,34.28244489,-118.76202169,4
2012,2012-09-06,914,9,3,9,4,N,A,N,A,H,A,A,08,E,08,B,,Y,,,G,N,N,A,1,0,1,0,22107.0,2,34.24144967,-118.88672533,3
2012,2012-09-07,1745,9,3,17,5,N,A,Y,A,H,A,A,01,N,03,C,,,,,C,N,N,D,2,0,0,0,22350.0,3,34.18438854,-118.89990047,4
2012,2012-09-08,1458,9,3,14,6,N,A,Y,A,H,A,C,02,S,03,F,,,Y,,A,Y,N,D,1,0,0,1,22350.0,1,34.16295811,-118.83294996,3
2012,2012-09-01,1240,9,3,12,6,N,A,Y,A,H,A,A,01,W,08,C,,Y,,,G,N,N,D,1,0,1,0,22107.0,2,34.26799917,-118.96097647,3
2012,2012-09-01,935,9,3,9,6,N,A,N,A,H,A,L,04,S,08,D,,Y,,,G,N,N,D,2,0,2,0,22107.0,2,34.14568684,-118.92810354,3
2012,2012-07-27,1900,7,2,19,5,N,A,Y,A,H,A,A,01,W,03,C,,,,,C,Y,N,A,3,0,0,0,22350.0,3,34.27887488,-118.88254927,4
2012,2012-07-15,1312,7,2,13,7,N,A,Y,A,H,C,A,01,S,01,C,,,,,C,N,N,D,1,0,0,0,23152.0,2,34.27888488,-118.87472226,4
2012,2012-10-03,1820,10,3,18,3,N,A,Y,A,H,B,A,07,N,03,C,,,,,C,Y,N,D,2,0,0,0,22350.0,3,34.24996837,-119.20601437,4
2012,2012-10-01,1530,10,3,15,1,Y,A,Y,A,H,A,D,22,,03,C,Y,,,,C,Y,N,A,3,1,0,0,22350.0,3,34.36664365,-119.30641645,2
2012,2012-09-25,1820,9,3,18,2,N,A,Y,A,H,A,D,22,W,03,C,,,,,C,Y,N,D,1,0,0,0,22350.0,2,34.36013934,-119.04159357,4
2012,2012-09-24,757,9,3,7,1,N,A,Y,A,H,A,D,22,W,03,C,,,,,C,Y,N,A,1,0,0,0,22350.0,2,34.29150366,-119.15346519,4
2012,2012-09-27,1404,9,3,14,4,N,A,N,A,H,A,A,01,N,08,B,,,,,E,N,N,D,1,0,0,0,22107.0,2,34.22002114,-118.86464184,3
2012,2012-08-22,1353,8,2,13,3,N,A,N,A,H,A,-,- ,N,00,E,,,,,I,Y,N,D,1,0,0,0,,1,34.24892761,-118.81200982,4
2012,2012-09-18,1006,9,3,10,2,N,A,Y,A,H,A,D,22,E,21,C,,,,,C,N,N,A,1,0,0,0,22106.0,2,34.20544486,-119.03456228,4
2012,2012-09-01,1524,9,3,15,6,N,A,Y,A,H,A,D,22,W,09,H,,,,,C,Y,N,D,3,0,0,0,21801.0,2,34.39881916,-118.90542829,4
2012,2012-08-17,1750,8,2,17,5,N,A,Y,A,H,A,D,22,N,07,B,,,Y,,C,N,N,D,1,0,0,1,21658.0,2,34.18444568,-118.9138222,3
2012,2012-09-16,1358,9,3,13,7,Y,A,N,A,H,A,A,01,,09,H,,,,,C,Y,N,A,2,0,0,0,21801.0,2,34.2334849,-119.05157234,4
2012,2012-09-17,1324,9,3,13,1,N,A,N,A,H,A,A,01,S,08,-,,,,,C,Y,N,D,1,0,0,0,22107.0,2,34.23849444,-118.96909931,4
2012,2012-09-18,1812,9,3,18,2,N,A,N,A,H,A,A,01,W,08,C,,,,,E,Y,N,D,1,0,0,0,22107.0,2,34.26444485,-118.78826706,3