ACCIDENT_YEAR,COLLISION_DATE,COLLISION_TIME,MONTH,SEASON,24HOURS,DAY_OF_WEEK,INTERSECTION,WEATHER_1,STATE_HWY_IND,ROAD_SURFACE,ROAD_COND_1,LIGHTING,STWD_VEHTYPE_AT_FAULT,CHP_VEHTYPE_AT_FAULT,DIRECTION,PCF_VIOL_CATEGORY,TYPE_OF_COLLISION,PEDESTRIAN_ACCIDENT,BICYCLE_ACCIDENT,MOTORCYCLE_ACCIDENT,TRUCK_ACCIDENT,MVIW,TOW_AWAY,HIT_AND_RUN,CONTROL_DEVICE,NUMBER_INJURED,COUNT_PED_INJURED,COUNT_BICYCLIST_INJURED,COUNT_MC_INJURED,PCF_VIOLATION,PARTY_COUNT,POINT_Y,POINT_X,COLLISION_SEVERITY
2012,2012-09-12,900,9,3,9,3,N,A,N,B,H,A,-,- ,N,08,E,,,,,I,N,N,D,1,0,0,0,22107.0,1,34.16029971,-119.15959235,3
2012,2012-09-12,640,9,3,6,3,Y,A,N,B,H,C,-,- ,,08,D,,,,,C,Y,N,A,1,0,0,0,22107.0,2,34.20839492,-119.19477245,3
2012,2012-09-17,1530,9,3,15,1,N,A,Y,A,H,A,A,07,N,03,C,,,,,C,Y,N,D,1,0,0,0,22350.0,2,34.36808497,-119.30658793,4
2012,2012-09-04,220,9,3,2,2,N,A,Y,A,H,D,A,01,S,08,E,,,,,I,Y,N,D,1,0,0,0,22107.0,1,34.21588486,-119.01686122,4
2012,2012-09-12,600,9,3,6,3,N,A,N,B,H,C,-,- ,S,08,E,,,,,I,Y,N,D,1,0,0,0,22107.0,1,34.20825758,-119.19477236,3
2012,2012-09-07,732,9,3,7,5,Y,A,N,A,H,A,-,- ,,12,D,,,,,C,Y,N,A,2,0,0,0,21453.0,2,34.17574491,-119.19510246,4
2012,2012-09-12,1236,9,3,12,3,N,A,N,A,H,A,-,- ,W,04,C,,,,,C,Y,N,A,1,0,0,0,21703.0,2,34.15477481,-119.17792537,4
2012,2012-10-19,1107,10,3,11,5,Y,A,N,A,H,A,A,01,,09,A,,,,,C,Y,N,A,1,0,0,0,21801.0,2,34.27902493,-118.76141235,4
2012,2012-10-29,735,10,3,7,1,N,A,N,A,H,A,-,- ,S,18,E,Y,,,,I,N,N,D,1,1,0,0,,2,34.39622368,-119.30171459,4
2012,2012-09-10,1535,9,3,15,1,N,A,N,A,H,A,A,01,N,03,C,,,,,C,Y,N,D,1,0,0,0,22350.0,2,34.21621344,-118.8684223,3
2012,2012-09-13,1249,9,3,12,4,Y,A,N,A,H,A,-,- ,,03,C,,,,,C,Y,N,D,2,0,0,0,22350.0,2,34.27390493,-118.73059239,4
2012,2012-09-11,1246,9,3,12,2,Y,A,N,A,H,A,A,01,,12,D,,,,,C,Y,N,A,1,0,0,0,21453.0,2,34.27179496,-118.69146234,4
2012,2012-09-13,1557,9,3,15,4,Y,A,N,A,H,A,-,- ,,12,A,,,,,C,Y,N,A,2,0,0,0,21453.0,2,34.26369496,-118.76143236,3
2012,2012-09-03,1230,9,3,12,1,N,A,Y,A,H,A,A,01,S,03,C,,,,,C,N,N,D,2,0,0,0,22350.0,2,34.21763351,-119.04693057,4
2012,2012-09-03,2310,9,3,23,1,N,A,Y,A,H,C,A,07,S,08,F,,,,,A,Y,N,D,1,0,0,0,22107.0,1,34.33702998,-119.40637336,3
2012,2012-09-01,1251,9,3,12,6,Y,A,N,A,H,A,A,01,,12,D,,,,,C,Y,N,A,3,0,0,0,22450.0,2,34.19659489,-118.80942239,3
2012,2012-09-03,1230,9,3,12,1,N,A,Y,A,H,A,A,07,N,03,C,,,,,C,N,N,D,1,0,0,0,22350.0,2,34.2773656,-119.29736702,4
2012,2012-09-02,1515,9,3,15,7,N,A,Y,A,H,A,A,01,N,03,E,,,,,I,Y,N,D,1,0,0,0,22350.0,1,34.5566408,-119.25712325,3
2012,2012-09-08,2315,9,3,23,6,Y,A,N,A,H,C,A,01,,01,E,,,,,I,Y,N,A,1,0,0,0,23152.0,1,34.23322491,-118.97326242,3
2012,2012-09-04,903,9,3,9,2,N,A,Y,A,H,A,A,01,W,03,C,,,,,C,N,N,A,1,0,0,0,22350.0,2,34.21226486,-119.03631228,4
2012,2012-09-08,1625,9,3,16,6,N,A,N,A,H,A,-,- ,S,03,C,,,,,C,Y,N,A,3,0,0,0,22350.0,3,34.18987248,-119.17760144,4
2012,2012-09-10,1910,9,3,19,1,N,A,N,A,H,A,-,- ,W,03,E,,,,,I,Y,N,D,1,0,0,0,22350.0,1,34.20640735,-119.16015123,4
2012,2012-09-10,1538,9,3,15,1,N,A,Y,A,H,A,-,- ,E,03,C,,,,,C,N,N,D,3,0,0,0,22350.0,2,34.21893708,-119.1770923,4
2012,2012-09-10,950,9,3,9,1,Y,A,N,A,H,A,-,- ,,09,D,,,,,C,N,N,A,1,0,0,0,21802.0,4,34.20700482,-119.18103235,4
2012,2012-09-09,2212,9,3,22,7,Y,A,N,A,H,C,-,- ,,12,D,,,,,C,Y,N,A,2,0,0,0,21453.0,2,34.17347489,-119.17768236,3
2012,2012-10-22,1200,10,3,12,1,N,A,Y,A,H,A,D,22,S,03,C,,,,,C,Y,N,D,2,0,0,0,22350.0,2,34.21747595,-118.84991876,4
2012,2012-10-02,735,10,3,7,2,N,A,Y,A,H,A,D,22,N,03,C,,,,,C,Y,N,D,1,0,0,0,22350.0,3,34.2146033,-118.84963874,4
2012,2012-10-04,221,10,3,2,4,N,A,N,A,H,C,A,01,S,01,E,,,,,I,Y,N,A,1,0,0,0,23152.0,5,34.18257619,-118.7597815,3
2012,2012-10-15,1320,10,3,13,1,N,A,Y,A,H,A,A,01,W,08,B,,,,,C,N,N,D,1,0,0,0,22107.0,2,34.28215232,-118.76285427,4
2012,2012-10-18,1220,10,3,12,4,N,A,Y,A,D,A,D,22,S,03,C,,,,,C,Y,N,D,1,0,0,0,22350.0,2,34.19040976,-118.94061271,3
2012,2012-10-19,1708,10,3,17,5,N,B,Y,A,H,A,D,22,N,03,C,,,,,C,Y,N,D,3,0,0,0,22350.0,3,34.19099029,-118.94235311,4
2012,2012-07-24,1146,7,2,11,2,N,A,N,A,H,A,L,04,E,05,D,,Y,,,G,Y,N,A,1,0,1,0,21650.0,2,34.20223484,-118.86838249,4
2012,2012-07-25,1344,7,2,13,3,N,A,N,A,H,A,-,- ,S,18,E,,,,,I,Y,N,D,1,0,0,0,,1,34.17862431,-118.87656018,4
2012,2012-07-23,1317,7,2,13,1,N,A,Y,A,H,A,A,01,N,03,C,,,,,C,N,N,D,1,0,0,0,22350.0,2,34.22544486,-119.1603323,4
2012,2012-10-02,2132,10,3,21,2,N,A,N,A,H,C,D,22,N,01,C,,,,,C,Y,N,A,2,0,0,0,23152.0,3,34.19692227,-119.10418046,4
2012,2012-09-09,1627,9,3,16,7,N,A,Y,A,H,A,A,01,N,08,D,,,,,C,N,N,D,1,0,0,0,22107.0,2,34.25899661,-119.25455115,4
2012,2012-09-09,1329,9,3,13,7,N,A,Y,A,H,A,A,01,S,08,E,,,,,I,Y,N,D,1,0,0,0,22107.0,1,34.16349487,-118.83374224,3
2012,2012-09-06,1247,9,3,12,4,N,A,N,A,H,A,A,01,W,03,C,,,,,C,N,N,A,1,0,0,0,22350.0,2,34.16333178,-118.82749736,4
2012,2012-09-05,1403,9,3,14,3,N,B,Y,A,H,A,A,01,S,- ,C,,,,,C,N,N,A,1,0,0,0,,2,34.18461487,-118.89621225,4
2012,2012-09-06,1225,9,3,12,4,N,A,N,A,H,A,-,- ,N,03,C,,,,,C,N,N,A,2,0,0,0,22350.0,3,34.21920857,-119.18634913,4
2012,2012-09-10,1515,9,3,15,1,N,A,N,A,H,A,-,- ,W,09,D,,,,,C,Y,F,D,2,0,0,0,21804.0,2,34.22966115,-119.17051496,4
2012,2012-09-12,1730,9,3,17,3,N,B,Y,A,H,A,A,01,S,03,C,,,,,C,N,N,D,1,0,0,0,22350.0,2,34.37601781,-119.46793119,4
2012,2012-09-11,805,9,3,8,2,N,A,N,A,H,A,N,60,N,11,G,Y,,,,B,N,N,A,1,1,0,0,21954.0,2,34.22288067,-119.16535078,3
2012,2012-09-10,1930,9,3,19,1,N,A,Y,A,H,B,A,07,N,09,D,,,,,C,Y,N,D,2,0,0,0,21804.0,2,34.42688488,-119.28895546,4
2012,2012-09-11,1800,9,3,18,2,N,B,N,A,H,A,-,- ,S,- ,C,,,,,C,N,F,A,4,0,0,0,,2,34.22721421,-119.15824173,4
2012,2012-09-06,2100,9,3,21,4,N,A,Y,A,H,C,A,07,W,01,E,,,,,I,Y,N,D,1,0,0,0,23152.0,1,34.31959521,-119.10611175,2
2012,2012-09-11,1904,9,3,19,2,Y,A,N,A,H,C,-,- ,,09,D,,,,,C,Y,M,A,1,0,0,0,21801.0,2,34.16107489,-119.17783238,4
2012,2012-09-11,608,9,3,6,2,N,A,N,A,H,D,A,01,N,03,C,,,,,C,Y,N,D,4,0,0,0,22350.0,2,34.24820563,-119.23443867,3
2012,2012-09-04,540,9,3,5,2,N,A,Y,A,H,D,C,02,E,08,F,,,Y,,A,Y,N,D,1,0,0,1,22107.0,1,34.29150934,-119.15315714,2
2012,2012-09-11,1815,9,3,18,2,N,A,N,A,H,B,L,04,N,05,D,,Y,,,G,N,N,A,1,0,1,0,21650.0,2,34.22001669,-119.00697402,3
2012,2012-09-10,1535,9,3,15,1,N,A,N,A,H,A,A,07,E,05,E,,,,,I,Y,N,D,2,0,0,0,21651.0,2,34.23757693,-119.03507129,3
2012,2012-09-02,1624,9,3,16,7,N,A,Y,A,H,A,A,01,S,07,H,,,,,C,Y,N,A,2,0,0,0,21658.0,2,34.21948486,-119.07534228,4
2012,2012-09-01,2152,9,3,21,6,Y,A,N,A,H,C,A,07,,09,H,,,,,C,Y,N,A,1,0,0,0,21801.0,2,34.18626487,-118.95415242,3
2012,2012-09-05,1715,9,3,17,3,Y,A,N,A,H,A,A,,,03,C,,,,,C,N,N,D,3,0,0,0,22350.0,4,34.28671491,-119.29924225,4
2012,2012-09-14,1850,9,3,18,5,Y,A,N,A,H,A,-,- ,,22,G,Y,,,,B,N,F,A,1,1,0,0,,2,34.20042494,-119.17987239,4
2012,2012-09-14,1723,9,3,17,5,N,A,N,A,H,A,-,- ,E,04,C,,,,,C,Y,N,A,3,0,0,0,21703.0,3,34.21919482,-119.18021155,4
2012,2012-09-14,2319,9,3,23,5,Y,A,N,A,H,C,N,60,,11,G,Y,,,,B,N,N,A,1,1,0,0,21456.0,2,34.19514494,-119.19492246,3
2012,2012-09-15,1442,9,3,14,6,N,A,Y,A,H,A,-,- ,S,03,C,,,,,C,Y,F,A,1,0,0,0,22350.0,2,34.23356486,-119.1719823,4
2012,2012-09-15,1800,9,3,18,6,Y,A,N,A,H,A,-,- ,,03,G,Y,,,,B,N,F,A,1,1,0,0,22350.0,2,34.21924483,-119.19030245,3
2012,2012-09-16,1714,9,3,17,7,N,A,N,A,H,A,-,- ,W,08,C,,,,,C,Y,N,D,1,0,0,0,22107.0,4,34.17344135,-119.18654274,3
2012,2012-09-03,723,9,3,7,1,Y,A,N,A,H,A,-,- ,,12,D,,,,,C,Y,N,A,2,0,0,0,21453.0,2,34.16840488,-119.19521241,4
2012,2012-09-17,1530,9,3,15,1,N,B,N,A,H,A,-,- ,S,03,C,,,,,C,Y,N,D,6,0,0,0,22350.0,4,34.19214041,-119.19495967,3
2012,2012-09-03,1530,9,3,15,1,N,A,N,A,H,A,A,01,S,09,D,,,,,C,N,N,D,1,0,0,0,21804.0,2,34.21757027,-119.06219234,4
2012,2012-09-01,1302,9,3,13,6,N,A,Y,A,H,A,A,01,W,03,C,,,,,C,N,N,A,1,0,0,0,22350.0,2,34.39665165,-118.91444159,4
2012,2012-09-17,1740,9,3,17,1,Y,A,N,A,H,A,-,- ,,12,-,,,,,C,Y,N,A,2,0,0,0,21457.0,2,34.17335484,-119.16021236,4
2012,2012-09-16,1635,9,3,16,7,N,A,Y,A,H,A,A,01,N,03,C,,,,,C,Y,N,D,2,0,0,0,22350.0,2,34.22441315,-119.15633953,4
2012,2012-09-14,1245,9,3,12,5,N,A,Y,A,H,A,A,01,S,03,C,,,,,C,N,N,D,1,0,0,0,22350.0,2,34.21264486,-119.00422227,4
2012,2012-09-09,1410,9,3,14,7,N,A,Y,A,H,A,L,04,N,08,F,,Y,,,A,N,N,D,1,0,1,0,22107.0,1,34.07068468,-119.01216908,3
2012,2012-09-09,1720,9,3,17,7,N,A,Y,A,H,A,A,07,N,08,F,,,,,A,Y,N,D,1,0,0,0,22107.0,1,34.06649927,-119.00491493,3
2012,2012-09-02,1250,9,3,12,7,N,A,Y,A,H,A,A,01,N,08,D,,,,,C,Y,N,A,4,0,0,0,22107.0,2,34.30078974,-119.34533276,3
2012,2012-09-10,1510,9,3,15,1,N,A,Y,A,H,A,A,01,S,03,C,,,,,C,Y,N,D,3,0,0,0,22350.0,2,34.22160383,-119.0991515,3
2012,2012-09-15,455,9,3,4,6,N,A,N,A,H,D,N,60,W,11,G,Y,,,,B,N,N,D,1,1,0,0,21954.0,3,34.25603479,-119.15040053,4
2012,2012-09-09,1717,9,3,17,7,N,A,N,A,H,A,A,01,W,03,B,,,,,C,Y,N,D,2,0,0,0,22350.0,2,34.28803895,-118.8632673,4
2012,2012-09-14,1755,9,3,17,5,N,A,N,A,H,A,A,07,E,03,C,,,,,C,Y,N,D,4,0,0,0,22350.0,2,34.26799059,-118.89537558,3
2012,2012-09-22,2055,9,3,20,6,N,A,N,A,H,C,A,01,W,03,C,,,,,C,Y,N,A,1,0,0,0,22350.0,2,34.26317927,-118.86456058,4
2012,2012-09-17,558,9,3,5,1,Y,A,N,A,H,C,-,- ,,12,A,,,,,C,Y,N,A,1,0,0,0,22450.0,2,34.26622487,-119.16770239,4
2012,2012-11-02,850,11,3,8,5,N,A,N,A,H,A,A,01,S,03,C,,,,,C,Y,N,D,1,0,0,0,22350.0,2,34.18281114,-118.92644942,3
2012,2012-10-22,1108,10,3,11,1,N,B,N,A,H,A,D,22,E,05,B,,,,,C,N,N,D,1,0,0,0,21650.0,2,34.23595077,-118.86247255,3
2012,2012-10-28,136,10,3,1,7,N,A,N,A,H,C,D,22,,05,B,,,,,E,Y,N,D,1,0,0,0,21650.0,3,34.19351422,-119.20653105,3
2012,2012-09-13,1218,9,3,12,4,N,A,N,A,H,A,-,- ,N,08,D,,Y,,,G,N,N,D,1,0,1,0,22107.0,2,34.21908432,-119.18629236,4
2012,2012-09-14,923,9,3,9,5,N,A,N,A,H,A,A,01,S,03,C,,,,,C,N,N,A,1,0,0,0,22350.0,2,34.17883588,-118.95235273,4
2012,2012-09-28,1211,9,3,12,5,Y,A,N,A,H,A,A,01,,17,H,,,,,C,Y,N,A,1,0,0,0,21451.0,2,34.16096496,-118.82295239,4
2012,2012-09-29,755,9,3,7,6,N,A,N,A,H,A,A,07,N,08,E,,,,,I,Y,N,D,1,0,0,0,22107.0,1,34.22671746,-118.83708686,4
2012,2012-09-21,1529,9,3,15,5,Y,A,N,A,H,A,-,- ,,09,A,,,,,C,Y,N,A,2,0,0,0,21801.0,2,34.27911492,-118.7179123,3
2012,2012-09-21,902,9,3,9,5,N,A,N,A,H,A,A,01,E,21,C,,,,,C,N,N,A,1,0,0,0,22106.0,4,34.27181486,-118.67817782,4
2012,2012-09-27,1745,9,3,17,4,Y,A,N,A,H,A,-,- ,,09,D,,,,,C,Y,N,A,3,0,0,0,21802.0,2,34.24469492,-118.78212232,4
2012,2012-09-28,1633,9,3,16,5,N,A,N,A,H,A,-,- ,W,03,C,,,,,C,Y,N,D,1,0,0,0,22350.0,2,34.26085517,-118.74457001,4
2012,2012-09-28,1432,9,3,14,5,N,A,N,A,H,A,-,- ,S,03,C,,,,,C,N,N,A,1,0,0,0,22350.0,2,34.2642765,-118.79642336,4
2012,2012-09-26,2158,9,3,21,3,Y,A,N,A,H,C,-,- ,,12,D,,,,,C,Y,N,A,2,0,0,0,21453.0,2,34.27181489,-118.77898243,4
2012,2012-09-30,1237,9,3,12,7,N,A,N,A,H,A,A,07,S,03,C,,,,,C,N,N,D,2,0,0,0,22350.0,2,34.27515501,-118.70902228,4
2012,2012-10-01,742,10,3,7,1,Y,A,N,A,H,A,A,08,,09,D,,,,,C,Y,N,A,1,0,0,0,21802.0,2,34.27497493,-118.71789233,4
2012,2012-09-30,1711,9,3,17,7,N,A,N,A,H,A,A,01,N,03,C,,,,,C,Y,N,A,3,0,0,0,22350.0,3,34.18159029,-118.88145242,3
2012,2012-09-29,2139,9,3,21,6,N,A,Y,A,H,C,A,07,N,01,C,,,,,C,Y,N,A,5,0,0,0,23152.0,3,34.152355,-118.82901669,3
2012,2012-09-29,1229,9,3,12,6,N,A,N,A,H,A,A,07,N,03,C,,,,,C,Y,N,D,1,0,0,0,22350.0,2,34.20988358,-118.8684023,4
2012,2012-09-25,1750,9,3,17,2,N,A,N,A,H,A,A,07,S,21,C,,,,,C,N,N,A,3,0,0,0,22106.0,2,34.16843738,-118.83663167,4
2012,2012-09-18,1423,9,3,14,2,Y,A,N,A,H,A,A,01,,09,H,,,,,C,Y,N,A,1,0,0,0,21453.0,2,34.18574492,-118.89230235,4
2012,2012-10-08,1611,10,3,16,1,N,A,N,A,B,A,A,01,S,03,E,,,,,I,Y,N,D,1,0,0,0,22350.0,1,34.19131936,-119.01181695,3
2012,2012-10-12,1307,10,3,13,5,N,A,N,A,H,A,D,22,N,08,E,,,,,I,Y,N,D,1,0,0,0,22107.0,1,34.22215314,-118.99989028,2
2012,2012-10-24,952,10,3,9,3,Y,A,N,A,H,A,C,02,,03,F,,,Y,,A,N,N,A,1,0,0,1,22350.0,1,34.28991495,-118.72811242,3
2012,2012-10-23,1746,10,3,17,2,Y,A,N,A,H,A,-,- ,,09,D,,Y,,,G,N,N,A,1,0,1,0,21802.0,2,34.29722487,-118.71771242,3
2012,2012-10-19,1529,10,3,15,5,N,A,N,A,H,A,-,- ,W,21,C,,,,,C,Y,N,A,1,0,0,0,22106.0,2,34.26450794,-118.767292,4
2012,2012-10-22,807,10,3,8,1,Y,A,N,A,H,A,A,08,,09,D,,,,,C,Y,N,A,1,0,0,0,21801.0,2,34.27180489,-118.77673237,4
2012,2012-10-09,2128,10,3,21,2,N,A,N,A,H,C,-,- ,E,01,C,,,,,C,N,F,A,2,0,0,0,23153.0,3,34.2716738,-118.77186298,4
2012,2012-10-18,1152,10,3,11,4,Y,A,N,A,H,A,A,01,,09,D,,,,,C,Y,N,A,3,0,0,0,21802.0,2,34.28625495,-118.75376239,3
2012,2012-10-16,1741,10,3,17,2,N,A,N,A,H,A,A,01,E,04,C,,,,,C,Y,N,D,2,0,0,0,21703.0,4,34.2863224,-118.70820251,4
2012,2012-09-09,650,9,3,6,7,Y,A,N,A,H,A,-,- ,,12,D,,,,,C,Y,N,A,2,0,0,0,21453.0,2,34.17335484,-119.16021236,4
2012,2012-09-09,1705,9,3,17,7,N,A,N,A,H,A,-,- ,W,03,C,,,,,C,Y,N,D,1,0,0,0,22350.0,2,34.19004482,-119.18849887,3
2012,2012-08-16,959,8,2,9,4,N,A,N,A,H,A,-,- ,E,09,F,,,Y,,A,Y,N,A,1,0,0,1,21802.0,2,34.17595591,-119.22130517,3
2012,2012-09-07,1313,9,3,13,5,N,A,Y,A,H,A,A,,E,08,D,,,,,C,Y,N,A,2,0,0,0,22107.0,2,34.19708802,-119.16417346,3
2012,2012-09-28,1315,9,3,13,5,N,A,Y,A,H,A,A,01,W,08,E,,,,,I,Y,N,D,1,0,0,0,22107.0,1,34.27928177,-118.6629906,4
2012,2012-09-06,1957,9,3,19,4,N,A,Y,A,H,C,L,04,E,09,C,,Y,,,G,N,N,D,1,0,1,0,21804.0,2,34.21845424,-119.1772649,4
2012,2012-09-22,1350,9,3,13,6,N,A,Y,A,H,A,A,08,S,03,C,,,,,C,Y,N,D,2,0,0,0,22350.0,2,34.17698928,-118.8697123,4
2012,2012-09-06,1243,9,3,12,4,Y,A,N,A,H,A,-,- ,,09,D,,,,,C,Y,N,D,1,0,0,0,21802.0,2,34.19374483,-119.17993245,4
2012,2012-09-30,2255,9,3,22,7,N,A,Y,A,H,D,A,01,E,03,C,,,,,C,Y,N,D,5,0,0,0,22350.0,2,34.29301381,-118.83444578,4
2012,2012-09-27,800,9,3,8,4,N,A,Y,A,H,A,A,01,E,03,C,,,,,C,Y,N,D,1,0,0,0,22350.0,3,34.28243489,-118.73350223,4
2012,2012-09-21,700,9,3,7,5,N,A,N,A,H,A,-,- ,E,09,F,,,Y,,A,N,N,D,1,0,0,1,21804.0,2,34.31516785,-118.91877744,3
2012,2012-09-26,1930,9,3,19,3,N,A,N,A,H,D,A,01,W,06,B,,Y,,,G,N,N,D,1,0,1,0,21750.0,2,34.14285504,-118.89074318,3
2012,2012-09-25,2000,9,3,20,2,N,A,N,A,H,C,A,01,W,08,A,,,,,I,Y,N,D,1,0,0,0,22107.0,1,34.20563,-118.66918,4
2012,2012-09-25,736,9,3,7,2,N,A,Y,A,H,A,A,01,W,03,C,,,,,C,Y,N,D,2,0,0,0,22350.0,2,34.28214489,-118.76511236,4
2012,2012-09-24,945,9,3,9,1,N,A,Y,A,D,A,A,01,E,08,E,,,,,I,Y,N,D,1,0,0,0,22107.0,2,34.28244488,-118.77317764,4
2012,2012-09-27,920,9,3,9,4,N,A,Y,A,H,A,A,07,S,08,F,,,,,A,Y,N,D,1,0,0,0,22107.0,1,34.18448235,-118.90284791,4
2012,2012-09-08,1738,9,3,17,6,Y,A,N,A,H,A,L,04,,12,A,,Y,,,G,N,N,A,1,0,1,0,22450.0,2,34.20299487,-119.17858243,3
2012,2012-09-07,1405,9,3,14,5,N,A,N,A,H,A,-,- ,E,- ,C,,,,,C,N,N,A,2,0,0,0,,2,34.21915482,-119.17722932,4
2012,2012-09-06,1041,9,3,10,4,Y,A,N,A,H,A,-,- ,,21,D,,,,,C,Y,N,A,1,0,0,0,22106.0,2,34.19032489,-119.19500241,4
2012,2012-09-29,1433,9,3,14,6,N,A,N,A,H,A,A,08,S,10,G,Y,,,,B,N,N,A,1,1,0,0,21963.0,2,34.44874114,-119.24606136,3
2012,2012-09-16,1025,9,3,10,7,N,A,N,A,H,A,A,01,E,08,E,,,,,I,Y,N,D,1,0,0,0,22107.0,1,34.21725448,-119.04619123,4
2012,2012-09-16,1221,9,3,12,7,N,A,N,A,H,A,A,07,N,03,C,,,,,C,N,N,A,2,0,0,0,22350.0,3,34.22114949,-119.05084233,4
2012,2012-09-21,1643,9,3,16,5,Y,A,N,A,H,A,A,01,,01,D,,,,,C,N,F,A,1,0,0,0,23152.0,2,34.18245487,-118.86713237,4
2012,2012-09-22,1832,9,3,18,6,N,A,N,A,H,B,A,01,W,01,E,,,,,I,Y,N,D,2,0,0,0,23152.0,1,34.17113028,-118.9901197,3
2012,2012-09-30,1200,9,3,12,7,N,A,Y,A,H,A,C,02,S,03,A,,,Y,,C,Y,N,D,2,0,0,2,22350.0,2,34.6673825,-119.36429585,3
2012,2012-09-15,1135,9,3,11,6,N,A,Y,A,H,A,A,07,N,08,B,,,,,C,N,N,D,2,0,0,0,22107.0,3,34.17644322,-118.86244476,4
2012,2012-09-14,730,9,3,7,5,Y,A,N,A,H,A,A,01,,09,D,,,,,C,N,N,A,1,0,0,0,21802.0,2,34.18823487,-118.78528236,4
2012,2012-09-20,1454,9,3,14,4,Y,A,N,A,H,A,-,- ,,09,D,,,,,C,Y,N,D,2,0,0,0,21800.0,2,34.28086485,-119.28704224,2
2012,2012-09-21,1810,9,3,18,5,N,A,Y,A,H,A,A,01,W,08,E,,,,,I,Y,N,D,2,0,0,0,22107.0,1,34.26774432,-118.96269768,2
2012,2012-09-22,45,9,3,0,6,N,A,Y,A,H,C,A,01,W,01,C,,,,,C,Y,N,D,1,0,0,0,23152.0,2,34.2816282,-118.71828201,4
2012,2012-09-20,1115,9,3,11,4,N,A,Y,A,H,A,A,01,E,01,E,,,,,I,Y,N,D,1,0,0,0,23152.0,1,34.28241489,-118.72689787,3
2012,2012-09-14,2010,9,3,20,5,N,A,Y,A,H,A,A,07,S,03,C,,,,,C,Y,N,D,2,0,0,0,22350.0,2,34.19880327,-118.95552491,3
2012,2012-09-08,845,9,3,8,6,N,A,Y,A,H,A,A,07,N,03,C,,,,,C,N,N,D,1,0,0,0,22350.0,2,34.17644526,-118.86572226,4
2012,2012-09-16,2025,9,3,20,7,N,A,Y,A,H,D,A,01,N,01,E,,,,,I,Y,N,D,2,0,0,0,23152.0,1,34.20010487,-118.96158226,3
2012,2012-09-14,1825,9,3,18,5,N,A,Y,A,H,A,A,01,E,03,C,,,,,C,Y,N,D,1,0,0,0,22350.0,2,34.29316257,-118.83650417,4
2012,2012-09-17,1725,9,3,17,1,N,A,Y,A,H,A,A,01,W,03,C,,,,,C,Y,N,D,2,0,0,0,22350.0,3,34.16202199,-118.83151426,4
2012,2012-09-14,1120,9,3,11,5,N,A,Y,A,C,A,-,- ,N,18,E,,,Y,,J,N,N,D,1,0,0,1,,1,34.17347963,-118.84876438,3
2012,2012-09-26,1710,9,3,17,3,Y,A,N,A,H,A,-,- ,,09,D,,Y,,,G,N,F,A,1,0,1,0,21801.0,2,34.19246485,-119.18644241,4
2012,2012-09-25,1145,9,3,11,2,Y,A,N,A,H,A,-,- ,,09,D,,,,,C,Y,N,A,2,0,0,0,21453.0,2,34.22251494,-119.14270242,3
2012,2012-09-26,1405,9,3,14,3,N,A,Y,A,H,A,A,01,S,08,B,,,,,E,Y,N,D,2,0,0,0,22107.0,2,34.09804412,-119.07692445,2
2012,2012-09-07,1625,9,3,16,5,N,A,Y,A,H,A,C,02,S,03,C,,,Y,,C,N,N,D,1,0,0,1,22350.0,2,34.22742488,-119.16696836,3
2012,2012-09-08,47,9,3,0,6,N,A,N,A,H,C,N,60,W,11,G,Y,,,,B,N,N,D,1,1,0,0,21954.0,2,34.27955482,-119.29363185,3
2012,2012-09-15,2308,9,3,23,6,N,A,N,A,H,C,D,,E,01,A,,,,,E,Y,N,A,1,0,0,0,23152.0,4,34.28952664,-119.29796608,3
2012,2012-09-01,1115,9,3,11,6,Y,A,N,A,H,A,A,,,10,G,Y,,,,B,N,N,A,1,1,0,0,21950.0,2,34.29068486,-119.29805236,3
2012,2012-09-12,1143,9,3,11,3,N,A,N,A,H,A,-,,E,08,C,,,,,C,N,N,D,1,0,0,0,22107.0,3,34.2636318,-119.24679677,3
2012,2012-09-26,1215,9,3,12,3,Y,A,Y,A,H,A,L,,,05,D,,Y,,,G,N,N,A,1,0,1,0,21650.0,2,34.26038486,-119.22684231,4
2012,2012-09-26,2145,9,3,21,3,Y,-,Y,A,H,C,L,,,08,E,,Y,,,I,N,N,D,1,0,1,0,22107.0,1,34.27168486,-119.21058231,3
2012,2012-09-20,653,9,3,6,4,Y,A,N,A,H,A,-,- ,,09,B,,,,,C,Y,N,A,1,0,0,0,21453.0,3,34.26888485,-119.18869247,4
2012,2012-09-05,1140,9,3,11,3,N,C,N,B,H,A,-,,E,03,C,,,,,C,Y,N,D,1,0,0,0,22350.0,3,34.2767214,-119.22391838,4
2012,2012-09-14,1420,9,3,14,5,N,A,N,A,H,A,-,- ,S,00,C,,,,,C,Y,N,D,2,0,0,0,,2,34.24680866,-119.19480686,4
2012,2012-09-15,816,9,3,8,6,Y,A,N,A,H,A,A,,,12,D,,,,,C,Y,N,A,3,0,0,0,21453.0,2,34.263378,-119.226699,3
2012,2012-09-25,1715,9,3,17,2,N,A,N,A,H,A,-,- ,N,- ,C,,,,,C,Y,N,A,2,0,0,0,,2,34.20660439,-119.15982235,4
2012,2012-09-30,1318,9,3,13,7,N,A,N,A,H,A,-,- ,S,01,C,,,,,C,Y,M,D,1,0,0,0,23152.0,2,34.21574739,-119.18092348,4
2012,2012-09-18,826,9,3,8,2,N,A,N,A,H,A,A,01,E,10,G,Y,,,,B,,N,A,1,1,0,0,21950.0,2,34.17596135,-119.22126944,3
2012,2012-09-27,1938,9,3,19,4,N,A,Y,A,H,C,-,- ,N,04,C,,,,,C,Y,N,A,1,0,0,0,21703.0,3,34.18044235,-119.16557034,4