ACCIDENT_YEAR,COLLISION_DATE,COLLISION_TIME,MONTH,SEASON,24HOURS,DAY_OF_WEEK,INTERSECTION,WEATHER_1,STATE_HWY_IND,ROAD_SURFACE,ROAD_COND_1,LIGHTING,STWD_VEHTYPE_AT_FAULT,CHP_VEHTYPE_AT_FAULT,DIRECTION,PCF_VIOL_CATEGORY,TYPE_OF_COLLISION,PEDESTRIAN_ACCIDENT,BICYCLE_ACCIDENT,MOTORCYCLE_ACCIDENT,TRUCK_ACCIDENT,MVIW,TOW_AWAY,HIT_AND_RUN,CONTROL_DEVICE,NUMBER_INJURED,COUNT_PED_INJURED,COUNT_BICYCLIST_INJURED,COUNT_MC_INJURED,PCF_VIOLATION,PARTY_COUNT,POINT_Y,POINT_X,COLLISION_SEVERITY
2012,2012-11-02,1847,11,3,18,5,N,A,N,A,H,C,-,- ,N,03,C,,,,,C,N,N,A,1,0,0,0,22350.0,2,34.28195693,-118.7950462,4
2012,2012-11-04,1833,11,3,18,7,Y,A,N,-,H,C,A,01,,12,D,,,,,C,Y,N,A,2,0,0,0,21453.0,2,34.27162497,-118.70899228,4
2012,2012-11-08,1620,11,3,16,4,N,B,N,B,H,A,-,- ,E,08,B,,,,,E,Y,N,D,1,0,0,0,22107.0,2,34.26896517,-118.76396656,3
2012,2012-11-06,2007,11,3,20,2,N,A,N,A,H,C,-,- ,N,03,C,,,,,C,Y,N,A,2,0,0,0,22350.0,2,34.26822732,-118.7964423,4
2012,2012-10-25,1942,10,3,19,4,N,A,N,A,H,C,-,- ,N,03,C,,,,,C,Y,N,D,1,0,0,0,22350.0,2,34.27221539,-118.67843564,4
2012,2012-10-29,1941,10,3,19,1,N,A,N,A,H,C,A,01,W,03,C,,,,,C,Y,N,D,2,0,0,0,22350.0,3,34.26086485,-118.75497447,3
2012,2012-10-24,735,10,3,7,3,N,A,Y,A,H,A,N,60,S,11,G,Y,,,,B,N,N,D,1,1,0,0,21954.0,2,34.26473915,-119.24242051,4
2012,2012-10-30,1308,10,3,13,2,N,A,N,A,H,A,A,01,S,01,E,,,,,I,N,M,D,1,0,0,0,23152.0,1,34.41433691,-119.30454629,3
2012,2012-11-27,1934,11,3,19,2,Y,A,Y,A,H,C,A,01,,12,D,,,,,C,Y,N,A,1,0,0,0,21453.0,2,34.23088154,-119.17421622,4
2012,2012-11-30,1317,11,3,13,5,Y,B,Y,B,H,A,A,01,,04,C,,,,,C,N,N,A,1,0,0,0,21703.0,2,34.22483486,-119.1572523,3
2012,2012-11-25,1157,11,3,11,7,Y,A,N,A,H,A,A,01,,12,D,,,,,C,Y,N,A,2,0,0,0,21453.0,2,34.16260495,-118.82268241,3
2012,2012-11-26,740,11,3,7,1,Y,A,N,A,H,A,A,01,,05,D,,,,,C,Y,N,A,1,0,0,0,21650.0,2,34.19000485,-118.93504243,4
2012,2012-11-17,2205,11,3,22,6,N,C,N,B,H,C,-,- ,E,01,E,,,,,I,Y,N,A,1,0,0,0,23152.0,1,,,3
2012,2012-11-17,1345,11,3,13,6,Y,C,N,B,H,A,-,- ,,09,D,,,,,C,N,N,A,3,0,0,0,21801.0,3,34.21896483,-119.15399248,3
2012,2012-11-15,1835,11,3,18,4,N,B,N,B,H,C,-,- ,N,03,C,,,,,C,Y,N,D,1,0,0,0,22350.0,3,34.2034681,-119.15984753,4
2012,2012-11-15,1725,11,3,17,4,N,C,N,B,H,C,-,- ,W,05,B,,,,,C,Y,N,A,1,0,0,0,21460.0,2,34.24320893,-119.17934418,4
2012,2012-11-15,1630,11,3,16,4,Y,B,N,A,H,B,-,- ,,09,G,Y,,,,B,N,N,D,1,1,0,0,21802.0,2,34.18992484,-119.16956236,4
2012,2012-11-14,1930,11,3,19,3,N,A,N,A,H,C,N,60,S,11,G,Y,,,,B,N,N,D,1,1,0,0,21955.0,2,34.18986546,-119.18123416,3
2012,2012-11-12,1430,11,3,14,1,N,A,N,A,H,A,-,- ,E,08,E,,,,,I,Y,N,D,1,0,0,0,22107.0,1,34.2417943,-119.18054581,4
2012,2012-11-13,1420,11,3,14,2,N,A,N,A,H,A,-,- ,N,03,C,,,,,C,N,M,D,1,0,0,0,22350.0,2,34.17712259,-119.22149236,4
2012,2012-11-11,1735,11,3,17,7,N,A,N,A,H,A,-,- ,N,04,C,,,,,C,N,N,A,3,0,0,0,21703.0,2,34.21611971,-119.19475236,4
2012,2012-11-02,1900,11,3,19,5,N,A,N,A,H,C,-,- ,W,17,H,,Y,,,G,N,N,A,1,0,1,0,22517.0,2,34.17500156,-119.17296276,4
2012,2012-11-11,1225,11,3,12,7,N,A,N,A,H,A,-,- ,N,03,C,,,,,C,Y,N,A,1,0,0,0,22350.0,4,34.16366688,-119.1595549,4
2012,2012-11-13,837,11,3,8,2,Y,A,N,A,H,A,-,- ,,12,D,,,,,C,Y,N,A,1,0,0,0,21453.0,2,34.20038491,-119.18112244,4
2012,2012-11-10,1050,11,3,10,6,Y,A,N,A,H,A,-,- ,,12,D,,,,,C,N,N,D,2,0,0,0,22450.0,2,34.18639493,-119.19506241,4
2012,2012-11-13,2009,11,3,20,2,N,A,Y,A,H,C,-,- ,N,03,C,,,,,C,N,F,A,1,0,0,0,22350.0,2,34.20340485,-119.1772923,4
2012,2012-11-10,540,11,3,5,6,Y,A,N,A,H,B,-,- ,,09,D,,,,,C,Y,N,D,3,0,0,0,21801.0,2,34.16350493,-119.16975248,3
2012,2012-11-14,1230,11,3,12,3,Y,A,Y,A,H,A,L,04,,08,D,,Y,,,G,N,N,D,1,0,1,0,22107.0,2,34.18518826,-119.1717416,4
2012,2012-11-09,1309,11,3,13,5,N,A,N,A,H,A,-,- ,N,09,E,,,,,I,Y,N,A,1,0,0,0,21804.0,2,34.19807781,-119.19491256,3
2012,2012-11-13,1708,11,3,17,2,N,A,N,A,H,B,-,- ,S,09,D,,,,,C,Y,N,D,2,0,0,0,21801.0,2,34.20962271,-119.14449881,3
2012,2012-11-07,1018,11,3,10,3,N,A,N,A,H,A,-,- ,N,07,B,,,,,C,N,N,A,2,0,0,0,21658.0,2,34.1959681,-119.19492002,4
2012,2012-11-13,920,11,3,9,2,N,A,Y,A,H,A,A,01,N,04,C,,,,,C,Y,N,D,1,0,0,0,21703.0,2,34.19694255,-119.17735373,4
2012,2012-11-13,645,11,3,6,2,Y,A,N,A,H,A,-,- ,,10,G,Y,,,,B,N,N,A,1,1,0,0,21950.0,2,34.19514494,-119.19492246,3
2012,2012-11-12,1915,11,3,19,1,Y,A,N,A,H,C,L,04,,05,D,,Y,,,G,N,N,A,1,0,1,0,21650.0,2,34.18067485,-119.1643524,4
2012,2012-11-12,1533,11,3,15,1,Y,A,N,A,H,A,-,- ,,03,C,,,,,C,N,N,D,1,0,0,0,22350.0,2,34.16410412,-119.14688408,4
2012,2012-12-14,1350,12,4,13,5,Y,B,N,A,H,A,A,07,,09,H,,,,,C,Y,N,A,1,0,0,0,21801.0,3,34.15261493,-118.82334232,4
2012,2012-12-12,100,12,4,1,3,N,A,Y,A,H,D,D,22,E,01,B,,,,,E,Y,N,D,1,0,0,0,23152.0,2,34.21546862,-118.87337242,3
2012,2012-11-13,722,11,3,7,2,N,A,N,A,H,A,A,01,E,03,G,Y,,,,B,Y,N,D,1,1,0,0,22350.0,3,34.15945025,-118.82008666,3
2012,2012-11-28,1816,11,3,18,3,Y,C,Y,B,H,C,D,22,,01,C,,,,,D,N,N,D,1,0,0,0,23152.0,2,34.44759373,-119.24865983,4
2012,2012-11-25,1755,11,3,17,7,N,A,N,A,H,C,D,22,S,03,C,,,,,C,N,N,D,1,0,0,0,22350.0,2,34.44883466,-119.2430615,4
2012,2012-12-07,721,12,4,7,5,N,A,N,A,H,A,D,22,E,10,G,Y,,,,B,N,N,A,1,1,0,0,21950.0,2,34.23728441,-119.0362144,3
2012,2012-11-21,1456,11,3,14,3,N,A,N,A,H,A,A,01,W,03,C,,,,,C,Y,N,A,1,0,0,0,22350.0,2,34.1759985,-119.20701236,4
2012,2012-11-07,1109,11,3,11,3,N,A,N,A,H,A,L,04,W,17,C,,Y,,,G,N,N,D,1,0,1,0,21208.0,2,34.17595849,-119.20310915,3
2012,2012-11-12,826,11,3,8,1,Y,A,N,A,H,A,L,04,,08,H,,Y,,,G,N,N,A,1,0,1,0,22100.0,2,34.22588493,-118.87570236,3
2012,2012-11-14,1323,11,3,13,3,N,A,N,A,H,A,N,60,E,11,G,Y,,,,B,N,N,D,1,1,0,0,21954.0,2,34.19960624,-118.86734578,3
2012,2012-11-23,1013,11,3,10,5,N,A,N,A,H,A,A,07,W,05,A,,,,,C,Y,N,D,1,0,0,0,21460.0,2,34.18598202,-118.79390854,3
2012,2012-12-03,630,12,4,6,1,N,-,N,-,-,-,N,60,N,11,-,Y,,,,-,N,F,-,1,1,0,0,21954.0,2,34.20047885,-119.19486011,4
2012,2012-12-05,1743,12,4,17,3,N,A,N,A,H,C,-,- ,N,03,C,,,,,C,N,N,A,2,0,0,0,22350.0,2,34.20659067,-119.15982235,4
2012,2012-12-02,1137,12,4,11,7,N,B,N,B,H,A,A,01,N,03,D,,,,,C,Y,N,A,2,0,0,0,22350.0,2,34.19684839,-118.82304428,4
2012,2012-12-01,1738,12,4,17,6,N,C,N,B,H,C,A,07,E,03,C,,,,,C,N,N,A,1,0,0,0,22350.0,2,34.16317199,-118.8270843,4
2012,2012-11-26,1716,11,3,17,1,N,A,Y,A,H,D,A,01,E,03,C,,,,,C,Y,N,D,1,0,0,0,22350.0,4,34.27706351,-118.65866274,4
2012,2012-11-24,1715,11,3,17,6,N,A,Y,A,H,B,A,01,S,01,B,,,,,C,Y,N,D,1,0,0,0,23152.0,3,34.20048222,-118.96394786,4
2012,2012-11-29,725,11,3,7,4,N,B,Y,B,H,A,D,22,N,03,E,,,,,I,Y,N,D,1,0,0,0,22350.0,1,34.34190115,-118.90515511,4
2012,2012-12-14,1535,12,4,15,5,Y,B,N,A,H,A,A,01,,09,D,,,,,C,Y,N,A,1,0,0,0,21802.0,2,34.217001,-119.0766285,4
2012,2012-12-07,715,12,4,7,5,N,A,N,A,H,A,D,22,E,08,E,,,,,I,Y,N,D,1,0,0,0,22107.0,2,34.22283148,-119.0347594,4
2012,2012-12-10,1244,12,4,12,1,Y,A,Y,A,H,A,D,22,,03,C,,,,,C,Y,N,D,1,0,0,0,22350.0,2,34.43467487,-119.26399233,4
2012,2012-12-04,1212,12,4,12,2,N,A,N,A,H,A,A,07,E,- ,C,,,,,C,N,N,A,2,0,0,0,,3,34.17601383,-119.21243212,4
2012,2012-11-28,2045,11,3,20,3,N,C,N,B,H,C,D,22,E,01,A,,,,,C,Y,N,D,3,0,0,0,23152.0,2,34.28464828,-118.88678491,2
2012,2012-12-21,1319,12,4,13,5,Y,A,N,A,H,A,D,22,,12,D,,,,,C,Y,N,A,3,0,0,0,21453.0,3,34.28638491,-118.7438723,4
2012,2012-12-22,1509,12,4,15,6,Y,C,N,B,H,A,D,22,,12,D,,,,,C,Y,N,A,1,0,0,0,22450.0,2,34.27212488,-118.6620523,4
2012,2012-12-03,1405,12,4,14,1,N,A,Y,A,H,A,G,27,W,17,E,,,,Y,J,Y,N,D,1,0,0,0,23114.0,2,34.26352484,-119.09576353,3
2012,2012-12-13,2250,12,4,22,4,N,A,Y,A,H,D,D,22,S,03,E,,,,,I,Y,N,D,1,0,0,0,22350.0,1,34.11376485,-119.08308228,4
2012,2012-12-13,305,12,4,3,4,N,B,Y,B,H,D,D,22,S,03,C,,,,,C,Y,N,D,1,0,0,0,22350.0,2,34.21060272,-118.99855895,3
2012,2012-12-13,1705,12,4,17,4,N,B,Y,A,H,C,A,01,S,03,C,,,,,C,N,N,D,1,0,0,0,22350.0,2,34.22229123,-119.13814996,4
2012,2012-12-15,2352,12,4,23,6,N,B,N,A,H,D,A,01,W,08,E,,,,,I,Y,N,D,1,0,0,0,22107.0,3,34.21409147,-118.85508588,4
2012,2012-12-17,1244,12,4,12,1,N,B,Y,B,H,A,A,01,N,03,C,,,,,C,Y,N,A,1,0,0,0,22350.0,2,34.18420487,-118.92179225,4
2012,2012-11-30,1850,11,3,18,5,N,B,Y,A,H,D,A,07,S,03,C,,,,,C,Y,N,A,1,0,0,0,22350.0,2,34.21141429,-118.84886783,4
2012,2012-12-08,1050,12,4,10,6,N,A,Y,A,H,A,A,01,S,03,C,,,,,C,Y,N,D,1,0,0,0,22350.0,2,34.19787581,-118.85859343,4
2012,2012-12-06,810,12,4,8,4,N,A,Y,A,H,A,A,01,S,03,C,,,,,C,Y,N,D,2,0,0,0,22350.0,5,34.18291645,-118.89014264,4
2012,2012-12-11,1742,12,4,17,2,N,A,Y,A,H,D,A,01,N,03,C,,,,,C,Y,N,D,1,0,0,0,22350.0,2,34.38473656,-118.91572003,4
2012,2012-12-09,1655,12,4,16,7,N,A,Y,A,H,B,A,01,E,09,D,,,,,C,N,N,A,1,0,0,0,21802.0,2,34.40076008,-118.82227226,4
2012,2012-12-09,1025,12,4,10,7,N,A,N,A,H,A,A,01,N,08,E,,,,,I,Y,N,D,1,0,0,0,22107.0,1,34.19375967,-118.89888505,4
2012,2012-12-07,1650,12,4,16,5,N,A,Y,A,H,D,A,07,S,03,C,,,,,C,Y,N,D,2,0,0,0,22350.0,2,34.1987503,-118.95500053,4
2012,2012-12-11,1300,12,4,13,2,N,A,Y,A,H,A,L,04,S,05,D,,Y,,,G,N,N,A,1,0,1,0,21650.0,2,34.18226487,-118.88883225,3
2012,2012-12-08,534,12,4,5,6,N,A,Y,A,H,D,A,01,S,01,E,,,,,I,Y,N,D,1,0,0,0,23152.0,1,34.36134625,-118.92046159,3
2012,2012-12-08,1135,12,4,11,6,N,A,Y,A,H,A,-,- ,W,18,H,,,,,A,N,N,D,1,0,0,0,,1,34.28149489,-118.70889223,3
2012,2012-12-01,1145,12,4,11,6,N,B,Y,B,H,A,A,01,E,03,C,,,,,C,Y,N,D,1,0,0,0,22350.0,2,34.28245407,-118.78051573,2
2012,2012-11-25,816,11,3,8,7,N,A,Y,A,H,A,A,01,S,01,E,,,,,I,Y,N,D,1,0,0,0,23152.0,1,34.06650721,-118.99769425,3
2012,2012-11-19,1630,11,3,16,1,Y,A,N,A,H,B,-,- ,,12,D,,,,,C,Y,N,A,2,0,0,0,21453.0,2,34.19835483,-119.15989238,4
2012,2012-11-29,1820,11,3,18,4,N,B,Y,A,H,C,-,- ,S,03,C,,,,,C,Y,N,D,1,0,0,0,22350.0,2,34.18885737,-119.17621736,4
2012,2012-12-10,1510,12,4,15,1,Y,A,Y,A,H,A,D,22,,09,D,,,,,C,Y,N,A,1,0,0,0,21802.0,2,34.25234881,-119.1578464,4
2012,2012-12-05,830,12,4,8,3,N,A,Y,A,H,A,A,08,S,03,C,,,,,C,Y,N,D,1,0,0,0,22350.0,3,34.24944742,-119.20477376,4
2012,2012-11-23,810,11,3,8,5,Y,E,N,A,H,A,A,07,,12,D,,,,,C,Y,N,A,2,0,0,0,21453.0,2,34.25076491,-119.14268239,4
2012,2012-12-18,1309,12,4,13,2,Y,A,N,A,H,A,A,01,,09,H,,,,,C,Y,N,A,2,0,0,0,21801.0,2,34.20223493,-118.86840235,4
2012,2012-12-18,1421,12,4,14,2,N,A,Y,A,H,A,L,04,E,05,H,,Y,,,G,Y,N,A,1,0,1,0,21650.0,2,34.15216487,-118.82896224,3
2012,2012-12-13,1758,12,4,17,4,N,B,N,A,H,C,D,23,W,03,C,,,,,C,Y,N,A,1,0,0,0,22350.0,4,34.23352474,-118.97348148,4
2012,2012-12-17,1619,12,4,16,1,Y,B,Y,A,H,B,D,22,,09,D,,,,,C,Y,N,A,2,0,0,0,21804.0,2,34.39855421,-118.89819284,4
2012,2012-12-22,750,12,4,7,6,N,-,N,-,-,-,A,07,W,03,-,,,,,-,Y,N,-,1,0,0,0,22350.0,3,34.22208904,-119.00114894,4
2012,2012-12-23,2200,12,4,22,7,Y,C,N,B,H,C,A,01,,17,D,,,,,C,Y,N,A,1,0,0,0,24250.0,2,34.21777495,-119.04472241,3
2012,2012-11-14,1825,11,3,18,3,N,A,Y,A,H,D,A,01,S,03,C,,,,,C,Y,N,D,1,0,0,0,22350.0,2,34.25051587,-119.20723833,3
2012,2012-11-12,1525,11,3,15,1,N,A,Y,A,H,A,A,07,N,03,C,,,,,C,N,N,D,2,0,0,0,22350.0,2,34.28028666,-119.31053552,4
2012,2012-11-13,1445,11,3,14,2,N,A,N,A,H,A,A,08,W,03,C,,,,,C,N,N,D,1,0,0,0,22350.0,2,34.24609949,-118.86895594,4
2012,2012-11-17,155,11,3,1,6,N,B,Y,B,H,C,A,07,S,01,E,,,,,I,Y,N,D,1,0,0,0,23152.0,1,34.20204336,-118.97876905,2
2012,2012-11-21,1510,11,3,15,3,N,A,Y,A,H,A,A,07,S,03,C,,,,,C,Y,N,D,1,0,0,0,22350.0,3,34.17694049,-118.87110502,4
2012,2012-11-19,1710,11,3,17,1,N,A,Y,A,H,D,A,01,N,03,C,,,,,C,Y,N,D,2,0,0,0,22350.0,3,34.05230303,-118.96060489,4
2012,2012-11-14,150,11,3,1,3,N,A,Y,A,H,D,A,01,S,03,C,,,,,C,Y,N,D,3,0,0,0,22350.0,2,34.22213394,-118.84933547,2
2012,2012-11-11,555,11,3,5,7,N,A,Y,A,H,B,C,02,N,01,F,,,Y,,A,Y,N,D,1,0,0,1,23152.0,1,34.16251477,-118.83268148,2
2012,2012-11-14,610,11,3,6,3,N,A,Y,A,H,B,A,01,E,08,E,,,,,I,Y,N,D,1,0,0,0,22107.0,1,34.28174489,-118.68182222,4
2012,2012-11-04,615,11,3,6,7,N,-,N,A,H,D,A,07,S,21,G,Y,,,,B,N,N,D,1,1,0,0,22106.0,2,34.21942004,-118.85273106,2
2012,2012-11-20,1805,11,3,18,2,N,A,N,A,H,C,A,01,E,08,E,,,,,I,Y,N,D,1,0,0,0,22107.0,1,34.20311795,-118.8489821,4
2012,2012-11-21,1638,11,3,16,3,Y,A,N,A,H,A,A,01,,08,E,,,,,I,Y,N,D,1,0,0,0,22107.0,1,34.22031494,-118.90283232,3
2012,2012-10-31,1630,10,3,16,3,N,A,Y,A,H,A,A,01,S,03,C,,,,,C,Y,N,D,4,0,0,0,22350.0,2,34.16262914,-118.83244869,4
2012,2012-11-21,2058,11,3,20,3,Y,A,Y,A,H,C,-,- ,,09,D,,,,,C,Y,N,D,2,0,0,0,21802.0,2,34.22743717,-119.1764917,4
2012,2012-11-21,2113,11,3,21,3,N,F,Y,B,H,C,-,- ,N,01,C,,,,,C,N,N,A,2,0,0,0,23152.0,2,34.22651602,-119.17758269,4
2012,2012-11-21,1015,11,3,10,3,N,A,N,A,H,A,-,- ,S,- ,C,,,,,C,N,N,A,2,0,0,0,,3,34.19024247,-119.19500236,4
2012,2012-11-22,1657,11,3,16,4,Y,A,N,A,H,B,-,- ,,09,D,,,,,C,Y,N,D,1,0,0,0,21801.0,2,34.18604492,-119.20177246,3
2012,2012-11-22,1045,11,3,10,4,N,A,N,A,H,A,-,- ,E,04,B,,,,,C,N,N,D,1,0,0,0,21703.0,2,34.16597481,-119.17761725,4
2012,2012-12-22,1330,12,4,13,6,N,C,Y,B,H,A,D,22,S,03,C,,,,,C,N,N,D,1,0,0,0,22350.0,2,34.26332067,-119.23287604,4
2012,2012-12-21,2204,12,4,22,5,N,C,N,B,H,C,D,22,N,01,C,,,,,C,Y,N,A,1,0,0,0,23153.0,2,34.15497179,-119.19536221,4
2012,2012-12-29,1348,12,4,13,6,N,B,N,B,H,A,D,22,W,08,E,,,,,I,Y,N,A,1,0,0,0,22107.0,1,34.17894828,-118.87658454,3
2012,2012-12-13,1720,12,4,17,4,N,A,Y,A,H,B,D,22,S,03,C,,,,,C,Y,N,D,2,0,0,0,22350.0,2,34.22391527,-119.15361569,4
2012,2012-12-30,42,12,4,0,7,N,A,Y,A,H,D,A,01,W,01,C,,,,Y,C,Y,N,D,1,0,0,0,23152.0,2,34.28242489,-118.73552853,2
2012,2012-11-17,1351,11,3,13,6,N,C,N,B,H,A,A,01,E,03,E,,,,,I,Y,N,D,1,0,0,0,22350.0,1,34.2721908,-118.86808088,4
2012,2012-11-27,1902,11,3,19,2,N,A,N,A,H,C,A,07,E,05,E,,,,,I,Y,N,D,1,0,0,0,21650.0,1,34.29609446,-118.83754517,4
2012,2012-11-30,1415,11,3,14,5,N,B,N,B,H,A,A,01,W,08,E,,,,,I,Y,N,D,1,0,0,0,22107.0,1,34.2055984,-119.09609399,4
2012,2012-11-30,1020,11,3,10,5,N,B,N,B,H,A,A,07,N,03,E,,,,,I,Y,N,D,1,0,0,0,22350.0,1,34.31564957,-118.96426233,3
2012,2012-11-24,1230,11,3,12,6,N,A,N,A,H,A,-,- ,N,08,D,,,,,C,N,N,D,1,0,0,0,22107.0,2,34.27799095,-119.1582556,4
2012,2012-11-27,1730,11,3,17,2,N,A,N,A,H,C,A,,N,09,D,,,,,C,Y,N,D,2,0,0,0,21801.0,2,34.248199,-119.19605268,3
2012,2012-12-03,801,12,4,8,1,N,B,N,B,H,A,A,01,W,03,B,,,,,C,Y,N,D,1,0,0,0,22350.0,2,34.15878434,-118.99370305,4
2012,2012-12-05,1810,12,4,18,3,N,B,N,A,H,D,C,02,W,03,E,,,Y,,I,Y,N,D,1,0,0,1,22350.0,1,34.15850162,-119.00255524,4
2013,2013-01-03,1723,1,4,17,4,N,A,N,A,H,C,D,22,E,03,C,,,,,C,Y,N,D,2,0,0,0,22350.0,4,34.1918023,-118.9511286,4
2012,2012-12-22,1405,12,4,14,6,N,B,N,B,H,A,D,22,E,03,C,,,,,C,N,N,A,1,0,0,0,22350.0,2,34.18699483,-118.92511113,4
2013,2013-01-08,1843,1,4,18,2,Y,A,N,A,H,C,A,01,,09,D,,,,,C,Y,N,A,1,0,0,0,21801.0,2,34.2935349,-118.7176524,4
2013,2013-01-07,1314,1,4,13,1,N,A,N,A,H,A,D,22,N,03,C,,,,,C,Y,N,D,2,0,0,0,22350.0,2,34.2752852,-118.7964923,3
2012,2012-11-23,1105,11,3,11,5,N,A,Y,A,H,A,C,02,E,03,F,,,Y,,A,Y,N,D,1,0,0,1,22350.0,1,34.38723957,-119.36737924,4
2012,2012-11-25,1335,11,3,13,7,N,A,Y,A,H,A,C,02,E,03,F,,,Y,,A,Y,N,D,2,0,0,2,22350.0,1,34.38723957,-119.36737924,4
2013,2013-01-04,1300,1,4,13,5,N,A,N,A,H,A,D,22,E,03,C,,,,,C,N,N,A,1,0,0,0,22350.0,2,34.1639218,-118.8286339,3
2012,2012-12-24,1850,12,4,18,1,Y,A,N,A,H,C,D,22,,01,D,,,,,C,Y,N,A,1,0,0,0,23152.0,2,34.1622049,-118.96158232,2
2012,2012-11-17,1559,11,3,15,6,N,A,N,B,H,A,A,01,S,03,E,,,,,I,N,N,D,1,0,0,0,22350.0,1,34.22952731,-118.87116775,4
2012,2012-11-21,1510,11,3,15,3,Y,A,Y,A,H,A,A,01,,09,D,,,,,C,Y,N,A,2,0,0,0,21801.0,2,34.25590486,-119.10909229,4
2012,2012-11-23,1505,11,3,15,5,N,A,Y,A,H,A,A,08,N,03,C,,,,,C,Y,N,A,1,0,0,0,22350.0,2,34.39701145,-119.29966536,4
2012,2012-11-08,1645,11,3,16,4,N,A,Y,A,H,C,A,08,N,09,D,,,,,C,Y,N,D,1,0,0,0,21804.0,2,34.42260049,-119.28987056,4
2012,2012-11-02,1414,11,3,14,5,N,A,Y,A,H,A,A,01,W,01,E,,,,,I,Y,N,D,1,0,0,0,23152.0,1,34.38392257,-119.39680201,3
2012,2012-11-17,925,11,3,9,6,N,C,Y,B,H,A,C,02,S,03,F,,,Y,,A,Y,N,D,1,0,0,1,22350.0,1,34.3757769,-119.47443948,3
2012,2012-11-21,1155,11,3,11,3,N,A,Y,A,H,A,A,07,W,08,E,,,,,I,Y,N,D,1,0,0,0,22107.0,1,34.34282487,-119.07327229,4
2012,2012-11-12,1235,11,3,12,1,N,A,Y,A,H,A,A,07,N,01,A,,,,,C,Y,N,A,4,0,0,0,23152.0,2,34.2803365,-119.3106986,2
2012,2012-11-23,1140,11,3,11,5,N,A,Y,A,H,A,A,01,N,03,C,,,,,C,Y,N,D,2,0,0,0,22350.0,3,34.22063725,-119.08694614,3
2012,2012-11-18,1345,11,3,13,7,N,A,Y,A,H,A,A,01,S,09,D,,,,,C,Y,N,D,1,0,0,0,21801.0,2,34.37329544,-119.30626704,4
2012,2012-11-20,2202,11,3,22,2,N,A,Y,A,H,D,A,01,W,01,B,,,,,C,Y,F,D,1,0,0,0,23152.0,2,34.31799169,-119.10885892,4
2012,2012-11-19,1705,11,3,17,1,Y,A,N,A,H,C,A,01,,12,A,,,,,C,Y,N,A,2,0,0,0,21453.0,2,34.16431491,-119.06070238,4
2012,2012-12-07,1835,12,4,18,5,N,A,Y,A,H,C,A,01,S,03,C,,,,,C,N,N,A,1,0,0,0,22350.0,2,34.25116486,-119.20855231,4
2013,2013-01-07,1119,1,4,11,1,Y,A,N,A,H,A,-,- ,,03,C,,,,,C,Y,N,A,1,0,0,0,22350.0,2,34.2194549,-119.2213122,4
2013,2013-01-11,1751,1,4,17,5,N,A,Y,A,H,D,G,25,S,03,C,,,,Y,C,Y,F,D,5,0,0,0,22350.0,4,34.2244416,-119.1557239,4
2012,2012-01-08,945,1,4,9,7,Y,A,Y,A,H,A,D,22,,09,D,,,,,C,Y,N,A,2,0,0,0,21802.0,2,34.39420516,-118.93261471,2
2012,2012-10-19,1052,10,3,10,5,Y,A,Y,A,H,A,A,01,,12,D,,,,,C,Y,N,A,2,0,0,0,21453.0,3,34.17445169,-119.15910172,3
2012,2012-10-19,1423,10,3,14,5,Y,A,Y,A,H,A,A,01,,12,D,,,,,C,Y,N,A,1,0,0,0,21453.0,2,34.23372491,-119.17186226,4
2012,2012-11-06,825,11,3,8,2,N,A,Y,A,H,A,A,07,N,03,C,,,,,C,Y,N,D,2,0,0,0,22350.0,2,34.2061179,-118.99056203,3
2012,2012-11-02,1017,11,3,10,5,N,A,Y,A,H,A,C,02,N,03,C,,,Y,,C,N,N,A,1,0,0,1,22350.0,2,34.22601638,-119.16254823,4
2012,2012-11-05,838,11,3,8,1,N,A,Y,A,H,A,A,08,N,03,C,,,,,C,N,N,D,1,0,0,0,22350.0,2,34.22188486,-119.11254235,4
2012,2012-11-06,1640,11,3,16,2,Y,A,,A,H,A,-,- ,,10,G,Y,,,,B,N,N,A,1,1,0,0,21950.0,2,34.2190049,-119.16542248,4
2012,2012-11-06,1832,11,3,18,2,N,A,N,A,H,C,L,04,E,05,D,,Y,,,G,N,N,A,1,0,1,0,21650.0,2,34.21900482,-119.16537279,3
2012,2012-11-06,1613,11,3,16,2,N,A,N,A,H,A,-,- ,W,12,D,,,,,C,Y,N,A,4,0,0,0,21453.0,2,34.21901976,-119.16008429,3
2012,2012-12-10,734,12,4,7,1,N,A,Y,A,H,A,A,01,E,08,E,,,,,I,Y,N,D,1,0,0,0,22107.0,1,34.29346655,-119.1498819,4
2012,2012-12-07,1620,12,4,16,5,N,A,Y,A,H,A,A,08,W,08,F,,,,,A,Y,N,D,1,0,0,0,22107.0,1,34.27395284,-119.19700668,2
2012,2012-12-09,139,12,4,1,7,N,E,N,D,E,D,A,07,W,03,E,,,,,I,N,M,D,1,0,0,0,22350.0,1,34.27281496,-119.08548909,4
2012,2012-12-06,1209,12,4,12,4,N,A,N,A,H,A,A,01,W,08,E,,,,,I,Y,N,D,1,0,0,0,22107.0,1,34.31416374,-119.14578763,4
2012,2012-12-02,1210,12,4,12,7,N,B,Y,B,H,A,C,02,N,08,B,,,Y,,C,N,N,D,1,0,0,1,22107.0,2,34.14978663,-119.11484114,2
2012,2012-12-09,1555,12,4,15,7,N,A,Y,A,H,A,C,02,S,06,E,,,Y,,I,Y,N,D,1,0,0,1,21750.0,1,34.53563906,-119.25115154,2
2012,2012-10-21,1725,10,3,17,7,Y,A,N,A,H,C,L,04,,08,D,,Y,,,G,,N,D,1,0,1,0,22107.0,2,34.15712489,-119.15291246,2