ACCIDENT_YEAR,COLLISION_DATE,COLLISION_TIME,MONTH,SEASON,24HOURS,DAY_OF_WEEK,INTERSECTION,WEATHER_1,STATE_HWY_IND,ROAD_SURFACE,ROAD_COND_1,LIGHTING,STWD_VEHTYPE_AT_FAULT,CHP_VEHTYPE_AT_FAULT,DIRECTION,PCF_VIOL_CATEGORY,TYPE_OF_COLLISION,PEDESTRIAN_ACCIDENT,BICYCLE_ACCIDENT,MOTORCYCLE_ACCIDENT,TRUCK_ACCIDENT,MVIW,TOW_AWAY,HIT_AND_RUN,CONTROL_DEVICE,NUMBER_INJURED,COUNT_PED_INJURED,COUNT_BICYCLIST_INJURED,COUNT_MC_INJURED,PCF_VIOLATION,PARTY_COUNT,POINT_Y,POINT_X,COLLISION_SEVERITY
2013,2013-01-13,2032,1,4,20,7,Y,A,Y,A,H,C,-,- ,,09,D,,,,,C,Y,N,D,2,0,0,0,21804.0,2,34.1858268,-119.1725555,4
2013,2013-01-13,2000,1,4,20,7,N,A,N,A,H,C,-,- ,N,01,C,,,,,C,Y,N,D,1,0,0,0,23153.0,2,34.1766346,-119.1862924,4
2013,2013-01-14,1730,1,4,17,1,Y,A,N,A,H,B,-,- ,,04,C,,,,,C,N,N,D,1,0,0,0,21703.0,2,34.1612549,-119.1731224,4
2013,2013-01-14,1600,1,4,16,1,Y,A,N,A,H,A,-,- ,,09,D,,,,,C,Y,N,A,3,0,0,0,21801.0,3,34.2062649,-119.1423224,2
2013,2013-01-14,1530,1,4,15,1,N,A,N,A,H,A,L,04,E,04,C,,Y,,,G,N,N,D,1,0,1,0,21703.0,2,34.2145309,-119.191962,4
2012,2012-10-22,2131,10,3,21,1,N,A,N,A,H,C,C,02,N,03,F,,,Y,,A,Y,N,A,1,0,0,1,22350.0,2,34.1998997,-118.86856735,2
2012,2012-10-17,843,10,3,8,3,N,A,N,A,H,A,L,04,E,03,H,,Y,,,A,N,N,D,1,0,1,0,22350.0,1,34.15441965,-118.94983811,3
2012,2012-10-31,1654,10,3,16,3,N,A,N,A,H,A,A,01,E,03,C,,,,,C,Y,N,D,2,0,0,0,22350.0,2,34.18153964,-118.86419984,4
2012,2012-10-29,945,10,3,9,1,N,A,N,A,H,A,A,01,W,03,C,,,,,C,N,N,D,1,0,0,0,22350.0,2,34.20519956,-118.87761491,4
2012,2012-11-01,2037,11,3,20,4,N,A,N,A,H,C,A,01,S,08,E,,,,,I,Y,N,D,1,0,0,0,22107.0,1,34.22692339,-118.86905212,2
2012,2012-10-09,650,10,3,6,2,Y,A,Y,A,H,A,-,- ,,12,D,,,,,C,Y,N,A,2,0,0,0,21453.0,2,,,4
2012,2012-10-08,800,10,3,8,1,Y,A,N,A,H,A,-,- ,,09,D,,,,,C,Y,N,A,1,0,0,0,21801.0,2,34.17561488,-119.18621243,3
2012,2012-10-05,1514,10,3,15,5,N,A,N,A,H,A,-,- ,N,03,C,,,,,C,N,N,A,4,0,0,0,22350.0,3,34.2131612,-119.19470236,4
2012,2012-10-05,1407,10,3,14,5,Y,A,N,A,H,A,A,01,,03,C,,,,,C,Y,N,A,1,0,0,0,22350.0,2,34.17486481,-119.23166223,3
2012,2012-10-04,1810,10,3,18,4,N,A,Y,A,H,A,-,- ,N,03,C,,,,,C,N,N,A,2,0,0,0,22350.0,3,34.19820485,-119.1774923,4
2012,2012-10-04,1549,10,3,15,4,Y,A,N,A,H,A,-,- ,,04,C,,,,,C,Y,N,A,1,0,0,0,21703.0,2,34.19358482,-119.20807247,4
2012,2012-10-03,1553,10,3,15,3,Y,A,N,A,H,A,-,- ,,03,C,,,,,C,Y,N,A,1,0,0,0,22350.0,2,34.20042494,-119.17987239,4
2012,2012-10-05,729,10,3,7,5,Y,A,N,A,H,A,-,- ,,09,D,,,,,C,Y,N,D,2,0,0,0,21801.0,2,34.19162486,-119.22135231,4
2012,2012-10-04,2030,10,3,20,4,N,A,N,A,H,C,-,- ,W,04,C,,,,,C,N,N,A,1,0,0,0,21703.0,3,34.21900654,-119.16558754,4
2012,2012-10-05,1912,10,3,19,5,Y,A,N,A,H,A,N,60,,11,D,Y,,,,B,N,N,-,1,1,0,0,21954.0,2,34.17820487,-119.19514249,2
2012,2012-10-06,1235,10,3,12,6,Y,A,N,A,H,A,-,- ,,12,D,,,,,C,N,N,A,1,0,0,0,21453.0,2,34.18552491,-119.22141235,4
2012,2012-10-06,1745,10,3,17,6,Y,A,N,A,H,A,-,- ,,09,D,,,,,C,Y,N,A,3,0,0,0,21800.0,2,34.16233489,-119.16553248,3
2012,2012-10-02,1147,10,3,11,2,Y,A,N,A,H,A,-,- ,,05,A,,,,,C,Y,N,D,3,0,0,0,21650.0,2,34.18035483,-119.18133248,3
2012,2012-10-04,1325,10,3,13,4,Y,A,N,A,H,A,-,- ,,09,D,,,,,C,Y,N,A,3,0,0,0,21801.0,2,34.21896483,-119.15399248,3
2012,2012-11-15,1415,11,3,14,4,N,B,N,A,H,A,A,07,W,03,C,,,,,C,N,N,A,2,0,0,0,22350.0,2,34.21929483,-119.051354,4
2012,2012-11-23,1453,11,3,14,5,N,A,N,A,H,A,A,01,E,09,D,,,,,C,Y,N,D,1,0,0,0,21804.0,2,34.22367802,-119.06834532,4
2012,2012-11-29,1406,11,3,14,4,Y,B,Y,A,H,A,A,01,,12,H,,,,,C,N,N,A,1,0,0,0,21453.0,2,34.21226486,-119.03631228,4
2012,2012-11-29,1630,11,3,16,4,N,B,N,B,H,A,A,01,S,03,E,,,,,I,Y,N,A,1,0,0,0,22350.0,1,34.23630768,-119.03906662,3
2012,2012-11-23,1751,11,3,17,5,N,A,Y,A,H,C,A,01,W,03,C,,,,,C,N,N,A,3,0,0,0,22350.0,3,34.39553522,-118.92286802,4
2012,2012-11-29,648,11,3,6,4,N,C,N,B,H,A,A,07,S,03,F,,,,,I,Y,N,D,1,0,0,0,22350.0,1,34.22311027,-119.02276706,4
2012,2012-11-26,1749,11,3,17,1,Y,A,N,A,H,C,-,- ,,04,C,,,,,C,N,N,A,2,0,0,0,21703.0,2,34.18261484,-119.16519236,4
2012,2012-11-18,11,11,3,0,7,N,C,N,B,H,E,N,60,S,11,G,Y,,,,B,,N,A,1,1,0,0,21453.0,2,34.19039541,-119.22121236,2
2012,2012-11-19,1859,11,3,18,1,N,A,N,A,H,D,N,60,E,11,G,Y,,,,B,,N,D,1,1,0,0,21950.0,2,34.22246738,-119.13338933,2
2012,2012-12-11,1316,12,4,13,2,Y,A,N,A,H,A,-,- ,,00,-,Y,,,,B,N,N,A,1,1,0,0,,2,34.26272482,-119.23027227,3
2012,2012-12-07,822,12,4,8,5,Y,A,N,A,H,A,-,- ,,03,G,Y,,,,B,N,N,D,1,1,0,0,22350.0,2,34.29247483,-119.29750227,3
2012,2012-12-12,1519,12,4,15,3,Y,B,Y,B,H,A,-,- ,,03,C,,,,,C,Y,N,D,1,0,0,0,22350.0,2,34.27150487,-119.21376224,4
2012,2012-12-08,1537,12,4,15,6,N,A,N,A,H,A,-,- ,W,03,C,,,,,C,N,N,D,1,0,0,0,22350.0,2,34.27328033,-119.25931626,3
2012,2012-12-28,1331,12,4,13,5,N,A,Y,A,H,A,A,07,E,03,C,,,,,C,N,N,D,1,0,0,0,22350.0,2,34.44749487,-119.24941233,4
2012,2012-12-11,1133,12,4,11,2,N,A,N,A,H,A,A,,N,03,C,,,,,C,Y,N,A,2,0,0,0,22350.0,2,34.25465693,-119.19765983,4
2012,2012-12-16,305,12,4,3,7,N,A,Y,A,H,C,A,01,S,03,C,,,,,C,Y,N,D,1,0,0,0,22350.0,2,34.260516,-119.22755749,4
2012,2012-12-18,714,12,4,7,2,N,B,Y,B,H,A,A,07,E,03,E,,,,,I,Y,N,D,1,0,0,0,22350.0,1,34.27134514,-119.21498107,3
2012,2012-12-22,1030,12,4,10,6,N,B,N,A,H,A,-,- ,E,00,F,Y,,,,B,N,N,D,1,1,0,0,,1,34.29728218,-119.13577071,2
2012,2012-12-07,1732,12,4,17,5,N,A,N,A,H,C,-,- ,N,03,C,,,,,C,Y,N,D,1,0,0,0,22350.0,3,34.26888823,-118.79644896,4
2012,2012-12-22,1105,12,4,11,6,N,B,Y,A,H,A,A,01,N,03,C,,,,,C,N,N,D,2,0,0,0,22350.0,2,34.26473915,-119.24242051,4
2012,2012-12-21,1125,12,4,11,5,N,A,Y,A,H,A,C,02,S,08,F,,,Y,,I,Y,N,D,1,0,0,1,22107.0,1,34.30399486,-119.30015233,4
2012,2012-12-17,1859,12,4,18,1,Y,C,N,B,H,C,-,- ,,09,D,,,,,C,N,N,A,2,0,0,0,21802.0,2,34.28553491,-118.75770232,4
2012,2012-12-17,1758,12,4,17,1,N,C,N,B,H,C,-,- ,E,- ,C,,,,,C,Y,N,A,1,0,0,0,,2,34.27176166,-118.71603073,4
2012,2012-12-17,1711,12,4,17,1,N,C,N,B,H,C,-,- ,W,03,C,,,,,C,Y,N,A,2,0,0,0,22350.0,3,34.26446251,-118.78032118,4
2012,2012-12-21,1539,12,4,15,5,N,A,N,A,H,A,-,- ,S,01,B,,,,,C,N,N,D,1,0,0,0,23152.0,3,34.29802506,-118.6963289,3
2012,2012-12-31,1223,12,4,12,1,N,A,N,A,H,A,-,- ,E,08,E,,,,,I,Y,N,D,1,0,0,0,22107.0,1,34.27181485,-118.76546612,4
2012,2012-12-28,1519,12,4,15,5,N,A,N,A,H,A,-,- ,W,03,C,,,,,C,Y,N,A,1,0,0,0,22350.0,2,34.27162594,-118.70917735,4
2012,2012-12-22,1458,12,4,14,6,N,B,Y,B,H,A,A,07,N,03,C,,,,,C,Y,N,D,2,0,0,0,22350.0,2,34.43187487,-119.28297234,4
2012,2012-12-24,29,12,4,0,1,Y,B,N,B,H,C,A,01,,01,E,,,,,I,Y,N,A,1,0,0,0,23152.0,2,34.22153486,-119.06753239,3
2012,2012-12-28,1352,12,4,13,5,N,B,N,A,H,A,A,01,W,09,D,,,,,C,Y,N,A,1,0,0,0,21804.0,2,34.21762547,-119.05578427,4
2012,2012-12-28,1402,12,4,14,5,Y,A,N,A,H,A,A,07,,09,D,,,,,C,Y,N,A,2,0,0,0,21802.0,2,34.24300489,-119.01236243,4
2012,2012-12-11,1400,12,4,14,2,N,A,Y,A,H,A,A,07,E,03,C,,,,,C,Y,N,D,1,0,0,0,22350.0,2,34.44755488,-119.24925233,4
2012,2012-12-10,1726,12,4,17,1,Y,A,N,A,H,C,-,- ,,12,D,,,,,C,Y,N,A,2,0,0,0,21453.0,2,34.19316489,-118.89402237,4
2012,2012-12-15,545,12,4,5,6,N,B,Y,B,H,D,A,07,E,08,E,,,,,I,Y,N,D,1,0,0,0,22107.0,1,34.32148487,-119.1029723,3
2012,2012-12-12,816,12,4,8,3,Y,A,N,A,H,A,-,- ,,09,D,,,,,C,Y,N,A,2,0,0,0,21802.0,2,34.20700482,-119.18103235,4
2012,2012-12-08,1622,12,4,16,6,N,A,N,A,H,B,-,- ,N,03,C,,,,,C,Y,N,D,3,0,0,0,22350.0,3,34.26225279,-118.74787006,3
2012,2012-12-11,1940,12,4,19,2,Y,A,N,A,H,C,-,- ,,12,D,,,,,C,Y,N,A,2,0,0,0,21453.0,2,34.20291489,-119.19482241,3
2012,2012-12-01,2108,12,4,21,6,N,C,N,B,H,C,N,60,E,11,G,Y,,,,B,N,F,A,1,1,0,0,21954.0,2,34.27538485,-118.74916246,2
2012,2012-12-11,1543,12,4,15,2,N,A,N,A,H,A,-,- ,E,03,C,,,,,C,N,N,A,2,0,0,0,22350.0,2,34.15478413,-119.18053029,4
2012,2012-12-10,710,12,4,7,1,N,A,N,A,H,A,L,04,S,05,H,,Y,,,G,Y,N,A,1,0,1,0,21650.0,2,34.18820779,-118.9114243,3
2012,2012-12-08,215,12,4,2,6,N,A,N,A,H,C,-,- ,W,03,A,,,,,C,Y,N,A,1,0,0,0,22350.0,3,34.22368877,-119.18297042,3
2012,2012-12-13,1750,12,4,17,4,N,A,N,A,H,C,-,- ,E,03,C,,,,,C,Y,F,D,1,0,0,0,22350.0,2,34.19755482,-119.20784719,4
2012,2012-12-12,1552,12,4,15,3,N,C,N,B,H,A,-,- ,N,03,C,,,,,C,Y,N,D,1,0,0,0,22350.0,2,34.21206366,-119.19473116,4
2012,2012-12-13,1810,12,4,18,4,N,A,N,A,H,B,-,- ,N,04,C,,,,,C,N,N,D,2,0,0,0,21703.0,2,34.1905991,-119.19499236,4
2012,2012-12-08,1529,12,4,15,6,N,A,N,A,A,A,-,- ,E,21,C,,,,,C,N,N,A,1,0,0,0,22106.0,2,34.26270893,-118.73897704,4
2012,2012-12-14,147,12,4,1,5,N,A,N,A,H,C,-,- ,N,08,E,,,,,I,Y,N,D,1,0,0,0,22107.0,1,34.20348653,-119.22110236,4
2012,2012-12-09,1147,12,4,11,7,N,A,N,A,H,A,A,01,W,09,D,,,,,C,Y,N,A,1,0,0,0,21804.0,2,34.27902485,-118.7645513,4
2012,2012-12-13,2130,12,4,21,4,N,A,N,A,H,D,-,- ,N,08,E,,,,,I,Y,F,D,1,0,0,0,22107.0,1,34.22027824,-119.22130687,3
2012,2012-12-07,800,12,4,8,5,Y,A,N,A,H,A,-,- ,,04,C,,,,,C,Y,N,A,1,0,0,0,21703.0,3,34.19019483,-119.18123241,3
2012,2012-12-06,1528,12,4,15,4,Y,A,N,A,H,A,-,- ,,21,D,,,,,C,N,N,A,1,0,0,0,22106.0,2,34.18186483,-119.19228244,4
2012,2012-12-12,1615,12,4,16,3,N,C,N,B,H,A,-,- ,E,04,C,,,,,C,N,N,B,1,0,0,0,21703.0,2,34.14756879,-119.18329214,4
2012,2012-12-12,641,12,4,6,3,Y,B,N,A,H,A,-,- ,,09,D,,,,,C,Y,N,A,1,0,0,0,21804.0,2,34.22654483,-119.18108249,4
2012,2012-12-11,2330,12,4,23,2,Y,B,N,A,H,C,-,- ,,18,H,,,,,A,N,N,D,1,0,0,0,,1,34.22909488,-119.15755238,4
2012,2012-12-09,1100,12,4,11,7,N,A,N,A,H,A,-,- ,W,03,E,,,,,I,Y,N,D,1,0,0,0,22350.0,1,34.19787329,-119.19242293,4
2012,2012-12-09,910,12,4,9,7,N,A,N,A,H,A,-,- ,W,09,B,,Y,,,G,N,N,D,1,0,1,0,21804.0,2,34.19004482,-119.18897779,4
2012,2012-10-11,1300,10,3,13,4,N,B,Y,B,H,A,A,01,W,03,E,,,,,I,Y,N,D,1,0,0,0,22350.0,1,34.28144489,-118.68214123,4
2012,2012-10-06,1020,10,3,10,6,N,A,N,A,H,A,A,07,S,09,D,,,,,C,Y,N,D,1,0,0,0,21801.0,3,34.18931875,-118.94540626,4
2012,2012-10-15,845,10,3,8,1,N,A,N,A,H,A,A,01,E,03,C,,,,,C,Y,N,D,2,0,0,0,22350.0,2,34.2371294,-118.96090897,4
2012,2012-10-11,1106,10,3,11,4,N,B,Y,A,H,A,C,02,E,03,E,,,Y,,I,Y,N,A,1,0,0,1,22350.0,1,34.27396487,-118.93049226,4
2012,2012-10-14,1432,10,3,14,7,N,A,Y,A,H,A,C,02,N,03,F,,,Y,,A,Y,N,D,1,0,0,1,22350.0,2,34.19962233,-118.9570172,3
2012,2012-10-09,750,10,3,7,2,N,A,Y,A,H,A,A,01,E,03,C,,,,,C,Y,N,D,1,0,0,0,22350.0,2,34.29199488,-118.82925225,4
2012,2012-10-12,1720,10,3,17,5,N,A,Y,A,H,A,A,01,S,03,C,,,,,C,Y,N,D,1,0,0,0,22350.0,4,34.16295811,-118.83294996,4
2012,2012-10-08,750,10,3,7,1,N,A,Y,A,H,A,A,01,E,03,C,,,,,C,Y,N,D,1,0,0,0,22350.0,2,34.28252521,-118.78684153,4
2012,2012-10-03,1345,10,3,13,3,N,A,Y,A,H,A,A,01,N,08,E,,,,,I,Y,N,D,1,0,0,0,22107.0,1,34.16873487,-118.84160224,4
2012,2012-12-21,1420,12,4,14,5,N,A,N,A,H,A,A,01,W,03,C,,,,,C,Y,N,D,1,0,0,0,22350.0,2,34.17603147,-119.21408318,4
2012,2012-12-28,41,12,4,0,5,N,A,N,A,H,C,A,01,N,01,E,,,,,-,Y,N,D,1,0,0,0,23152.0,1,34.14371401,-119.19561235,4
2012,2012-11-28,912,11,3,9,3,N,A,N,A,H,A,-,- ,E,08,B,,,,,E,Y,N,A,1,0,0,0,22107.0,2,34.15113481,-119.18590221,3
2012,2012-11-27,1824,11,3,18,2,Y,A,N,A,H,C,-,- ,,03,C,,,,,C,Y,N,A,1,0,0,0,22350.0,2,34.15474487,-119.17561247,4
2012,2012-11-26,1040,11,3,10,1,N,A,N,A,H,A,-,- ,E,03,C,,,,,C,Y,N,A,1,0,0,0,22350.0,2,34.21903482,-119.17207715,4
2012,2012-11-26,1519,11,3,15,1,N,A,Y,A,H,A,-,- ,W,03,C,,,,,C,Y,N,A,1,0,0,0,22350.0,3,34.22608921,-119.17744042,4
2012,2012-11-30,1030,11,3,10,5,N,C,Y,B,H,A,-,- ,W,04,C,,,,,C,N,N,D,2,0,0,0,21703.0,2,34.21845424,-119.1772649,4
2012,2012-06-23,922,6,2,9,6,Y,B,N,A,H,A,-,- ,,09,D,,,,,C,Y,N,A,2,0,0,0,21453.0,2,34.17575491,-119.22160229,2
2012,2012-06-28,2129,6,2,21,4,N,A,N,A,H,C,-,- ,N,00,G,Y,,,,B,N,N,D,1,1,0,0,,2,34.18451305,-119.17758226,3
2012,2012-10-30,1648,10,3,16,2,N,A,N,A,H,A,A,01,W,03,C,,,,,C,Y,N,D,1,0,0,0,22350.0,2,34.17468087,-118.83691192,4
2012,2012-12-03,1642,12,4,16,1,Y,A,N,A,H,B,-,- ,,08,C,,,,,C,N,N,A,1,0,0,0,22107.0,2,34.26511483,-119.24615224,4
2012,2012-12-10,810,12,4,8,1,Y,A,N,A,H,A,A,07,,10,H,,Y,,,G,N,N,A,1,0,1,0,21950.0,2,34.27445488,-119.23926233,4
2012,2012-11-02,1242,11,3,12,5,N,A,N,A,H,A,A,07,E,09,D,,,,,C,N,N,D,1,0,0,0,21804.0,2,34.15436588,-118.82639939,4
2012,2012-10-31,1422,10,3,14,3,N,A,Y,A,H,A,A,01,N,03,C,,,,,C,Y,N,A,1,0,0,0,22350.0,2,34.39453143,-118.91744004,4
2012,2012-10-24,1436,10,3,14,3,N,A,N,A,H,A,C,02,W,08,F,,,Y,,A,N,N,D,1,0,0,1,22107.0,1,34.21928098,-119.05151082,3
2012,2012-10-30,1447,10,3,14,2,N,A,N,A,H,A,A,07,W,05,E,,,,,I,Y,N,D,1,0,0,0,21651.0,1,34.23318011,-119.05286263,3
2012,2012-10-31,803,10,3,8,3,N,B,N,A,H,A,A,07,N,01,C,,,,,C,Y,N,A,1,0,0,0,23152.0,2,34.21658561,-119.00626822,3
2012,2012-12-25,2300,12,4,23,2,N,B,Y,A,H,D,A,01,E,08,E,,,,,I,Y,N,D,1,0,0,0,22107.0,1,34.32460684,-119.09772285,4
2012,2012-12-26,1012,12,4,10,3,N,A,N,A,H,A,A,07,E,09,E,,,,,C,N,N,A,1,0,0,0,21804.0,2,34.18111155,-118.87551463,4
2012,2012-12-27,920,12,4,9,4,N,A,Y,A,H,A,A,07,E,07,B,,,,,C,Y,N,A,1,0,0,0,21658.0,2,34.23947797,-118.84050629,4
2012,2012-12-29,1030,12,4,10,6,Y,B,N,A,H,A,A,07,,12,D,,,,,C,Y,N,A,2,0,0,0,21453.0,2,34.18118495,-118.87610239,4
2012,2012-12-31,1800,12,4,18,1,Y,A,N,A,H,A,A,07,,12,D,,,,,C,Y,N,A,2,0,0,0,21453.0,2,34.19493493,-118.87229233,4
2012,2012-12-01,2144,12,4,21,6,N,B,N,B,H,C,-,- ,E,04,C,,,,,C,Y,N,A,3,0,0,0,21703.0,2,34.21923387,-119.18931127,4
2012,2012-12-01,2013,12,4,20,6,Y,C,N,B,H,C,-,- ,,10,A,Y,,,,B,N,M,A,1,1,0,0,21950.0,2,34.16597485,-119.17778248,4
2012,2012-12-03,2322,12,4,23,1,N,A,N,A,H,C,-,- ,W,01,E,,,,,I,Y,N,A,1,0,0,0,23152.0,1,34.17398084,-119.18231382,4
2012,2012-09-28,1240,9,3,12,5,N,A,Y,A,H,A,A,01,S,08,D,,,,,C,Y,N,D,3,0,0,0,22107.0,2,34.1980315,-118.95418999,3
2012,2012-09-21,1700,9,3,17,5,N,A,N,A,H,A,A,07,N,08,E,,,,,I,Y,N,D,1,0,0,0,22107.0,1,34.27307223,-118.95677301,3
2012,2012-09-20,1941,9,3,19,4,N,A,N,A,H,D,-,- ,N,18,H,,,,,A,,N,D,1,0,0,0,,1,34.19921505,-119.19174106,2
2012,2012-11-01,1522,11,3,15,4,Y,A,N,A,H,A,A,01,,09,D,,,,,C,Y,N,D,1,0,0,0,21800.0,2,34.23870488,-119.0187524,4
2012,2012-11-02,1720,11,3,17,5,N,A,N,A,H,A,A,01,N,04,C,,,,,C,Y,N,D,1,0,0,0,21703.0,2,34.22232162,-118.9994275,4
2012,2012-11-04,1515,11,3,15,7,N,A,N,A,H,A,A,01,W,09,E,,Y,,,I,N,N,A,1,0,1,0,21802.0,2,34.23768332,-118.9657706,4
2012,2012-11-28,1825,11,3,18,3,Y,C,N,B,H,C,-,- ,,09,D,,,,,C,Y,N,A,3,0,0,0,21801.0,2,34.1611649,-119.15303235,4
2012,2012-12-21,1740,12,4,17,5,Y,A,Y,A,H,C,A,07,,09,H,,,,,C,Y,N,A,1,0,0,0,21801.0,2,34.18477487,-118.89576225,4
2012,2012-10-27,105,10,3,1,6,N,A,N,A,H,C,-,- ,E,01,E,,,,,I,Y,N,A,1,0,0,0,23152.0,2,34.15476263,-119.17764195,2
2012,2012-11-17,615,11,3,6,6,N,C,Y,A,H,A,A,07,S,03,F,,,,,A,Y,N,D,1,0,0,0,22350.0,1,34.27721783,-119.29098539,4
2012,2012-11-29,1915,11,3,19,4,Y,C,N,B,H,C,A,,,08,E,,,,,I,Y,N,D,1,0,0,0,22107.0,1,34.26239495,-119.23395395,4
2012,2012-11-29,1050,11,3,10,4,Y,B,N,B,H,A,A,,,03,C,,,,,C,Y,N,A,2,0,0,0,22350.0,3,34.26807491,-119.21305225,4
2012,2012-11-19,15,11,3,0,1,N,A,Y,B,H,D,A,01,S,08,F,,,,,A,Y,F,D,1,0,0,0,22107.0,1,34.19661486,-119.10464229,3
2012,2012-10-11,1545,10,3,15,4,N,A,Y,A,H,A,A,01,N,03,C,,,,,C,Y,N,D,1,0,0,0,22350.0,3,34.36688054,-119.30645029,4
2012,2012-10-25,815,10,3,8,4,N,A,Y,A,H,A,A,01,W,03,C,,,,,C,Y,N,D,1,0,0,0,22350.0,2,34.30535487,-119.13016757,4
2012,2012-10-29,1635,10,3,16,1,N,A,Y,A,H,A,A,01,S,03,C,,,,,C,N,N,D,1,0,0,0,22350.0,2,34.25110558,-119.20843277,4
2012,2012-10-25,2052,10,3,20,4,N,A,N,A,H,C,A,01,W,05,D,,,,,C,Y,N,D,2,0,0,0,21460.0,2,34.20668341,-118.8476077,4
2012,2012-10-27,904,10,3,9,6,N,A,N,A,H,A,L,04,E,07,H,,Y,,,G,N,N,D,1,0,1,0,21658.0,2,34.230048,-118.86594097,3
2012,2012-10-27,1951,10,3,19,6,Y,A,N,A,H,C,A,07,,12,D,,,,,C,Y,N,A,1,0,0,0,21453.0,3,34.18118495,-118.87610239,4
2012,2012-10-25,126,10,3,1,4,N,A,N,B,H,C,A,01,S,01,D,,,,,E,Y,F,D,2,0,0,0,23152.0,3,34.17522924,-118.87622168,3
2012,2012-10-08,1626,10,3,16,1,Y,A,N,A,H,A,-,- ,,09,A,,,,,C,Y,N,A,1,0,0,0,21801.0,2,34.2005149,-119.17090236,4
2012,2012-10-06,1413,10,3,14,6,-,A,N,A,H,A,-,- ,,03,C,,,,,D,Y,N,A,3,0,0,0,22350.0,2,34.22608546,-119.17886138,3
2012,2012-10-04,655,10,3,6,4,N,A,N,A,H,B,-,- ,E,03,C,,,,,C,Y,N,A,2,0,0,0,22350.0,3,34.16509203,-119.14324488,4
2012,2012-10-18,1213,10,3,12,4,Y,A,Y,A,H,A,A,01,,09,F,,,,,C,Y,N,A,1,0,0,0,21802.0,2,34.43140006,-119.2859753,4
2012,2012-12-24,1128,12,4,11,1,N,B,Y,B,H,A,A,01,N,03,C,,,,,C,N,N,A,1,0,0,0,22350.0,2,34.32392364,-119.39245798,4
2012,2012-12-30,1932,12,4,19,7,N,A,Y,A,H,C,A,01,W,03,C,,,,,C,N,N,A,1,0,0,0,22350.0,2,34.39613537,-118.91823175,3
2012,2012-12-07,748,12,4,7,5,N,A,N,A,H,A,L,04,S,05,H,,Y,,,G,N,N,A,1,0,1,0,21650.0,2,34.19670017,-118.88256076,4
2012,2012-12-13,1915,12,4,19,4,Y,B,N,A,H,C,A,07,,09,H,,,,,C,Y,N,A,2,0,0,0,21453.0,2,34.15726486,-118.81293238,3
2012,2012-12-16,1434,12,4,14,7,N,B,N,B,H,A,L,04,E,08,F,,Y,,,A,N,N,A,1,0,1,0,22107.0,1,34.21183504,-118.84009091,3
2012,2012-12-19,1340,12,4,13,3,Y,A,N,A,H,A,A,08,,12,D,,,,,C,Y,N,A,2,0,0,0,22450.0,3,34.22606489,-118.8428423,4
2012,2012-10-12,1207,10,3,12,5,N,A,N,A,H,A,A,07,S,03,C,,,,,C,N,N,A,1,0,0,0,22350.0,2,34.17378302,-119.23148616,4
2012,2012-10-15,800,10,3,8,1,Y,A,N,A,H,A,-,- ,,12,D,,,,,C,N,N,A,3,0,0,0,21453.0,3,34.17374483,-119.18118239,3
2013,2013-01-17,1733,1,4,17,4,N,A,N,A,H,C,A,07,E,03,C,,,,,C,N,N,A,2,0,0,0,22350.0,2,34.2360769,-118.9259321,4
2012,2012-10-13,1025,10,3,10,6,N,A,N,A,H,A,A,07,W,01,E,,,,,I,Y,N,D,1,0,0,0,23152.0,1,34.17913332,-118.93351309,3
2012,2012-10-04,1130,10,3,11,4,N,A,N,A,H,A,A,01,S,03,C,,,,,C,Y,N,D,2,0,0,0,22350.0,2,34.17240055,-119.19515235,4
2012,2012-10-12,930,10,3,9,5,N,A,N,A,H,A,A,07,W,01,A,,,,,C,Y,N,A,1,0,0,0,23152.0,2,34.16431152,-119.06070761,4
2012,2012-10-04,1743,10,3,17,4,Y,A,N,A,H,A,-,- ,,10,G,Y,,,,B,Y,N,A,1,1,0,0,21950.0,2,34.16107491,-119.18056248,3
2012,2012-10-25,1702,10,3,17,4,Y,A,N,A,H,A,-,- ,,03,C,,,,,C,Y,N,D,2,0,0,0,22350.0,2,34.25797484,-119.26843236,3
2012,2012-10-24,1850,10,3,18,3,Y,A,N,A,H,C,-,- ,,09,H,,,,,A,Y,N,A,1,0,0,0,21801.0,2,34.27988485,-119.22717223,3
2012,2012-10-06,618,10,3,6,6,Y,B,N,A,H,C,A,,,09,D,,,,,C,Y,N,D,1,0,0,0,21802.0,2,34.26559485,-119.20052242,4
2012,2012-10-09,2045,10,3,20,2,N,A,N,A,H,C,A,,W,06,E,,,,,I,Y,N,D,2,0,0,0,21755.0,1,34.26222876,-119.23291916,4
2012,2012-10-09,1614,10,3,16,2,Y,A,N,A,H,A,L,,,05,D,,Y,,,G,N,N,A,1,0,1,0,21650.0,2,34.29068486,-119.29805236,3
2012,2012-10-12,1500,10,3,15,5,N,A,N,A,H,A,F,,N,03,C,,,,Y,C,Y,N,A,1,0,0,0,22350.0,2,34.25863836,-119.21113573,4
2012,2012-10-15,1648,10,3,16,1,N,A,N,A,H,A,L,,N,- ,D,,Y,,,G,N,N,D,1,0,1,0,,2,34.26590751,-119.24631586,4
2012,2012-10-11,1545,10,3,15,4,Y,A,N,A,H,A,N,60,,11,A,Y,,,,B,N,N,D,1,1,0,0,21954.0,2,34.27639493,-119.20861246,3
2012,2012-10-09,1825,10,3,18,2,Y,A,N,A,H,C,A,,,08,D,,,Y,,C,Y,N,A,1,0,0,1,22107.0,2,34.27832489,-119.28856235,3