ACCIDENT_YEAR,COLLISION_DATE,COLLISION_TIME,MONTH,SEASON,24HOURS,DAY_OF_WEEK,INTERSECTION,WEATHER_1,STATE_HWY_IND,ROAD_SURFACE,ROAD_COND_1,LIGHTING,STWD_VEHTYPE_AT_FAULT,CHP_VEHTYPE_AT_FAULT,DIRECTION,PCF_VIOL_CATEGORY,TYPE_OF_COLLISION,PEDESTRIAN_ACCIDENT,BICYCLE_ACCIDENT,MOTORCYCLE_ACCIDENT,TRUCK_ACCIDENT,MVIW,TOW_AWAY,HIT_AND_RUN,CONTROL_DEVICE,NUMBER_INJURED,COUNT_PED_INJURED,COUNT_BICYCLIST_INJURED,COUNT_MC_INJURED,PCF_VIOLATION,PARTY_COUNT,POINT_Y,POINT_X,COLLISION_SEVERITY
2013,2013-01-05,1437,1,4,14,6,N,A,N,A,H,A,-,- ,S,03,C,,,,,C,N,N,A,2,0,0,0,22350.0,2,34.1898862,-119.1776016,4
2013,2013-01-04,700,1,4,7,5,Y,A,Y,A,H,B,-,- ,,09,D,,,,,C,Y,F,A,2,0,0,0,21801.0,2,34.1968714,-119.1426905,3
2013,2013-01-24,835,1,4,8,4,N,B,Y,B,D,A,A,01,S,03,E,,,,,I,Y,N,D,1,0,0,0,22350.0,1,34.3757501,-119.474768,4
2013,2013-02-01,1835,2,4,18,5,N,B,Y,A,H,C,A,01,E,01,E,,,,,I,Y,N,A,1,0,0,0,23152.0,1,34.2391235,-119.1806027,4
2013,2013-02-02,345,2,4,3,6,N,A,N,A,H,D,N,60,W,11,G,Y,,,,B,N,N,D,1,1,0,0,21954.0,2,34.1897948,-119.1494974,2
2013,2013-02-22,1605,2,4,16,5,N,A,Y,A,H,A,-,- ,S,03,C,,,,,C,Y,F,A,2,0,0,0,22350.0,2,34.2290905,-119.1783739,4
2013,2013-02-26,729,2,4,7,2,Y,A,N,A,H,A,-,- ,,04,C,,,,,C,Y,N,A,5,0,0,0,21703.0,3,34.1977349,-119.1949224,3
2013,2013-02-14,1238,2,4,12,4,Y,A,N,A,H,A,-,- ,,09,D,,,,,C,Y,N,D,2,0,0,0,21802.0,3,34.2098149,-119.1810025,4
2013,2013-02-12,909,2,4,9,2,N,A,N,A,H,A,-,- ,E,09,D,,,,,C,Y,N,D,1,0,0,0,21801.0,2,34.2624542,-119.2681108,4
2013,2013-02-20,120,2,4,1,3,Y,A,Y,A,H,C,-,- ,,01,E,,,,,I,Y,N,A,1,0,0,0,23152.0,1,34.2448449,-119.1962423,4
2013,2013-03-03,1500,3,1,15,7,N,A,Y,A,H,A,A,07,N,07,B,,,Y,,C,Y,N,D,1,0,0,1,21658.0,2,34.2653537,-119.2697761,4
2013,2013-03-06,809,3,1,8,3,N,B,N,A,H,A,A,,E,08,C,,,,,C,Y,N,D,2,0,0,0,22107.0,3,34.2739339,-119.2602704,3
2013,2013-03-03,1200,3,1,12,7,Y,A,N,A,H,A,-,- ,,09,A,,,,,C,Y,N,A,3,0,0,0,21801.0,2,34.2735849,-119.2597623,4
2013,2013-03-03,1106,3,1,11,7,N,A,N,A,H,A,A,01,W,01,E,,,,,I,Y,N,D,1,0,0,0,23152.0,1,34.2608564,-118.74698,3
2013,2013-03-08,1931,3,1,19,5,N,A,Y,A,H,D,N,60,N,11,G,Y,,,,B,N,N,D,1,1,0,0,21954.0,2,34.1354249,-119.1004423,2
2013,2013-03-07,1330,3,1,13,4,N,B,N,A,H,A,A,,W,03,C,,,,,C,Y,N,D,1,0,0,0,22350.0,3,34.24452597,-119.20302272,3
2013,2013-02-09,1230,2,4,12,6,N,A,N,A,H,A,E,,W,03,C,,,,,C,N,N,A,1,0,0,0,22350.0,3,34.2621212,-119.232615,4
2013,2013-01-02,1240,1,4,12,3,Y,A,N,A,H,A,-,- ,,10,G,Y,,,,B,N,N,D,1,1,0,0,21950.0,2,34.2694749,-119.2676923,4
2013,2013-02-02,1239,2,4,12,6,N,A,N,A,-,A,-,- ,W,08,G,Y,,,,B,N,N,D,2,2,0,0,22107.0,3,34.2730864,-119.2484747,3
2013,2013-02-23,1110,2,4,11,6,N,A,N,A,H,A,-,- ,S,03,C,,,,,C,N,M,D,1,0,0,0,22350.0,2,34.2440835,-119.2151559,4
2013,2013-02-24,225,2,4,2,7,N,A,N,A,H,C,-,- ,W,03,C,,,,,C,Y,M,A,1,0,0,0,22350.0,2,34.1757203,-119.2218966,4
2013,2013-02-26,30,2,4,0,2,N,A,N,A,H,C,-,- ,E,08,E,,,,,E,Y,N,A,1,0,0,0,22107.0,2,34.1620711,-119.1774922,4
2013,2013-02-05,1120,2,4,11,2,N,B,Y,A,H,A,C,02,E,08,F,,,Y,,I,Y,N,D,1,0,0,1,22107.0,1,34.4396729,-119.2012763,4
2013,2013-02-23,2238,2,4,22,6,N,A,N,A,H,C,A,01,S,01,C,,,,,E,N,F,D,1,0,0,0,23152.0,2,34.2125422,-118.8536102,3
2013,2013-02-10,1420,2,4,14,7,N,A,N,A,H,A,-,- ,W,08,E,,,,,I,N,N,A,1,0,0,0,22107.0,1,34.2654394,-119.2126348,4
2013,2013-02-27,1310,2,4,13,3,N,A,Y,A,H,A,C,02,W,08,E,,,Y,,I,N,N,D,1,0,0,1,22107.0,1,34.4270011,-119.1105907,3
2013,2013-02-02,1335,2,4,13,6,N,A,N,A,H,A,-,- ,W,03,C,,,,,C,N,F,A,2,0,0,0,22350.0,4,34.197722,-119.1897757,4
2013,2013-02-18,1300,2,4,13,1,N,A,N,A,H,A,A,,W,04,C,,,,,C,Y,N,D,3,0,0,0,21703.0,2,34.2699447,-119.181263,3
2013,2013-02-05,1625,2,4,16,2,N,B,N,A,H,A,-,- ,S,03,C,,,,,C,N,N,A,1,0,0,0,22350.0,3,34.1979438,-119.1598638,4
2013,2013-02-04,747,2,4,7,1,N,A,N,A,H,A,-,- ,W,03,C,,,,,C,Y,N,D,1,0,0,0,22350.0,2,34.1574269,-119.1607467,4
2013,2013-02-04,1710,2,4,17,1,Y,A,Y,A,H,A,-,- ,,09,D,,,,,C,N,N,-,1,0,0,0,21802.0,2,34.2388173,-119.1680422,4
2013,2013-02-19,1447,2,4,14,2,N,B,N,A,H,A,-,- ,E,03,C,,,,,C,Y,N,D,2,0,0,0,22350.0,4,34.2785311,-119.2721274,4
2013,2013-02-04,2108,2,4,21,1,Y,A,N,A,H,C,-,- ,,12,B,,,,,C,Y,F,A,1,0,0,0,21453.0,2,34.1737448,-119.1811824,4
2013,2013-02-11,550,2,4,5,1,N,A,N,A,H,C,-,- ,E,03,E,,,,,I,Y,N,D,1,0,0,0,22350.0,1,34.26527669,-119.17153358,4
2013,2013-02-10,1845,2,4,18,7,N,A,N,A,H,C,-,- ,N,03,C,,,,,C,Y,N,A,1,0,0,0,22350.0,2,34.2441891,-119.2151089,4
2013,2013-02-19,1240,2,4,12,2,N,C,Y,B,H,A,A,01,E,08,E,,,,,I,Y,N,D,1,0,0,0,22107.0,1,34.3951193,-119.0763873,3
2013,2013-02-22,810,2,4,8,5,N,A,Y,A,H,A,A,01,S,03,C,,,,,C,Y,N,D,1,0,0,0,22350.0,2,34.2478901,-119.2015264,4
2013,2013-02-26,1540,2,4,15,2,N,A,N,A,H,A,L,04,S,08,E,,Y,,,A,N,N,D,1,0,1,0,22107.0,1,34.45051541,-119.27234173,3
2013,2013-01-23,1240,1,4,12,3,Y,A,N,A,H,A,-,- ,,03,C,,,,,C,Y,N,A,1,0,0,0,22350.0,2,34.2768549,-119.2222223,3
2013,2013-02-01,1523,2,4,15,5,Y,A,N,A,H,A,A,07,,12,H,,,,,C,Y,N,A,1,0,0,0,21453.0,2,34.2708249,-118.9004724,3
2013,2013-02-07,1400,2,4,14,4,N,B,N,A,H,A,A,01,W,08,E,,,,,I,Y,N,D,1,0,0,0,22107.0,1,34.178343,-118.940461,4
2013,2013-02-07,750,2,4,7,4,N,A,N,A,H,A,A,01,W,08,E,,,,,J,Y,N,D,1,0,0,0,22107.0,1,34.1750707,-118.895098,3
2013,2013-03-14,1800,3,1,18,4,N,A,N,A,H,A,L,04,S,08,B,,Y,,,G,N,N,D,1,0,1,0,22107.0,2,34.1627103,-119.1805538,3
2013,2013-03-14,1414,3,1,14,4,Y,A,N,A,H,A,-,- ,,09,D,,,,,C,Y,N,A,2,0,0,0,21801.0,2,34.1758149,-119.2252523,3
2013,2013-03-13,1427,3,1,14,3,N,A,N,A,H,A,D,22,S,06,D,,,,,C,Y,N,A,1,0,0,0,21755.0,2,34.1920832,-119.1811968,3
2013,2013-03-13,730,3,1,7,3,Y,E,N,A,H,A,A,01,,09,D,,,,,C,Y,N,D,3,0,0,0,21801.0,2,34.1596148,-119.1562224,4
2013,2013-03-11,917,3,1,9,1,Y,A,N,A,H,A,A,01,,04,C,,,,,C,N,N,D,1,0,0,0,21703.0,2,34.1901449,-119.1787125,4
2013,2013-03-09,1119,3,1,11,6,N,A,Y,A,H,A,A,07,W,09,D,,,,,C,Y,N,D,1,0,0,0,21804.0,2,34.1968,-119.1775076,4
2013,2013-02-10,1613,2,4,16,7,Y,A,N,A,H,A,A,01,,01,H,,,,,D,Y,N,A,2,0,0,0,23152.0,2,34.2087449,-118.8684023,3
2013,2013-02-14,918,2,4,9,4,Y,A,N,A,H,A,A,01,,12,D,,,,,C,Y,N,A,1,0,0,0,21453.0,2,34.2121749,-118.8869223,4
2013,2013-02-19,1353,2,4,13,2,N,B,N,A,H,A,A,08,W,03,C,,,,,C,N,N,D,1,0,0,0,22350.0,2,34.2119004,-118.8359264,4
2013,2013-02-15,1835,2,4,18,5,N,A,N,A,H,C,A,01,E,21,C,,,,,C,N,N,A,1,0,0,0,22106.0,2,34.181175,-118.8760139,4
2013,2013-02-14,1407,2,4,14,4,Y,A,N,A,H,A,A,01,,09,H,,,,,C,N,N,A,1,0,0,0,21801.0,2,34.2114549,-118.8453023,4
2013,2013-02-14,808,2,4,8,4,Y,A,N,A,H,A,A,08,,12,D,,,,,C,Y,N,A,1,0,0,0,22450.0,2,34.1852849,-118.8776223,4
2013,2013-02-08,1812,2,4,18,5,N,B,N,B,H,C,A,07,W,03,E,,,,,I,Y,N,A,1,0,0,0,22350.0,1,34.1824485,-118.8476883,4
2013,2013-02-15,1708,2,4,17,5,Y,A,N,A,H,A,A,01,,09,H,,,,,C,Y,N,A,1,0,0,0,21801.0,2,34.2178149,-119.0576124,4
2013,2013-02-12,745,2,4,7,2,Y,A,N,A,H,A,A,07,,09,H,,Y,,,G,N,F,A,1,0,1,0,21801.0,2,34.2348749,-119.0462024,4
2013,2013-02-04,731,2,4,7,1,Y,A,N,A,H,A,A,01,,12,D,,,,,C,Y,N,A,2,0,0,0,21453.0,2,34.239897,-119.0079315,4
2013,2013-02-06,1515,2,4,15,3,N,A,N,A,H,A,A,01,E,21,C,,,,,C,Y,N,A,2,0,0,0,22106.0,2,34.2307478,-119.0189536,4
2013,2013-02-15,457,2,4,4,5,N,A,Y,A,H,C,N,60,W,11,G,Y,,,,B,N,N,A,1,1,0,0,21954.0,2,34.3964804,-118.9156486,3
2013,2013-02-14,1411,2,4,14,4,Y,A,N,A,H,A,A,08,,09,H,,,,,C,Y,N,A,1,0,0,0,21801.0,2,34.2372749,-119.0362524,3
2013,2013-02-19,730,2,4,7,2,N,B,Y,A,H,A,-,- ,S,04,C,,,,,C,N,N,A,1,0,0,0,21703.0,3,34.2296391,-119.1748775,4
2013,2013-02-18,1755,2,4,17,1,N,A,N,A,H,B,L,04,W,05,D,,Y,,,C,N,N,D,1,0,1,0,21650.0,2,34.1614233,-119.1525153,3
2013,2013-02-19,1450,2,4,14,2,N,B,N,A,H,A,-,- ,W,03,C,,,,,C,Y,N,A,1,0,0,0,22350.0,2,34.1975548,-119.2080454,4
2013,2013-02-09,1005,2,4,10,6,N,A,N,A,H,A,-,- ,W,08,D,,,,,C,N,N,D,2,0,0,0,22107.0,2,34.18824272,-119.17777777,4
2013,2013-02-14,645,2,4,6,4,N,A,N,A,H,A,-,- ,E,03,C,,,,,C,Y,N,D,2,0,0,0,22350.0,3,34.1904418,-119.2202218,3
2013,2013-02-16,1825,2,4,18,6,N,A,N,A,H,C,-,- ,S,03,C,,,,,C,Y,N,A,1,0,0,0,22350.0,2,34.1809332,-119.2214702,4
2013,2013-02-17,605,2,4,6,7,N,A,N,A,H,A,-,- ,E,01,F,,,,,I,Y,N,D,1,0,0,0,23152.0,1,34.1903973,-119.206501,3
2013,2013-02-17,2337,2,4,23,7,N,A,N,A,H,C,-,- ,W,01,E,Y,,,,I,Y,N,A,2,1,0,0,23153.0,2,34.1548358,-119.1861853,3
2013,2013-02-08,2140,2,4,21,5,N,A,N,A,H,D,A,01,E,01,E,,,,,I,Y,N,D,1,0,0,0,23152.0,1,34.16065,-119.03723,3
2013,2013-02-20,830,2,4,8,3,N,A,Y,A,H,A,A,08,N,03,C,,,,,C,Y,N,D,1,0,0,0,22350.0,4,34.2502341,-119.2066314,4
2013,2013-02-01,1359,2,4,13,5,Y,A,N,A,H,A,A,01,,09,H,,,,,C,Y,N,A,2,0,0,0,21801.0,2,34.2236849,-119.0665224,3
2013,2013-02-05,1106,2,4,11,2,N,B,N,A,H,A,A,07,E,03,C,,,,,C,N,N,A,2,0,0,0,22350.0,2,34.2061539,-119.0120854,4
2013,2013-02-06,1453,2,4,14,3,Y,A,N,A,H,A,A,01,,09,H,,,,,C,N,N,A,1,0,0,0,21801.0,2,34.2178249,-119.0390424,4
2013,2013-02-10,1223,2,4,12,7,N,B,N,A,H,A,-,- ,E,18,E,,,,,I,Y,N,D,2,0,0,0,,1,34.23914,-119.00658,4
2013,2013-02-18,2156,2,4,21,1,N,A,N,A,H,C,A,01,W,08,D,,,,,E,Y,N,D,1,0,0,0,22107.0,2,34.2790249,-118.7529299,4
2013,2013-02-18,221,2,4,2,1,N,B,N,A,H,C,A,01,W,01,E,,,,,I,Y,F,D,1,0,0,0,23152.0,2,34.2571298,-118.7606074,2
2013,2013-02-15,820,2,4,8,5,N,A,N,A,H,A,-,- ,E,08,B,,,,,C,Y,N,D,1,0,0,0,21460.0,2,34.2568448,-118.7659747,4
2013,2013-02-12,1113,2,4,11,2,Y,A,N,A,H,A,-,- ,,12,-,,,,,C,Y,N,A,2,0,0,0,21453.0,2,34.2790049,-118.7090323,4
2013,2013-02-15,1642,2,4,16,5,N,A,N,A,H,A,-,- ,S,03,C,,,,,C,N,N,A,1,0,0,0,22350.0,2,34.2714372,-118.7964641,4
2013,2013-02-14,2149,2,4,21,4,N,A,N,A,H,C,-,- ,W,08,E,,,,,I,Y,N,D,1,0,0,0,22107.0,1,34.2863128,-118.7445909,4
2013,2013-02-07,1728,2,4,17,4,Y,A,N,A,H,C,-,- ,,03,C,,,,,C,Y,N,A,2,0,0,0,22350.0,3,34.2718149,-118.7739923,4
2013,2013-02-14,1552,2,4,15,4,N,A,N,A,H,A,-,- ,W,03,C,,,,,C,Y,F,A,2,0,0,0,22350.0,2,34.2716871,-118.77222776,3
2013,2013-02-01,1824,2,4,18,5,N,A,N,A,H,C,-,- ,W,04,C,,,,,C,Y,N,D,1,0,0,0,21703.0,3,34.263721,-118.7614904,4
2013,2013-02-07,801,2,4,8,4,N,A,Y,A,H,A,A,01,N,03,C,,,,,C,Y,N,D,1,0,0,0,22350.0,2,34.1762715,-118.8631616,4
2013,2013-02-09,915,2,4,9,6,N,A,Y,A,H,A,A,01,E,08,E,,,,,I,N,N,D,1,0,0,0,22107.0,1,34.2756249,-118.6573722,4
2013,2013-02-05,1735,2,4,17,2,Y,B,N,A,H,C,A,07,,12,H,,,,,C,Y,N,A,1,0,0,0,21453.0,2,34.1610149,-118.8379924,4
2013,2013-02-05,1330,2,4,13,2,Y,B,Y,A,H,A,A,07,,12,D,,,,,C,Y,N,A,2,0,0,0,21453.0,2,34.1857568,-118.8618105,3
2013,2013-02-01,1850,2,4,18,5,N,A,N,A,H,D,A,01,N,01,A,,,,,C,Y,N,D,2,0,0,0,23152.0,2,34.2371487,-118.8604104,4
2013,2013-02-09,1000,2,4,10,6,N,A,N,A,H,A,-,- ,S,03,C,,,,,C,N,N,D,1,0,0,0,22350.0,2,34.1894059,-119.1775963,4
2013,2013-02-06,1345,2,4,13,3,N,A,N,A,H,A,-,- ,W,09,D,,,,,C,Y,N,D,3,0,0,0,21804.0,2,34.1975734,-119.1958936,3
2013,2013-02-06,755,2,4,7,3,N,A,N,A,H,A,-,- ,N,03,C,,,,,C,Y,N,A,2,0,0,0,22350.0,2,34.1980594,-119.2427521,4
2013,2013-02-14,650,2,4,6,4,Y,A,Y,A,H,B,A,01,,09,D,,,,,C,Y,N,A,1,0,0,0,21802.0,2,34.1204048,-119.0883723,4
2013,2013-02-14,1010,2,4,10,4,N,A,Y,A,H,A,A,01,S,03,C,,,,,C,N,N,D,1,0,0,0,22350.0,2,34.2171131,-119.035008,3
2013,2013-02-16,1400,2,4,14,6,N,A,N,A,H,A,A,01,E,08,G,Y,,,,B,N,F,A,1,1,0,0,22107.0,2,34.2282721,-118.8942332,2
2013,2013-02-22,130,2,4,1,5,N,A,N,A,H,C,A,01,S,08,E,,,,,I,N,N,D,1,0,0,0,22107.0,1,34.16465008,-118.99283409,3
2013,2013-02-20,809,2,4,8,3,N,A,N,A,H,A,A,01,E,04,C,,,,,C,N,N,D,1,0,0,0,21703.0,2,34.211757,-118.8514503,3
2013,2013-03-08,2135,3,1,21,5,N,B,N,A,H,C,A,01,S,01,C,,,,,C,Y,F,A,2,0,0,0,23152.0,3,34.1996633,-118.8686529,4
2013,2013-02-11,1716,2,4,17,1,Y,A,N,A,H,B,-,- ,,09,D,,,,,C,Y,N,D,1,0,0,0,21802.0,2,34.1863549,-119.1895424,4
2013,2013-02-07,1052,2,4,10,4,N,A,Y,A,H,A,-,- ,N,03,C,,,,,C,N,N,A,1,0,0,0,22350.0,2,34.2441615,-119.1641518,4
2013,2013-02-28,2300,2,4,23,4,N,A,N,A,H,C,A,01,N,01,E,,,,,E,Y,N,D,1,0,0,0,23152.0,2,34.2275238,-119.137399,3
2013,2013-02-24,1210,2,4,12,7,N,A,Y,A,H,A,C,02,N,08,H,,,Y,,A,N,N,D,1,0,0,1,22107.0,1,34.4859804,-119.3038789,4
2013,2013-03-14,2102,3,1,21,4,Y,A,N,A,H,C,A,01,,12,D,,,,,C,Y,N,A,1,0,0,0,21453.0,2,34.200882,-118.868382,4
2013,2013-03-10,1658,3,1,16,7,Y,A,N,A,H,A,A,01,,09,D,,,,,C,Y,N,A,1,0,0,0,21802.0,2,34.2717549,-118.7573024,4
2013,2013-03-17,1036,3,1,10,7,N,A,N,A,H,A,-,- ,E,00,G,Y,,,,B,N,N,D,1,1,0,0,,2,34.264494,-118.7744312,3
2013,2013-03-19,2246,3,1,22,2,Y,A,N,A,H,C,A,01,,09,D,,,,,C,Y,N,A,1,0,0,0,21801.0,2,34.2790049,-118.7090323,4
2013,2013-03-07,1511,3,1,15,4,N,B,N,A,H,A,-,- ,S,03,C,,,,,C,Y,N,D,2,0,0,0,22350.0,2,34.2711503,-118.7614023,4
2013,2013-03-13,2120,3,1,21,3,Y,A,N,A,H,C,A,01,,09,D,,,,,C,Y,N,A,2,0,0,0,21801.0,2,34.286405,-118.7309224,3
2013,2013-02-28,1845,2,4,18,4,N,A,Y,A,H,D,A,01,W,03,C,,,,,C,N,N,D,1,0,0,0,22350.0,2,34.2054209,-119.0400079,4
2013,2013-02-24,1409,2,4,14,7,N,A,N,A,H,A,D,22,N,00,F,,,,,A,Y,N,D,1,0,0,0,23104.0,1,34.4120726,-118.9209516,4
2013,2013-03-18,818,3,1,8,1,Y,B,N,A,H,A,D,22,,09,H,,,,,C,Y,N,A,2,0,0,0,21801.0,2,34.2167548,-119.0510024,4
2013,2013-03-21,736,3,1,7,4,N,A,N,A,H,A,-,- ,E,06,B,,,,,C,N,N,D,2,0,0,0,21755.0,2,34.2018905,-119.1268773,4
2013,2013-02-28,842,2,4,8,4,N,A,Y,A,H,A,A,,E,03,C,,,,,C,N,N,A,1,0,0,0,22350.0,3,34.3037349,-119.3000223,4
2013,2013-03-10,1349,3,1,13,7,Y,A,N,A,H,A,L,04,,05,H,,Y,,,G,N,N,A,1,0,1,0,21650.0,2,34.2736149,-119.2664523,3
2013,2013-03-19,932,3,1,9,2,Y,A,N,A,H,A,A,08,,12,D,,,,,C,Y,N,A,4,0,0,0,21453.0,2,34.2102349,-119.0095824,3
2013,2013-03-13,1745,3,1,17,3,N,A,N,A,H,A,N,60,E,11,G,Y,,,,B,N,N,D,1,1,0,0,21954.0,2,34.22813017,-119.06384826,3
2013,2013-03-16,1701,3,1,17,6,Y,A,N,A,H,A,A,01,,09,H,,,,,C,Y,N,A,2,0,0,0,21801.0,2,34.2348749,-119.0462024,4
2013,2013-03-15,1232,3,1,12,5,N,A,Y,A,H,A,A,08,S,03,C,,,,,C,N,N,D,2,0,0,0,22350.0,2,34.3958257,-118.9176962,3
2013,2013-03-21,2204,3,1,22,4,Y,A,N,A,H,C,-,- ,,17,-,,,,,C,Y,N,A,2,0,0,0,24250.0,2,34.1547448,-119.1688823,3
2013,2013-03-21,1505,3,1,15,4,N,A,N,A,H,A,-,- ,S,09,D,,,,,C,,N,A,1,0,0,0,21804.0,2,34.2086553,-119.1810247,3
2013,2013-03-05,1005,3,1,10,2,N,B,N,A,H,A,-,- ,N,08,G,Y,,,,B,N,F,A,1,1,0,0,22107.0,2,34.2782831,-119.3007924,2
2012,2012-03-15,830,3,1,8,4,N,A,N,A,H,A,-,- ,W,00,H,,,,,D,N,N,A,1,0,0,0,,2,34.18206425,-118.92762035,4
2013,2013-02-28,1935,2,4,19,4,N,A,Y,A,H,C,F,55,N,08,D,,,,Y,C,Y,N,D,1,0,0,0,22107.0,2,34.1690774,-118.8426162,3
2013,2013-03-07,1640,3,1,16,4,N,B,Y,A,H,A,A,07,N,08,E,,,,,I,Y,N,D,3,0,0,0,22107.0,2,34.1573153,-118.8248689,4
2013,2013-03-22,1732,3,1,17,5,Y,A,N,A,H,A,D,22,,09,D,,,,,C,Y,N,A,1,0,0,0,21801.0,2,34.271795,-118.6914623,4
2012,2012-11-20,620,11,3,6,2,N,A,N,A,H,A,A,07,W,09,H,,,,,C,Y,N,D,2,0,0,0,21801.0,2,34.22175799,-119.11218848,4
2013,2013-03-12,1100,3,1,11,2,N,A,Y,A,B,A,C,02,S,03,F,,,Y,,A,Y,N,A,1,0,0,1,22350.0,1,34.5809626,-119.2604318,3
2013,2013-03-20,1500,3,1,15,3,N,A,Y,A,H,A,A,01,S,03,C,,,,,C,N,N,D,1,0,0,0,22350.0,2,34.2199537,-119.0812298,4
2013,2013-03-15,1336,3,1,13,5,N,A,N,A,H,A,A,01,N,08,E,,,,,I,Y,N,D,1,0,0,0,22107.0,1,34.3360109,-119.2933946,4
2013,2013-03-17,1440,3,1,14,7,N,A,Y,A,H,A,A,01,E,08,E,,,,,I,Y,N,D,1,0,0,0,22107.0,1,34.2755017,-119.1861047,4
2013,2013-03-15,920,3,1,9,5,N,A,Y,A,H,A,A,01,S,03,C,,,,,C,N,N,A,2,0,0,0,22350.0,2,34.3927938,-119.301255,4
2013,2013-03-11,1700,3,1,17,1,N,A,Y,A,H,D,A,01,N,01,E,,,,,I,Y,N,D,1,0,0,0,23152.0,1,34.5355749,-119.2509823,3
2013,2013-03-22,1759,3,1,17,5,N,A,N,A,H,A,N,60,W,11,G,Y,,,,B,N,N,D,1,1,0,0,21950.0,2,34.2934991,-118.713152,3
2013,2013-03-22,1115,3,1,11,5,Y,A,N,A,H,A,L,04,,12,D,,Y,,,G,N,N,A,1,0,1,0,21453.0,2,34.2551249,-118.8084124,3
2013,2013-03-23,1544,3,1,15,6,N,A,N,A,H,A,A,01,E,08,D,,,,,C,Y,N,D,2,0,0,0,22107.0,2,34.2632428,-118.7604307,4
2013,2013-03-24,1944,3,1,19,7,N,A,N,A,H,C,A,01,W,01,C,,,,,C,N,N,D,1,0,0,0,23152.0,2,34.2717661,-118.7614816,4
2013,2013-02-23,1300,2,4,13,6,N,A,Y,A,H,A,C,02,N,03,C,,,Y,,C,Y,N,D,4,0,0,4,22350.0,3,34.3276722,-119.2924314,2
2013,2013-03-17,2315,3,1,23,7,N,A,Y,A,H,C,A,01,W,01,E,,,,,I,Y,M,D,1,0,0,0,23152.0,1,34.2853049,-119.3058323,3
2013,2013-03-15,1610,3,1,16,5,N,A,Y,A,H,A,A,01,N,03,C,,,,,C,N,N,D,1,0,0,0,22350.0,3,34.2158815,-119.0238481,4
2013,2013-03-02,1030,3,1,10,6,Y,A,N,A,H,A,-,- ,,21,C,,,,,C,N,N,A,3,0,0,0,22106.0,2,34.1757449,-119.1951025,4
2013,2013-03-21,1650,3,1,16,4,N,A,N,A,H,A,-,- ,E,08,D,,,,,C,Y,N,D,1,0,0,0,22107.0,3,34.1916052,-119.2204748,3
2013,2013-03-23,1030,3,1,10,6,N,A,Y,A,H,A,D,22,W,03,C,,,,,C,N,N,D,1,0,0,0,22350.0,3,34.3971264,-118.9109869,4
2013,2013-03-14,958,3,1,9,4,N,A,N,A,H,A,-,- ,E,00,G,Y,,,,B,N,N,A,1,1,0,0,,2,34.21571035,-119.00439441,3
2013,2013-03-26,1556,3,1,15,2,N,A,N,A,H,A,A,08,N,21,C,,,,,C,N,N,A,1,0,0,0,22106.0,3,34.2179913,-119.0698823,4
2013,2013-03-15,1412,3,1,14,5,N,A,N,A,H,A,A,01,S,09,H,,,,,C,Y,F,D,1,0,0,0,21801.0,3,34.2195693,-119.0430323,3
2013,2013-03-25,1345,3,1,13,1,N,A,Y,A,H,A,A,01,N,08,D,,,,,C,Y,N,D,1,0,0,0,22107.0,2,34.0847791,-119.0519897,4
2013,2013-03-20,1730,3,1,17,3,N,B,Y,A,H,A,-,99,E,07,F,,,Y,,A,Y,F,D,1,0,0,1,21658.0,2,34.2715989,-119.2113016,3
2013,2013-03-18,1920,3,1,19,1,N,A,Y,A,H,D,A,01,N,09,D,,,Y,,C,Y,N,D,3,0,0,2,21801.0,2,34.4150577,-119.2941838,2
2013,2013-03-23,1701,3,1,17,6,N,A,N,A,H,A,-,- ,W,03,D,,,,,C,Y,N,A,1,0,0,0,22350.0,2,34.23060061,-119.17495608,3
2013,2013-03-26,520,3,1,5,2,N,A,N,A,H,C,-,- ,W,07,E,,,,,I,Y,N,D,1,0,0,0,21658.0,1,34.1547368,-119.1759424,4
2013,2013-03-21,2026,3,1,20,4,N,A,Y,A,H,C,-,- ,S,03,C,,,,,C,N,F,A,1,0,0,0,22350.0,2,34.2358196,-119.1802469,4
2013,2013-03-16,1415,3,1,14,6,Y,A,N,A,H,A,A,01,,12,D,,,,,C,N,N,A,1,0,0,0,22450.0,2,34.2226649,-118.8389523,4
2013,2013-03-19,402,3,1,4,2,N,A,N,A,H,C,A,01,S,01,E,,,,,I,Y,N,D,1,0,0,0,23152.0,1,34.1993744,-118.9255199,3
2013,2013-03-25,2159,3,1,21,1,N,A,N,A,H,C,-,- ,N,03,C,,,,,C,N,N,D,2,0,0,0,22350.0,2,34.210726,-119.1880724,4
2013,2013-03-24,1623,3,1,16,7,N,A,N,A,H,A,-,- ,S,08,C,,,,,E,N,N,A,1,0,0,0,22107.0,2,34.1855499,-119.193843,4
2013,2013-03-23,1945,3,1,19,6,N,A,N,A,H,C,-,- ,N,09,A,,,,,C,N,N,A,1,0,0,0,21801.0,2,34.1978748,-119.2426424,4
2013,2013-03-23,2020,3,1,20,6,N,A,N,A,H,C,-,- ,S,- ,C,,,,,C,Y,M,A,2,0,0,0,,2,34.2220652,-119.158415,4
2013,2013-03-22,1900,3,1,19,5,N,A,N,A,H,A,-,- ,E,12,D,,Y,,,G,N,N,D,1,0,1,0,22450.0,2,34.1753107,-119.2313203,4
2013,2013-03-22,1407,3,1,14,5,N,A,N,A,H,A,L,04,S,09,D,,Y,,,G,N,N,D,1,0,1,0,21804.0,2,34.14829645,-119.17949438,3
2013,2013-03-20,1413,3,1,14,3,N,A,N,A,H,A,-,- ,N,21,H,,,,,C,N,N,D,1,0,0,0,22106.0,2,34.1990972,-119.1786024,4
2013,2013-03-03,857,3,1,8,7,Y,B,N,A,H,A,A,01,,12,D,,,,,D,Y,N,A,2,0,0,0,21453.0,2,34.2325248,-118.8591424,4
2013,2013-03-12,602,3,1,6,2,Y,A,N,A,H,D,L,04,,14,H,,Y,,,G,N,N,A,1,0,1,0,21201.0,2,34.1671049,-118.8373023,3
2013,2013-03-19,2147,3,1,21,2,N,A,N,A,H,D,A,01,N,08,E,,,,,I,Y,N,D,1,0,0,0,22107.0,1,34.1968223,-118.8906967,3