ACCIDENT_YEAR,COLLISION_DATE,COLLISION_TIME,MONTH,SEASON,24HOURS,DAY_OF_WEEK,INTERSECTION,WEATHER_1,STATE_HWY_IND,ROAD_SURFACE,ROAD_COND_1,LIGHTING,STWD_VEHTYPE_AT_FAULT,CHP_VEHTYPE_AT_FAULT,DIRECTION,PCF_VIOL_CATEGORY,TYPE_OF_COLLISION,PEDESTRIAN_ACCIDENT,BICYCLE_ACCIDENT,MOTORCYCLE_ACCIDENT,TRUCK_ACCIDENT,MVIW,TOW_AWAY,HIT_AND_RUN,CONTROL_DEVICE,NUMBER_INJURED,COUNT_PED_INJURED,COUNT_BICYCLIST_INJURED,COUNT_MC_INJURED,PCF_VIOLATION,PARTY_COUNT,POINT_Y,POINT_X,COLLISION_SEVERITY
2013,2013-03-08,403,3,1,4,5,N,B,N,B,H,C,A,01,S,03,C,,,,,C,Y,N,D,1,0,0,0,22350.0,2,34.25055,-118.86496,4
2013,2013-03-03,955,3,1,9,7,N,A,Y,A,H,A,C,02,S,03,F,,,Y,,A,Y,N,D,1,0,0,1,22350.0,1,34.3488816,-118.9165661,2
2013,2013-03-02,1743,3,1,17,6,N,A,N,A,H,D,A,01,E,08,E,,,,,I,Y,N,D,1,0,0,0,22107.0,1,34.1532536,-118.9104378,4
2013,2013-03-01,1550,3,1,15,5,N,A,Y,A,H,A,C,02,W,08,E,,,Y,,I,Y,N,D,1,0,0,1,22107.0,1,34.2795849,-118.6668722,3
2013,2013-03-02,2345,3,1,23,6,N,B,N,A,H,D,A,07,S,01,B,,,,,E,Y,N,D,1,0,0,0,23152.0,2,34.2460308,-118.8801491,3
2013,2013-03-08,1557,3,1,15,5,N,B,Y,A,H,A,A,07,N,03,C,,,,,C,N,N,D,1,0,0,0,22350.0,2,34.1844449,-118.9154589,4
2013,2013-03-11,1625,3,1,16,1,N,A,N,A,H,A,A,01,W,03,C,,,,,C,Y,N,A,2,0,0,0,22350.0,2,34.235944,-118.9270106,4
2013,2013-03-13,756,3,1,7,3,Y,A,N,A,H,A,A,01,,12,D,,,,,C,Y,N,A,2,0,0,0,21453.0,2,34.264445,-118.7876623,3
2013,2013-03-14,1520,3,1,15,4,N,A,N,A,H,A,-,- ,E,03,C,,,,,C,Y,N,A,3,0,0,0,22350.0,3,34.2718049,-118.6826803,4
2013,2013-03-12,804,3,1,8,2,N,A,N,A,H,A,L,04,W,07,D,,Y,,,G,N,N,D,1,0,1,0,21658.0,2,34.2716549,-118.7311601,3
2013,2013-03-15,755,3,1,7,5,N,A,Y,A,H,A,A,01,E,03,C,,,,,C,Y,N,D,2,0,0,0,22350.0,2,34.4065146,-118.7539638,4
2013,2013-03-16,950,3,1,9,6,N,B,Y,A,H,A,A,01,S,03,C,,,,Y,C,Y,N,D,1,0,0,0,22350.0,2,34.2023861,-118.9796874,4
2013,2013-03-16,1230,3,1,12,6,N,A,Y,A,H,A,D,22,N,07,B,,,,,C,Y,N,D,2,0,0,0,21658.0,3,34.1842061,-118.8612654,3
2013,2013-03-04,1726,3,1,17,1,N,A,Y,A,H,D,A,01,W,03,C,,,,,C,Y,N,D,1,0,0,0,22350.0,2,34.2932699,-118.8417377,3
2013,2013-03-11,1450,3,1,14,1,N,A,N,A,H,A,-,- ,W,04,C,,,,,C,N,N,D,1,0,0,0,21703.0,2,34.2263978,-119.1780534,4
2013,2013-03-23,450,3,1,4,6,Y,A,N,A,H,C,A,01,,01,D,,,,,C,Y,N,A,1,0,0,0,23152.0,2,34.1731849,-119.1426924,2
2013,2013-03-22,1510,3,1,15,5,N,A,Y,A,H,A,A,01,W,03,C,,,,,C,N,N,A,2,0,0,0,22350.0,3,34.4322673,-119.2803402,4
2013,2013-03-20,1540,3,1,15,3,N,B,Y,A,H,A,A,01,N,- ,C,,,,,C,N,N,D,1,0,0,0,,3,34.2220149,-119.1302822,4
2013,2013-03-18,1110,3,1,11,1,N,A,Y,A,H,A,A,01,E,03,E,,,,,I,Y,N,D,1,0,0,0,22350.0,1,34.2646049,-119.2429323,4
2013,2013-03-12,1545,3,1,15,2,N,A,Y,A,H,A,C,02,S,08,E,,,Y,,I,Y,N,D,1,0,0,1,22107.0,1,34.2248349,-119.1572523,3
2013,2013-03-29,1054,3,1,10,5,Y,A,N,A,H,A,-,- ,,00,H,,,,,C,Y,N,A,1,0,0,0,,2,34.2236549,-119.0508524,4
2013,2013-03-27,747,3,1,7,3,N,A,N,A,H,A,A,01,E,09,D,,,,Y,C,N,N,D,1,0,0,0,21804.0,2,34.241,-119.0207,3
2013,2013-03-23,1951,3,1,19,6,N,A,N,A,H,C,D,22,E,09,D,,,,,C,Y,N,A,1,0,0,0,21804.0,2,34.21652,-119.0747,4
2013,2013-03-21,752,3,1,7,4,N,A,N,A,H,A,-,- ,N,09,D,,,,,C,Y,N,D,2,0,0,0,21804.0,2,,,4
2013,2013-02-11,519,2,4,5,1,Y,A,N,A,H,C,-,- ,,09,D,,,,,C,Y,N,D,1,0,0,0,21802.0,2,34.3458949,-119.0828425,4
2013,2013-02-27,736,2,4,7,3,N,A,N,A,H,A,-,- ,E,09,D,,,,,C,N,N,D,1,0,0,0,21804.0,2,34.3461628,-119.0825635,4
2013,2013-02-25,1857,2,4,18,1,N,A,N,A,H,C,-,- ,N,03,B,Y,,,,B,N,F,A,1,1,0,0,22350.0,2,34.3496692,-119.0693211,4
2013,2013-02-19,1029,2,4,10,2,N,B,N,B,G,A,-,- ,W,08,A,,,,,I,Y,N,D,1,0,0,0,22107.0,1,34.3441317,-119.06964,4
2013,2013-02-16,1147,2,4,11,6,N,A,N,A,H,A,-,- ,E,05,A,,,,,E,Y,N,D,1,0,0,0,21650.0,2,34.354143,-119.0762057,4
2013,2013-02-11,811,2,4,8,1,Y,A,N,A,H,A,-,- ,,03,C,,,,,C,N,N,D,1,0,0,0,22350.0,2,34.3485648,-119.0705724,4
2013,2013-03-08,750,3,1,7,5,N,B,Y,A,H,A,A,01,N,03,C,,,,Y,C,Y,N,D,1,0,0,0,22350.0,3,34.184264,-118.9126541,4
2013,2013-03-02,2028,3,1,20,6,Y,A,N,A,H,C,D,22,,09,H,,,,,C,Y,N,A,2,0,0,0,21453.0,2,34.1717749,-118.9766223,3
2013,2013-03-26,1108,3,1,11,2,Y,A,N,A,H,A,D,22,,09,D,,,,,C,Y,N,A,2,0,0,0,21801.0,3,34.14663,-119.200428,4
2013,2013-03-22,2349,3,1,23,5,N,A,N,A,H,C,A,07,N,01,E,,,,,I,Y,N,D,1,0,0,0,23152.0,2,34.1571262,-119.1879487,2
2013,2013-03-07,1910,3,1,19,4,N,B,N,B,H,D,A,01,N,03,E,,,,,I,Y,N,D,1,0,0,0,22350.0,1,34.27342483,-118.99562359,4
2013,2013-03-21,1310,3,1,13,4,Y,A,Y,A,H,A,A,01,,12,C,,,,,C,Y,N,A,1,0,0,0,21453.0,2,34.2806236,-119.1442934,4
2013,2013-03-27,1412,3,1,14,3,N,A,Y,A,H,A,D,22,S,08,E,,,,,I,Y,N,D,1,0,0,0,22107.0,3,34.2205225,-119.085611,3
2013,2013-03-19,1715,3,1,17,2,N,A,Y,A,H,A,-,99,N,07,F,,,Y,,A,Y,F,D,1,0,0,1,21658.0,2,34.2158649,-119.0282268,3
2013,2013-03-27,1808,3,1,18,3,N,A,Y,A,H,A,A,01,S,03,C,,,,,C,Y,N,A,1,0,0,0,22350.0,2,34.2240365,-119.1548984,4
2013,2013-03-21,731,3,1,7,4,N,A,N,A,H,A,A,07,E,09,D,,,,,C,N,N,D,1,0,0,0,21804.0,2,34.2700049,-118.7658959,4
2013,2013-03-04,1001,3,1,10,1,N,A,Y,A,H,A,A,01,W,03,C,,,,,C,Y,N,D,2,0,0,0,22350.0,2,34.2789249,-118.9104834,4
2013,2013-03-28,846,3,1,8,4,N,A,Y,A,H,A,D,22,W,03,C,,,,,C,N,N,A,2,0,0,0,22350.0,2,34.2788749,-118.8823715,4
2013,2013-03-14,1321,3,1,13,4,Y,A,Y,A,H,A,A,01,,12,D,,,,,C,Y,N,A,1,0,0,0,21453.0,3,34.2644819,-118.8491672,4
2013,2013-03-14,1143,3,1,11,4,N,A,N,A,H,A,D,22,E,08,F,,,,,I,Y,N,D,1,0,0,0,22107.0,1,34.2637649,-118.85916889,3
2013,2013-03-07,730,3,1,7,4,Y,A,N,A,H,A,A,01,,09,D,,,,,C,Y,N,D,2,0,0,0,21802.0,2,34.2634649,-118.8808524,4
2013,2013-03-09,930,3,1,9,6,N,A,N,A,H,A,A,07,E,17,G,,Y,,,G,N,N,D,1,0,1,0,21209.0,2,34.2629249,-118.8762723,4
2013,2013-03-22,755,3,1,7,5,N,A,N,A,H,A,A,07,N,10,G,Y,,,,B,N,N,D,1,1,0,0,21950.0,2,34.26658009,-118.89926791,3
2013,2013-03-22,1234,3,1,12,5,Y,A,N,A,H,A,A,07,,12,D,,,,,C,Y,N,A,2,0,0,0,21453.0,2,34.2632149,-118.8644824,4
2013,2013-03-30,1501,3,1,15,6,N,A,N,A,H,A,A,07,S,- ,E,,,,,I,Y,N,D,3,0,0,0,,1,34.2931225,-118.87348652,3
2013,2013-03-11,526,3,1,5,1,N,A,N,A,H,C,A,,W,03,G,Y,,,,B,N,F,D,1,1,0,0,22350.0,2,34.28080535,-119.29904044,4
2013,2013-03-08,1900,3,1,19,5,Y,A,N,A,H,C,-,- ,,09,A,,,,,C,Y,N,A,2,0,0,0,21801.0,2,34.2558049,-119.2105623,4
2013,2013-03-25,740,3,1,7,1,N,A,N,A,H,A,L,04,S,05,A,,Y,,,G,N,N,A,1,0,1,0,21650.0,2,34.2788923,-119.192256,3
2013,2013-03-15,1532,3,1,15,5,N,A,N,A,-,A,C,02,S,05,D,,,Y,,C,Y,N,A,1,0,0,1,21460.0,2,34.1881884,-118.9413863,3
2013,2013-03-19,1530,3,1,15,2,N,A,N,A,H,A,A,07,W,10,G,Y,,,,B,N,N,A,1,1,0,0,21950.0,2,34.2143957,-118.8232452,3
2013,2013-03-14,1250,3,1,12,4,N,A,N,A,H,A,A,,E,03,C,,,,,C,Y,N,A,1,0,0,0,22350.0,3,34.2575523,-119.2246123,4
2013,2013-03-07,1112,3,1,11,4,N,B,N,A,H,A,A,,N,09,D,,,,,C,Y,N,D,2,0,0,0,21804.0,2,34.2758828,-119.2395603,4
2013,2013-03-10,2022,3,1,20,7,N,A,N,A,H,C,N,,S,11,G,Y,,,,B,N,N,A,1,1,0,0,21456.0,2,34.3535791,-119.0611409,4
2013,2013-03-12,1428,3,1,14,2,Y,A,N,A,H,A,-,- ,,12,D,,,,,C,Y,N,A,2,0,0,0,21453.0,2,34.2671149,-119.2008525,3
2013,2013-03-26,2022,3,1,20,2,Y,A,Y,A,H,C,A,07,,12,D,,,,,C,Y,N,A,1,0,0,0,21453.0,2,34.1781849,-118.8804222,4
2013,2013-03-29,806,3,1,8,5,N,E,N,A,H,A,A,01,S,08,H,,,,,C,N,N,A,1,0,0,0,22100.0,2,34.1615743,-118.9706384,4
2013,2013-03-29,1500,3,1,15,5,N,A,N,B,H,A,A,07,E,08,E,,,,,I,Y,N,D,1,0,0,0,22107.0,1,34.69705659,-119.32114184,2
2013,2013-03-14,1350,3,1,13,4,Y,A,Y,A,H,A,A,01,,12,D,,,,,C,Y,N,A,2,0,0,0,21453.0,2,34.1547249,-118.8205522,3
2013,2013-03-21,1201,3,1,12,4,N,A,N,A,H,A,A,01,E,03,C,,,,,C,N,N,A,1,0,0,0,22350.0,3,34.1608734,-118.8227876,4
2013,2013-03-24,1415,3,1,14,7,N,A,N,A,H,A,A,07,E,21,C,,,,,C,N,N,A,1,0,0,0,22106.0,2,34.1865209,-118.8749634,4
2013,2013-03-22,327,3,1,3,5,N,A,N,A,H,C,A,08,W,07,E,,,,,I,Y,N,D,1,0,0,0,21658.0,1,34.1758871,-119.1984205,4
2013,2013-03-05,2020,3,1,20,2,N,A,N,A,H,C,A,07,S,03,E,,,,,I,Y,N,D,2,0,0,0,22350.0,1,34.1436097,-119.1903624,4
2013,2013-03-29,1724,3,1,17,5,N,A,N,A,H,A,-,- ,S,08,C,,,,,C,Y,N,A,4,0,0,0,22107.0,3,34.1807308,-119.1951219,4
2013,2013-03-28,1307,3,1,13,4,Y,A,N,A,H,A,-,- ,,09,D,,,,,C,N,N,A,1,0,0,0,21801.0,3,34.1811049,-119.1775825,3
2013,2013-03-27,1817,3,1,18,3,N,A,N,A,H,A,-,- ,E,03,C,,,,,C,,N,D,1,0,0,0,22350.0,2,34.1474938,-119.1712921,4
2013,2013-04-03,1910,4,1,19,3,N,A,N,A,H,A,L,04,S,08,D,,Y,,,G,N,N,A,1,0,1,0,22107.0,2,34.1822722,-119.1600647,4
2013,2013-03-14,646,3,1,6,4,N,A,N,A,H,A,A,01,W,03,C,,,,,C,Y,N,D,1,0,0,0,22350.0,2,34.17466755,-118.83689046,4
2013,2013-04-04,2032,4,1,20,4,Y,A,N,A,H,C,-,- ,,01,D,,,,,C,Y,N,A,1,0,0,0,23153.0,2,34.2281749,-119.1683224,4
2013,2013-02-21,1720,2,4,17,4,N,A,Y,A,H,B,A,01,S,03,C,,,,,C,Y,N,D,2,0,0,0,22350.0,4,34.2362909,-118.8417427,4
2013,2013-02-28,1515,2,4,15,4,N,A,N,A,H,A,A,07,W,21,C,,,,,C,N,N,A,1,0,0,0,22106.0,2,34.1812858,-118.7654283,4
2013,2013-02-21,1225,2,4,12,4,-,A,Y,A,H,A,A,01,E,03,E,,,,,I,Y,N,D,1,0,0,0,22350.0,1,34.2824508,-118.7810486,4
2013,2013-02-23,220,2,4,2,6,N,A,N,A,H,C,A,07,S,01,E,,,,,I,Y,N,D,1,0,0,0,23152.0,1,34.1904489,-118.7847041,3
2013,2013-02-25,1435,2,4,14,1,N,A,N,A,D,A,L,04,N,03,B,,Y,,,G,N,N,A,1,0,1,0,22350.0,2,34.1764528,-118.7599048,4
2013,2013-02-02,1222,2,4,12,6,Y,B,N,A,H,A,A,01,,12,D,,,,,C,Y,N,A,2,0,0,0,21453.0,2,34.1789549,-118.8765224,3
2013,2013-03-28,1300,3,1,13,4,Y,A,N,A,H,A,-,- ,,04,C,,,,,C,N,M,A,1,0,0,0,21703.0,3,34.1977249,-119.1880324,4
2013,2013-03-27,1400,3,1,14,3,N,A,Y,A,H,A,D,22,S,08,F,,,,,A,Y,N,D,2,0,0,0,22107.0,1,34.2286078,-119.1695065,3
2013,2013-04-01,1520,4,1,15,1,N,B,N,A,H,A,D,22,W,08,F,,,,,A,Y,N,D,2,0,0,0,22107.0,1,34.4092548,-119.3316223,3
2013,2013-03-24,1100,3,1,11,7,N,A,Y,A,H,A,N,60,E,11,G,Y,,,,B,N,N,D,1,1,0,0,21954.0,2,34.4324582,-119.2781246,4
2013,2013-03-21,849,3,1,8,4,N,A,N,A,H,A,D,22,W,09,A,,,,,C,Y,N,D,1,0,0,0,21801.0,2,34.1763848,-119.1033548,3
2013,2013-03-29,2029,3,1,20,5,N,A,N,A,H,C,A,01,S,08,A,,,,,E,Y,N,D,1,0,0,0,22107.0,3,34.2439078,-119.1613377,3
2013,2013-03-30,612,3,1,6,6,Y,B,Y,A,H,B,A,01,,09,D,,,,,C,Y,N,A,2,0,0,0,21802.0,2,34.1965649,-119.0961779,2
2013,2013-03-31,1420,3,1,14,7,Y,A,N,A,H,A,A,01,,09,D,,,,,C,N,N,A,1,0,0,0,21802.0,2,34.2157748,-119.1809224,3
2013,2013-01-23,330,1,4,3,3,N,A,N,A,H,C,-,- ,N,03,F,,,,,E,Y,N,D,1,0,0,0,22350.0,5,34.3376408,-119.0933581,4
2013,2013-01-09,1210,1,4,12,3,N,A,Y,A,H,A,-,- ,N,09,D,,,,,C,Y,F,D,2,0,0,0,21804.0,3,34.3543658,-119.0602095,3
2013,2013-01-22,1905,1,4,19,2,N,A,N,A,H,B,N,60,W,22,A,Y,Y,,,B,N,N,D,1,1,0,0,,2,34.35419844,-119.06523228,3
2013,2013-03-18,1401,3,1,14,1,N,A,Y,A,H,A,L,04,E,05,D,,Y,,,G,N,N,D,1,0,1,0,21650.0,2,34.4313511,-119.2861679,3
2013,2013-03-09,1817,3,1,18,6,N,A,Y,A,H,C,L,04,W,05,A,,Y,,,G,N,N,D,1,0,1,0,21650.0,2,34.4483579,-119.2375919,3
2013,2013-03-29,2110,3,1,21,5,N,A,N,A,H,E,A,01,S,03,C,,,,,C,Y,N,A,1,0,0,0,22350.0,2,34.1968629,-119.1424027,4
2013,2013-04-02,753,4,1,7,2,N,A,N,A,H,A,D,22,W,03,C,,,,,C,Y,N,D,2,0,0,0,22350.0,2,34.1663972,-118.9406418,4
2013,2013-03-29,840,3,1,8,5,N,B,N,A,G,A,-,- ,W,18,A,,,,,C,Y,N,A,2,0,0,0,,2,34.1998109,-118.8688435,3
2013,2013-04-09,2101,4,1,21,2,N,A,N,A,H,C,-,- ,N,03,C,,,,,C,Y,N,A,2,0,0,0,22350.0,3,34.1980641,-119.1949129,4
2013,2013-04-09,1755,4,1,17,2,N,A,N,A,H,A,-,- ,,08,D,,,,,C,,N,A,3,0,0,0,21460.0,2,,,4
2013,2013-04-09,736,4,1,7,2,Y,A,N,A,H,A,-,- ,,10,G,Y,,,,B,N,N,D,1,1,0,0,21950.0,2,34.2070048,-119.1810324,4
2013,2013-04-08,740,4,1,7,1,Y,A,Y,A,H,A,-,- ,,12,D,,,,,C,Y,N,A,1,0,0,0,21453.0,2,34.2411252,-119.1662946,3
2013,2013-03-29,1643,3,1,16,5,Y,B,N,A,H,A,-,- ,,10,C,,,,,C,Y,N,A,1,0,0,0,21950.0,2,34.2050849,-119.1810624,4
2013,2013-03-01,1548,3,1,15,5,N,A,Y,A,H,A,L,04,N,12,D,,Y,,,G,N,N,A,1,0,1,0,21453.0,2,34.2790249,-118.8850322,3
2013,2013-03-04,1604,3,1,16,1,Y,A,Y,A,H,A,A,01,,12,H,,,,,C,Y,N,A,2,0,0,0,21453.0,2,34.2790966,-118.8615814,4
2013,2013-03-08,236,3,1,2,5,N,C,N,B,H,C,A,01,N,01,E,,,,,I,Y,N,D,1,0,0,0,23152.0,1,34.26525009,-118.86132538,4
2013,2013-03-31,1400,3,1,14,7,N,B,N,A,H,A,A,08,N,08,E,,,,,I,Y,N,D,3,0,0,0,22107.0,1,34.3780288,-119.3121311,3
2013,2013-03-29,2330,3,1,23,5,Y,A,N,A,H,C,A,07,,08,-,,,,,I,Y,F,D,1,0,0,0,22107.0,1,34.2272048,-119.1377124,4
2013,2013-03-30,1305,3,1,13,6,N,A,Y,A,H,A,A,07,E,03,C,,,,,C,N,N,A,1,0,0,0,22350.0,2,34.2739773,-119.1351548,4
2013,2013-03-06,1530,3,1,15,3,N,B,Y,B,H,A,A,01,S,21,C,,,,,C,N,N,A,1,0,0,0,22106.0,2,34.1771749,-118.8714722,4
2013,2013-03-29,2050,3,1,20,5,N,A,N,A,H,C,-,- ,W,09,A,,,,,C,Y,N,A,2,0,0,0,21801.0,2,34.1812248,-119.2085314,3
2013,2013-03-25,700,3,1,7,1,N,A,N,A,H,A,-,- ,W,09,D,,,,,C,Y,N,D,1,0,0,0,21801.0,2,34.1642582,-119.146649,4
2013,2013-03-31,141,3,1,1,7,N,A,N,A,H,C,-,- ,E,01,B,,,,,E,Y,M,A,1,0,0,0,23152.0,2,34.1535734,-119.1798573,4
2013,2013-03-30,230,3,1,2,6,N,A,N,A,H,C,-,- ,S,01,F,,,,,I,Y,N,A,2,0,0,0,23152.0,1,34.1747016,-119.2316459,3
2013,2013-03-29,2325,3,1,23,5,N,A,N,A,H,C,-,- ,W,09,A,,,,,C,Y,N,A,2,0,0,0,21801.0,2,34.1812248,-119.2085314,4
2013,2013-03-29,1645,3,1,16,5,Y,A,N,A,H,A,-,- ,,12,D,,,,,C,Y,N,A,2,0,0,0,21453.0,2,34.1757449,-119.1951025,4
2013,2013-03-28,1941,3,1,19,4,Y,A,N,A,H,C,-,- ,,21,G,Y,,,,B,N,N,A,1,1,0,0,22106.0,2,34.18550035,-119.21953976,4
2013,2013-03-15,1416,3,1,14,5,Y,A,N,A,H,A,-,- ,,09,D,,,,,C,,N,A,1,0,0,0,21453.0,2,34.1757549,-119.2216023,4
2013,2013-03-19,1823,3,1,18,2,N,A,N,A,H,A,-,- ,N,08,D,,,,,E,,N,D,1,0,0,0,22107.0,2,34.1911646,-119.1694833,3
2013,2013-03-18,1445,3,1,14,1,N,A,N,A,H,A,A,01,E,21,E,,,,,I,Y,N,D,1,0,0,0,22106.0,1,34.2407457,-118.8961233,3
2013,2013-03-13,1451,3,1,14,3,N,A,Y,A,H,A,A,07,N,03,C,,,,,C,Y,N,D,1,0,0,0,22350.0,2,34.1844762,-118.8940969,3
2013,2013-03-15,640,3,1,6,5,N,B,Y,A,H,B,A,01,W,05,A,,,,,C,Y,N,D,1,0,0,0,21460.0,2,34.253495,-118.9973554,4
2013,2013-03-14,1720,3,1,17,4,N,A,Y,A,H,A,A,08,S,03,C,,,,,C,N,N,D,1,0,0,0,22350.0,3,34.1831621,-118.8609066,4
2013,2013-03-23,1705,3,1,17,6,N,A,Y,A,H,A,A,01,W,01,E,,,,,I,Y,N,D,1,0,0,0,23152.0,1,34.2842379,-118.7931832,3
2013,2013-03-13,1140,3,1,11,3,N,A,Y,A,H,A,A,08,W,03,C,,,,,C,N,N,D,1,0,0,0,22350.0,2,34.2821149,-118.7488922,4
2013,2013-04-14,1114,4,1,11,7,N,A,N,A,H,A,D,22,N,- ,C,,,,,C,N,N,A,2,0,0,0,,2,34.2191437,-119.1863761,4
2013,2013-04-04,620,4,1,6,4,Y,A,N,A,H,A,-,- ,,10,G,Y,,,,B,N,N,A,1,1,0,0,21950.0,2,34.1475948,-119.1862725,3
2013,2013-04-02,1655,4,1,16,2,Y,A,N,A,H,A,A,,,10,G,Y,,,,B,N,N,A,1,1,0,0,21950.0,2,34.2770949,-119.1624924,4
2013,2013-04-06,1720,4,1,17,6,Y,B,N,A,H,A,-,- ,,01,D,Y,,,,B,Y,N,A,3,1,0,0,23152.0,4,34.2795549,-119.2947124,3
2013,2013-04-07,1820,4,1,18,7,N,A,N,A,H,A,-,- ,E,00,D,,,Y,,C,N,N,D,1,0,0,1,,2,34.2919037,-119.1573927,3
2013,2013-04-06,955,4,1,9,6,Y,A,N,A,H,A,-,- ,,12,D,,,,,C,Y,N,A,2,0,0,0,21453.0,2,34.241526,-119.18025,4
2013,2013-04-06,720,4,1,7,6,Y,A,N,A,H,A,-,- ,,09,D,,,,,C,Y,N,D,2,0,0,0,21801.0,2,34.1831249,-119.2345923,4
2013,2013-04-06,220,4,1,2,6,N,A,Y,A,H,C,-,- ,S,03,C,,,,,C,Y,F,A,4,0,0,0,22350.0,2,34.2187792,-119.1770923,4
2013,2013-04-06,1345,4,1,13,6,N,A,N,A,H,A,-,- ,E,04,C,,,,,C,N,N,D,1,0,0,0,21703.0,2,34.1659848,-119.1811863,4
2013,2013-04-07,1330,4,1,13,7,N,A,N,A,H,A,-,- ,S,21,C,,,,,C,N,N,A,1,0,0,0,22106.0,3,34.2188076,-119.1493424,4
2013,2013-04-08,1918,4,1,19,1,Y,A,N,A,H,A,-,- ,,12,D,,,,,C,N,N,A,1,0,0,0,22450.0,2,34.1511348,-119.1862324,2
2013,2013-04-02,1340,4,1,13,2,N,A,N,A,H,A,-,- ,N,09,D,,,,,C,N,N,D,1,0,0,0,21801.0,2,34.1902634,-119.1812324,4
2013,2013-04-06,1326,4,1,13,6,N,A,N,A,H,A,-,- ,W,03,C,,,,,C,Y,N,A,1,0,0,0,22350.0,2,34.2190211,-119.1601768,4
2013,2013-03-28,825,3,1,8,4,Y,B,N,A,H,A,A,,,- ,D,,,,,C,Y,N,A,1,0,0,0,,2,34.2629948,-119.2356123,4
2013,2013-03-30,2033,3,1,20,6,Y,A,N,A,H,C,A,,,09,A,,,,,C,Y,N,A,1,0,0,0,21453.0,2,34.2722549,-119.1706325,4
2013,2013-03-27,1135,3,1,11,3,Y,A,N,A,H,A,A,,,09,D,,,,,C,N,N,D,2,0,0,0,21801.0,2,34.2667249,-119.2035624,4
2013,2013-03-29,848,3,1,8,5,Y,A,N,A,H,A,-,- ,,09,D,,,,,C,Y,N,D,1,0,0,0,21801.0,2,34.2285349,-119.1834424,4
2013,2013-03-26,1707,3,1,17,2,Y,A,N,A,H,A,-,- ,,09,D,,,,,C,Y,N,A,2,0,0,0,21801.0,2,34.1983548,-119.1598924,3
2013,2013-03-15,2040,3,1,20,5,N,E,N,A,H,C,A,,S,08,A,,,,,I,Y,N,A,1,0,0,0,22107.0,1,34.2459614,-119.1934571,3
2013,2013-03-30,233,3,1,2,6,N,A,N,A,H,C,A,07,W,08,F,,,,,A,Y,F,A,1,0,0,0,22107.0,1,34.187548,-118.933171,4
2013,2013-03-15,1549,3,1,15,5,Y,A,Y,A,H,A,A,,,10,G,Y,,,,B,N,F,A,1,1,0,0,21950.0,2,34.2718106,-119.2107514,3
2013,2013-03-13,1522,3,1,15,3,N,A,N,A,H,A,A,,S,03,C,,,,,C,Y,N,D,1,0,0,0,22350.0,2,34.2410796,-119.2568361,4
2013,2013-03-18,740,3,1,7,1,N,B,N,A,H,A,-,- ,N,- ,C,,,,,E,Y,N,A,2,0,0,0,,3,34.2636191,-119.1999225,2
2013,2013-03-20,847,3,1,8,3,Y,A,N,A,H,A,A,,,09,D,,,,,C,Y,N,A,2,0,0,0,21802.0,2,34.2799049,-119.2707023,4
2013,2013-04-10,810,4,1,8,3,N,A,Y,A,H,A,D,22,N,03,E,,,,,I,Y,N,D,1,0,0,0,22350.0,1,34.2180515,-119.0544054,4
2013,2013-04-10,1630,4,1,16,3,N,A,N,A,H,A,D,22,W,21,B,,,,,C,N,N,D,1,0,0,0,22106.0,4,34.2389601,-119.1537911,4
2013,2013-04-09,1735,4,1,17,2,N,A,N,A,H,A,D,22,N,09,D,,,,,C,Y,N,D,1,0,0,0,21804.0,2,34.2709994,-119.0112203,4
2013,2013-04-15,918,4,1,9,1,N,A,N,A,H,A,A,01,S,01,A,,,,,E,Y,N,D,1,0,0,0,23152.0,2,34.2663728,-118.7760754,4
2013,2013-04-03,1701,4,1,17,3,N,A,Y,A,H,A,D,22,S,04,C,,,,,C,Y,N,A,1,0,0,0,21703.0,4,34.2154249,-119.0128623,4
2013,2013-04-01,1750,4,1,17,1,N,A,Y,A,H,A,D,22,E,01,C,,Y,,,G,N,N,D,1,0,1,0,23153.0,2,34.4484196,-119.2365673,3
2013,2013-04-07,1932,4,1,19,7,N,A,N,A,H,C,A,01,N,01,E,,,,,I,Y,M,D,1,0,0,0,23152.0,1,34.2230505,-119.134274,4
2013,2013-04-08,1445,4,1,14,1,N,A,N,A,H,A,A,01,N,09,F,,,Y,,A,N,N,A,1,0,0,1,21802.0,2,34.4337415,-119.2800505,3
2013,2013-03-28,913,3,1,9,4,N,A,N,A,H,A,L,04,E,08,D,,Y,,,G,Y,N,D,1,0,1,0,22100.0,2,34.2644546,-118.7920289,2
2013,2013-03-26,1906,3,1,19,2,Y,A,N,A,H,A,-,- ,,00,D,,,,,C,N,N,A,1,0,0,0,,2,34.2789949,-118.6914023,4
2013,2013-04-08,902,4,1,9,1,N,A,N,A,H,A,A,01,E,03,C,,,,,E,Y,N,D,1,0,0,0,22350.0,2,34.1923796,-118.8456323,4
2013,2013-04-04,1636,4,1,16,4,N,A,N,A,H,A,D,22,E,08,E,,,,,I,Y,N,D,1,0,0,0,22107.0,1,34.16767275,-118.93698514,3
2013,2013-04-11,2030,4,1,20,4,N,B,Y,A,H,D,A,01,N,03,D,,,,Y,C,Y,N,D,1,0,0,0,22350.0,2,34.2670147,-119.2710654,4
2013,2013-04-08,1926,4,1,19,1,Y,A,N,A,H,C,D,22,,21,C,,,,,C,N,N,A,1,0,0,0,22106.0,2,34.1588949,-118.8179723,4
2013,2013-04-16,1640,4,1,16,2,N,A,N,A,H,A,L,04,E,12,E,,Y,,,G,N,N,A,1,0,1,0,21453.0,2,34.2677573,-118.7472814,3
2013,2013-04-21,1920,4,1,19,7,Y,B,Y,A,H,B,-,- ,,09,A,,,,,C,Y,N,A,1,0,0,0,21453.0,2,34.2300663,-119.1745644,4
2013,2013-04-19,1626,4,1,16,5,N,A,N,A,H,A,A,01,S,03,C,,,,,C,Y,N,D,1,0,0,0,22350.0,2,34.17839107,-118.87653351,3
2013,2013-04-21,2226,4,1,22,7,N,A,N,A,H,C,-,- ,W,01,B,,,,,E,Y,N,A,1,0,0,0,23152.0,2,34.1900448,-119.1888787,4
2013,2013-04-21,1140,4,1,11,7,N,A,Y,A,H,A,L,04,W,05,D,,Y,,,G,N,N,A,1,0,1,0,21650.0,2,34.1915889,-119.1775473,3