ACCIDENT_YEAR,COLLISION_DATE,COLLISION_TIME,MONTH,SEASON,24HOURS,DAY_OF_WEEK,INTERSECTION,WEATHER_1,STATE_HWY_IND,ROAD_SURFACE,ROAD_COND_1,LIGHTING,STWD_VEHTYPE_AT_FAULT,CHP_VEHTYPE_AT_FAULT,DIRECTION,PCF_VIOL_CATEGORY,TYPE_OF_COLLISION,PEDESTRIAN_ACCIDENT,BICYCLE_ACCIDENT,MOTORCYCLE_ACCIDENT,TRUCK_ACCIDENT,MVIW,TOW_AWAY,HIT_AND_RUN,CONTROL_DEVICE,NUMBER_INJURED,COUNT_PED_INJURED,COUNT_BICYCLIST_INJURED,COUNT_MC_INJURED,PCF_VIOLATION,PARTY_COUNT,POINT_Y,POINT_X,COLLISION_SEVERITY
2013,2013-05-01,650,5,1,6,3,N,A,Y,A,H,A,D,22,S,03,C,,,,,C,Y,N,D,2,0,0,0,22350.0,2,34.2011649,-118.9703679,4
2013,2013-04-25,1104,4,1,11,4,N,A,Y,A,H,A,D,22,N,03,C,,,,,C,Y,N,D,1,0,0,0,22350.0,2,34.1776273,-118.8793064,4
2013,2013-04-24,725,4,1,7,3,N,B,Y,A,H,A,A,01,N,03,C,,,,,C,Y,N,D,1,0,0,0,22350.0,2,34.1722333,-118.8473273,4
2013,2013-03-27,1346,3,1,13,3,Y,A,N,A,H,A,A,07,,09,D,,,,,C,N,N,A,1,0,0,0,21801.0,2,34.14779034,-119.19552326,4
2013,2013-04-11,2321,4,1,23,4,N,A,N,A,H,C,A,08,N,01,E,,,,,I,Y,N,D,1,0,0,0,23152.0,1,34.1768289,-119.2215108,4
2013,2013-05-08,2058,5,1,20,3,N,A,Y,A,H,C,J,43,S,07,B,,,,,C,Y,N,D,1,0,0,0,21658.0,2,34.2177778,-119.0514663,4
2013,2013-04-08,1756,4,1,17,1,N,A,N,A,H,A,A,01,E,09,D,,,,,C,Y,N,A,1,0,0,0,21804.0,2,34.1780972,-118.8560593,4
2013,2013-04-26,655,4,1,6,5,N,A,N,A,H,A,A,07,S,08,B,,,,,E,Y,N,D,1,0,0,0,22107.0,5,34.3264697,-119.2905425,4
2013,2013-04-21,1430,4,1,14,7,N,A,Y,A,H,A,C,02,E,03,F,,,Y,,A,Y,N,D,1,0,0,1,22350.0,1,34.3850096,-119.3886653,4
2013,2013-04-21,1425,4,1,14,7,N,A,Y,A,H,A,C,02,W,03,F,,,Y,,A,N,N,C,2,0,0,2,22350.0,2,34.436141,-119.1355021,3
2013,2013-03-28,2348,3,1,23,4,Y,A,N,A,H,C,A,01,,- ,E,,,,,I,Y,N,D,1,0,0,0,,1,34.227665,-118.9830624,3
2012,2012-11-21,1131,11,3,11,3,N,A,N,A,H,A,A,01,E,09,D,,,,,C,Y,N,D,2,0,0,0,21804.0,2,34.21689483,-119.09508837,3
2013,2013-04-16,1146,4,1,11,2,N,A,N,A,H,A,A,08,E,03,C,,,,,D,Y,N,A,1,0,0,0,22350.0,2,34.1819605,-118.855683,4
2013,2013-04-24,1705,4,1,17,3,N,B,N,A,H,A,L,04,S,03,B,,Y,,,E,N,N,D,1,0,1,0,22350.0,3,34.2244815,-119.1303756,4
2013,2013-04-26,1725,4,1,17,5,N,A,Y,A,H,A,A,01,N,03,E,,,,,I,Y,N,D,1,0,0,0,22350.0,1,34.2570172,-119.2198807,3
2013,2013-04-26,2036,4,1,20,5,N,A,Y,A,H,D,C,02,S,03,C,,,Y,,C,Y,N,D,3,0,0,3,22350.0,2,34.0565792,-118.9695218,3
2013,2013-04-21,1045,4,1,10,7,Y,A,N,A,H,A,-,- ,,00,D,,,,,C,Y,N,A,1,0,0,0,,2,34.2391649,-119.1258025,4
2013,2013-04-14,1200,4,1,12,7,N,B,Y,A,H,A,A,01,W,05,A,,,Y,,C,Y,N,D,1,0,0,1,21460.0,2,34.3855312,-119.388482,2
2013,2013-04-27,1738,4,1,17,6,N,A,Y,A,H,A,A,07,N,03,C,,,,,C,N,N,D,1,0,0,0,22350.0,2,34.2179183,-119.0552048,4
2013,2013-04-23,1927,4,1,19,2,N,A,Y,A,H,B,C,02,N,03,C,,,Y,,C,Y,N,D,1,0,0,1,22350.0,2,34.2193916,-119.0711919,3
2013,2013-04-23,1915,4,1,19,2,N,A,Y,A,H,-,A,01,N,01,F,,,,,A,Y,N,D,1,0,0,0,23152.0,1,34.2195649,-119.0740023,3
2013,2013-04-27,1255,4,1,12,6,N,A,N,A,H,A,A,01,W,08,A,,,,,I,Y,N,D,1,0,0,0,22107.0,1,34.1742174,-119.1261176,4
2013,2013-04-20,1227,4,1,12,6,N,A,Y,A,H,A,C,02,S,03,F,,,Y,,A,Y,N,D,1,0,0,1,22350.0,3,34.4418939,-119.2623286,3
2013,2013-04-16,1010,4,1,10,2,N,A,N,A,H,A,A,01,W,03,C,,,,,C,Y,N,A,1,0,0,0,22350.0,2,34.1692695,-119.1363162,4
2013,2013-04-20,1333,4,1,13,6,N,A,N,A,H,A,A,01,S,08,E,,,,,I,Y,N,D,1,0,0,0,22107.0,1,34.3892919,-119.314273,3
2013,2013-04-09,830,4,1,8,2,N,A,Y,A,H,A,A,07,S,03,C,,,,,C,Y,N,D,2,0,0,0,22350.0,3,34.2185665,-119.0614624,3
2013,2013-04-19,2255,4,1,22,5,N,A,Y,A,H,C,A,01,S,03,E,,,,,I,Y,N,D,1,0,0,0,22350.0,1,34.2441249,-119.1939923,4
2013,2013-04-26,1648,4,1,16,5,N,A,Y,A,H,A,A,01,N,03,C,,,Y,,C,N,N,D,1,0,0,1,22350.0,2,34.1687349,-118.8416022,4
2013,2013-04-20,825,4,1,8,6,N,A,Y,A,H,A,A,01,E,01,E,,,,,I,Y,N,D,1,0,0,0,23152.0,1,34.2824449,-118.7732022,3
2013,2013-04-15,1750,4,1,17,1,N,B,Y,A,H,A,A,01,S,03,C,,,,,C,Y,N,D,2,0,0,0,22350.0,4,34.1770365,-118.8702469,4
2013,2013-04-25,855,4,1,8,4,N,A,Y,A,H,A,A,01,N,08,E,,,,,I,Y,N,D,1,0,0,0,22107.0,1,34.1773006,-118.8770686,3
2013,2013-04-19,655,4,1,6,5,N,A,Y,A,H,A,A,01,N,03,C,,,,,C,Y,N,D,1,0,0,0,22350.0,5,34.1916376,-118.9437799,4
2013,2013-04-21,1110,4,1,11,7,N,A,Y,A,H,A,A,07,N,03,C,,,,,C,Y,N,D,1,0,0,0,22350.0,2,34.3777406,-118.9157595,4
2013,2013-04-23,1630,4,1,16,2,N,A,Y,A,H,A,A,01,N,07,C,,,Y,,C,Y,N,D,1,0,0,1,21658.0,2,34.1722647,-118.846892,3
2013,2013-04-30,1500,4,1,15,2,Y,A,N,A,H,A,-,- ,,12,D,,,,,C,Y,N,A,2,0,0,0,21453.0,3,34.1734349,-119.1726824,2
2013,2013-04-19,1645,4,1,16,5,N,A,N,A,H,A,C,02,W,08,F,,,Y,,A,Y,N,D,1,0,0,1,22107.0,1,34.156543,-118.9375661,3
2013,2013-04-30,1524,4,1,15,2,N,A,N,A,H,A,-,- ,E,08,D,,,,,C,N,N,D,1,0,0,0,22107.0,2,34.1578248,-119.1519219,4
2013,2013-04-25,8,4,1,0,4,N,B,Y,A,H,D,A,01,E,03,E,,,,,I,Y,N,D,1,0,0,0,22350.0,1,34.2788849,-118.9193789,3
2013,2013-04-30,741,4,1,7,2,Y,B,N,A,H,A,-,- ,,09,D,,,,,C,N,N,D,1,0,0,0,21802.0,2,34.2045349,-119.1706825,4
2013,2013-04-27,1025,4,1,10,6,Y,A,N,A,H,A,A,01,,03,E,,,,,I,Y,N,D,1,0,0,0,22350.0,1,34.1567449,-118.9371523,4
2013,2013-04-24,1905,4,1,19,3,N,B,N,A,H,A,L,04,E,12,D,,Y,,,G,N,N,A,1,0,1,0,21453.0,2,34.1748902,-118.7593536,4
2013,2013-04-23,805,4,1,8,2,Y,B,N,A,H,A,A,07,,09,D,,Y,,,G,Y,N,D,1,0,1,0,21800.0,2,34.1796648,-118.9390624,4
2013,2013-04-17,1650,4,1,16,3,N,A,Y,A,H,A,A,01,W,03,C,,,,,C,N,N,D,1,0,0,0,22350.0,2,34.2644709,-118.9840024,4
2013,2013-04-16,1430,4,1,14,2,N,A,Y,A,H,A,A,01,W,03,C,,,,,C,Y,N,D,2,0,0,0,22350.0,5,34.2908298,-118.8116545,4
2012,2012-04-23,1255,4,1,12,1,N,A,Y,A,H,A,A,01,W,08,E,,,,,I,Y,N,D,1,0,0,0,22107.0,1,34.28129648,-118.67336283,4
2013,2013-04-29,1335,4,1,13,1,Y,B,Y,A,H,A,-,- ,,12,D,,,,,C,Y,N,A,1,0,0,0,21453.0,2,34.2392351,-119.1809191,4
2013,2013-05-08,115,5,1,1,3,N,A,Y,A,H,C,D,22,N,01,E,,,,,I,Y,N,D,1,0,0,0,23152.0,1,34.2218749,-119.1064588,3
2013,2013-04-06,0,4,1,0,6,N,A,Y,A,H,D,D,22,S,08,E,,,,,A,Y,N,D,2,0,0,0,22107.0,1,34.5840049,-119.2621523,3
2013,2013-05-12,1110,5,1,11,7,N,A,Y,A,H,A,D,22,E,01,E,,,,,I,Y,N,D,1,0,0,0,23152.0,1,34.2636538,-119.0908973,2
2013,2013-03-28,420,3,1,4,4,N,E,N,A,H,D,D,22,E,01,E,,,,,I,Y,N,D,2,0,0,0,23153.0,1,34.2728044,-119.0932453,2
2013,2013-05-06,700,5,1,7,1,N,B,N,B,H,A,D,22,S,03,D,,,,,C,Y,N,D,1,0,0,0,22350.0,3,34.2312676,-118.8705227,4
2013,2013-04-30,1740,4,1,17,2,N,B,N,A,H,A,D,22,N,03,C,,,,Y,C,N,N,D,1,0,0,0,22350.0,2,34.1821237,-118.9273035,4
2013,2013-04-28,1052,4,1,10,7,N,A,N,A,H,A,A,01,E,04,C,,,,,C,N,N,A,1,0,0,0,21703.0,2,34.1608116,-118.8226785,4
2013,2013-04-19,1049,4,1,10,5,Y,A,N,A,H,A,A,01,,03,H,,,,,C,Y,N,A,2,0,0,0,22350.0,3,34.1706648,-118.8381524,3
2013,2013-05-02,940,5,1,9,4,N,A,Y,A,H,A,A,07,N,03,C,,,,,C,Y,N,D,1,0,0,0,22350.0,4,34.1767391,-118.8663924,4
2013,2013-05-02,1810,5,1,18,4,N,A,Y,A,H,A,A,01,W,08,D,,,,,C,Y,N,D,1,0,0,0,22107.0,2,34.2677047,-118.6361525,4
2013,2013-05-02,2234,5,1,22,4,N,A,N,A,H,C,-,- ,S,03,C,,,,,C,Y,N,A,2,0,0,0,22350.0,2,34.1975674,-119.2212946,4
2013,2013-05-02,2110,5,1,21,4,N,A,Y,A,H,C,-,- ,N,03,C,,,,,C,Y,N,A,3,0,0,0,22350.0,2,34.1960026,-119.1775203,4
2013,2013-05-03,2004,5,1,20,5,Y,A,N,A,H,C,-,- ,,09,D,,,,,C,Y,N,A,2,0,0,0,21802.0,2,34.282535,-118.7089624,4
2013,2013-05-04,1340,5,1,13,6,N,A,N,A,H,A,A,01,E,09,D,,,,,-,N,N,A,1,0,0,0,21804.0,2,34.2790549,-118.7429218,4
2013,2013-05-05,1138,5,1,11,7,N,A,N,A,H,A,C,02,E,06,B,,,Y,,C,N,N,D,1,0,0,1,21755.0,2,34.26741355,-118.6348021,3
2013,2013-05-02,1450,5,1,14,4,Y,A,N,A,H,A,A,01,,09,D,,,,,C,Y,N,A,1,0,0,0,21801.0,2,34.263695,-118.7614324,4
2013,2013-05-02,1607,5,1,16,4,Y,A,N,A,H,A,-,- ,,12,A,,,,,C,Y,N,A,2,0,0,0,22450.0,2,34.283313,-118.774719,3
2013,2013-05-02,552,5,1,5,4,Y,A,Y,A,H,B,-,- ,,12,D,,,,,C,N,N,A,1,0,0,0,21453.0,2,34.2358196,-119.1802469,4
2013,2013-04-14,2115,4,1,21,7,N,A,N,A,H,C,-,- ,S,08,C,,,,,E,Y,N,D,2,0,0,0,22107.0,2,34.1830629,-119.1862077,4
2013,2013-03-28,1716,3,1,17,4,N,B,Y,A,H,A,A,01,N,03,C,,,,,C,N,N,D,2,0,0,0,22350.0,2,34.2207104,-119.0879848,4
2011,2011-11-28,827,11,3,8,1,N,A,N,A,H,A,-,- ,N,03,C,,,,,C,Y,N,A,1,0,0,0,22350.0,2,34.19841816,-119.22127616,4
2011,2011-11-29,1410,11,3,14,2,Y,A,N,A,H,A,-,- ,,12,D,,,,,C,Y,N,A,2,0,0,0,22450.0,2,34.21101,-119.14652,4
2013,2013-05-14,937,5,1,9,2,N,A,N,A,D,A,N,60,E,11,G,Y,,,,B,N,N,D,2,2,0,0,21956.0,3,34.14740854,-119.17453229,3
2013,2013-05-14,529,5,1,5,2,Y,A,N,A,H,B,-,- ,,09,D,,,,,C,Y,N,A,1,0,0,0,21801.0,2,34.1546548,-119.1730424,4
2013,2013-05-13,1630,5,1,16,1,N,A,N,A,H,A,-,- ,S,08,C,,,,,E,N,N,D,1,0,0,0,22107.0,2,34.2145471,-119.2030031,3
2013,2013-05-07,1328,5,1,13,2,Y,A,Y,A,H,A,-,- ,,03,C,,,,,C,N,N,A,1,0,0,0,22350.0,4,34.2050216,-119.1774023,4
2013,2013-05-12,1425,5,1,14,7,N,A,N,A,H,A,N,60,N,11,G,Y,,,,B,N,N,A,1,1,0,0,21954.0,2,34.2025482,-119.1879324,3
2013,2013-05-11,1800,5,1,18,6,Y,A,N,A,H,A,-,- ,,09,D,,,,,C,Y,N,A,1,0,0,0,21801.0,2,34.2062649,-119.1423224,4
2013,2013-05-10,2050,5,1,20,5,N,A,N,A,H,C,-,- ,W,01,B,,,,,C,Y,N,D,1,0,0,0,23152.0,3,34.1546595,-119.1737026,4
2013,2013-05-11,1406,5,1,14,6,Y,A,N,A,H,A,-,- ,,04,C,,,,,C,N,N,A,1,0,0,0,21703.0,2,34.1663949,-119.1423624,4
2013,2013-05-06,1543,5,1,15,1,N,A,N,A,H,A,A,01,W,09,D,,,,,C,Y,N,D,1,0,0,0,21804.0,2,34.2790607,-118.7380885,3
2013,2013-05-12,1625,5,1,16,7,N,A,Y,A,H,A,-,- ,S,03,C,,,,,C,N,M,D,1,0,0,0,22350.0,3,34.1963749,-119.1773623,4
2013,2013-05-03,1024,5,1,10,5,N,A,N,A,H,A,-,- ,S,03,C,,,,,C,Y,N,A,2,0,0,0,22350.0,3,34.190271,-119.214531,4
2013,2013-05-02,1040,5,1,10,4,N,A,N,A,H,A,-,- ,E,04,C,,,,,C,N,N,A,1,0,0,0,21703.0,2,34.1734725,-119.1776494,4
2013,2013-05-11,930,5,1,9,6,N,A,N,A,H,A,-,- ,N,09,D,,,,,C,Y,N,D,1,0,0,0,21801.0,2,34.19031498,-119.2247057,3
2013,2013-05-10,1703,5,1,17,5,N,A,N,A,H,A,N,60,S,11,G,Y,,,,B,N,N,A,1,1,0,0,21954.0,2,34.1950574,-119.1811629,4
2013,2013-05-10,745,5,1,7,5,Y,A,N,A,H,A,-,- ,,08,D,,,,,C,Y,N,D,2,0,0,0,22107.0,2,34.1900449,-119.1710724,4
2013,2013-05-07,759,5,1,7,2,N,A,N,A,H,A,-,- ,S,21,C,Y,,,,C,Y,N,D,3,1,0,0,22106.0,3,34.1756825,-119.1723024,3
2013,2013-05-15,755,5,1,7,3,N,B,N,A,H,-,D,22,S,03,C,,,,,C,N,N,A,1,0,0,0,22350.0,2,34.2487328,-119.1449836,4
2013,2013-05-04,404,5,1,4,6,N,A,Y,A,H,C,A,01,S,08,E,,,,,I,Y,N,D,1,0,0,0,22107.0,1,34.2719112,-119.1388156,4
2013,2013-05-01,1800,5,1,18,3,N,A,Y,A,H,A,A,01,S,03,C,,,,,C,N,N,D,1,0,0,0,22350.0,2,34.2506323,-119.2074784,4
2013,2013-05-09,1820,5,1,18,4,N,A,N,A,H,A,L,04,E,05,-,,Y,,,G,N,N,D,1,0,1,0,21650.0,2,34.2280768,-119.1565035,4
2013,2013-05-03,2119,5,1,21,5,Y,A,N,A,H,C,J,43,,09,H,,,,,C,Y,N,A,2,0,0,0,21801.0,2,34.2055649,-119.0697525,4
2013,2013-05-12,2027,5,1,20,7,N,A,N,A,H,C,A,07,S,01,D,,,,,E,N,M,D,1,0,0,0,23152.0,2,34.3979731,-118.9204235,3
2013,2013-05-15,1839,5,1,18,3,Y,A,Y,A,H,A,A,01,,12,D,,,,,C,N,N,A,1,0,0,0,21453.0,2,34.3955849,-118.9224923,4
2013,2013-05-10,1347,5,1,13,5,Y,A,Y,A,H,A,A,01,,09,H,,,,,C,Y,N,A,1,0,0,0,21801.0,2,34.2177034,-119.0526686,3
2013,2013-05-13,1738,5,1,17,1,N,A,N,A,H,A,D,22,S,03,C,,,,,C,Y,N,D,1,0,0,0,22350.0,2,34.2736582,-118.7964886,4
2013,2013-05-10,753,5,1,7,5,N,A,N,A,H,A,D,22,N,03,C,,,,,C,Y,N,D,2,0,0,0,22350.0,3,34.2650847,-118.7479023,4
2013,2013-05-02,1012,5,1,10,4,N,A,N,A,H,A,D,22,S,09,D,,,,,C,Y,N,D,1,0,0,0,21801.0,2,34.2819136,-118.7439023,4
2013,2013-04-04,1430,4,1,14,4,N,A,N,A,H,A,A,01,N,03,C,,,,,C,Y,N,D,1,0,0,0,22350.0,2,34.2975815,-118.8418375,4
2013,2013-04-08,1615,4,1,16,1,Y,A,N,A,H,A,A,07,,12,D,,,,,C,Y,N,A,1,0,0,0,22450.0,2,34.2660249,-118.9013124,4
2013,2013-04-14,1439,4,1,14,7,Y,A,Y,A,H,A,A,07,,12,D,,,,,C,Y,N,A,1,0,0,0,21453.0,2,34.2644819,-118.8491672,4
2013,2013-05-16,1536,5,1,15,4,N,A,N,A,H,A,-,- ,N,03,C,,,,,C,N,N,D,1,0,0,0,22350.0,2,34.2898516,-119.2982961,4
2013,2013-05-17,1515,5,1,15,5,Y,A,N,A,H,A,L,04,,08,D,,Y,,,G,N,N,D,1,0,1,0,22107.0,2,34.2718449,-119.2573523,3
2013,2013-05-10,1654,5,1,16,5,Y,A,N,A,H,A,D,,,12,D,,,,,C,Y,N,A,1,0,0,0,21453.0,2,34.278714,-119.2728915,3
2013,2013-05-16,745,5,1,7,4,N,A,N,A,H,A,-,- ,E,08,E,Y,,,,B,Y,N,D,1,1,0,0,22107.0,3,34.280894,-119.2534385,3
2013,2013-05-13,800,5,1,8,1,Y,A,N,A,H,A,L,,,05,D,,Y,,,G,N,N,A,1,0,1,0,21650.0,2,34.2673348,-119.2466223,3
2013,2013-05-11,1449,5,1,14,6,Y,A,N,A,H,A,A,,,09,D,,,,,C,Y,N,A,1,0,0,0,21801.0,2,34.2456749,-119.1960424,3
2013,2013-05-13,1114,5,1,11,1,N,A,N,A,H,A,A,,E,03,C,,,,,C,N,N,A,2,0,0,0,22350.0,2,34.2743544,-119.2701595,4
2013,2013-05-10,1703,5,1,17,5,Y,-,Y,-,-,A,A,07,,09,-,,,,,C,Y,N,-,1,0,0,0,21800.0,2,34.2934049,-118.8457223,4
2013,2013-04-29,2250,4,1,22,1,N,A,Y,A,H,C,A,01,E,08,E,,,,,I,Y,N,D,1,0,0,0,22107.0,1,34.2716849,-119.2105823,4
2013,2013-04-27,1545,4,1,15,6,N,A,Y,A,H,A,A,01,N,01,C,,,,,C,Y,N,D,1,0,0,0,23152.0,3,34.2193924,-119.0741224,4
2013,2013-04-16,805,4,1,8,2,Y,A,N,A,H,A,A,01,,12,D,,,,,C,Y,N,A,2,0,0,0,21453.0,4,34.2118149,-118.8401524,4
2013,2013-04-29,616,4,1,6,1,N,E,N,A,H,A,A,01,N,03,E,,,,,I,Y,N,D,2,0,0,0,22350.0,1,34.1965529,-118.8909008,3
2013,2013-04-29,1607,4,1,16,1,N,A,N,A,H,A,A,07,W,09,H,,,,,C,Y,N,D,1,0,0,0,21801.0,2,34.1791534,-118.8746147,4
2013,2013-04-30,916,4,1,9,2,N,A,N,A,H,A,-,- ,N,18,F,,Y,,,A,N,N,D,1,0,1,0,,1,34.1995724,-118.824572,3
2013,2013-04-30,1640,4,1,16,2,N,B,N,A,H,A,A,07,E,08,H,,,,,C,Y,N,D,1,0,0,0,22107.0,2,34.20543,-119.04523,3
2013,2013-05-08,1710,5,1,17,3,N,A,Y,A,H,A,A,01,N,03,C,,,,,C,Y,N,D,1,0,0,0,22350.0,3,34.2138496,-119.0085414,4
2013,2013-05-02,1835,5,1,18,4,N,A,N,A,H,A,A,01,W,08,E,,,,,I,Y,N,D,1,0,0,0,22107.0,1,34.2413206,-119.0998614,4
2013,2013-05-05,500,5,1,5,7,N,A,N,A,H,D,A,01,E,01,E,,,,,I,Y,N,D,1,0,0,0,23152.0,1,34.4067338,-118.9431509,3
2013,2013-05-10,1700,5,1,17,5,N,B,Y,A,H,A,A,01,S,08,F,,,,,A,N,N,D,1,0,0,0,22107.0,1,34.5316462,-119.2459614,3
2013,2013-05-11,2128,5,1,21,6,N,A,Y,A,H,D,A,01,N,08,E,,,,,I,Y,N,D,3,0,0,0,22107.0,1,34.2138496,-119.0085414,3
2013,2013-05-12,1545,5,1,15,7,N,A,Y,A,H,A,A,07,N,03,C,,,,,C,Y,N,D,3,0,0,0,22350.0,2,34.2195496,-119.0759266,4
2013,2013-05-02,909,5,1,9,4,N,A,N,A,H,A,A,07,N,07,B,,,,,C,Y,N,D,1,0,0,0,21658.0,2,34.2339718,-118.9719644,3
2013,2013-05-02,2003,5,1,20,4,N,A,N,A,H,C,A,01,S,03,C,,,,,C,Y,N,D,2,0,0,0,22350.0,2,34.173496,-118.9543196,4
2013,2013-05-03,846,5,1,8,5,N,A,N,A,H,A,A,08,E,07,C,,,,,C,Y,N,D,1,0,0,0,21658.0,3,34.2417966,-118.8394968,4
2013,2013-05-09,740,5,1,7,4,N,A,Y,A,H,A,A,07,S,08,C,,,,,C,Y,N,D,1,0,0,0,22107.0,2,34.2873566,-119.3278417,4
2013,2013-05-12,1056,5,1,10,7,N,A,N,A,H,A,A,01,W,03,C,,,,,C,N,N,D,1,0,0,0,22350.0,2,34.1907635,-118.9459874,4
2013,2013-05-11,1216,5,1,12,6,Y,A,Y,A,H,A,A,01,,12,D,,,,,C,Y,N,A,1,0,0,0,21453.0,2,34.1565049,-118.8259922,4
2013,2013-05-10,1840,5,1,18,5,N,A,N,A,H,A,C,02,W,08,E,,,Y,,I,Y,N,D,1,0,0,1,22107.0,1,34.1579834,-118.9896721,3
2013,2013-05-09,1601,5,1,16,4,N,A,N,A,H,A,L,04,W,08,H,,Y,,,G,N,N,D,1,0,1,0,21460.0,2,34.1792761,-118.8649604,3
2013,2013-05-05,2133,5,1,21,7,N,B,N,A,H,C,-,- ,W,09,C,,,,,C,Y,N,A,2,0,0,0,21453.0,2,34.1733161,-119.1657253,4
2013,2013-05-07,1338,5,1,13,2,Y,A,N,A,H,A,-,- ,,03,C,,,,,C,N,N,D,1,0,0,0,22350.0,2,34.2116149,-119.1809824,4
2013,2013-04-04,2225,4,1,22,4,N,B,N,A,H,D,-,- ,N,08,E,,,,,I,Y,N,D,1,0,0,0,22107.0,1,34.1911168,-119.1424902,4
2013,2013-01-29,1441,1,4,14,2,N,A,N,A,H,A,A,01,S,03,C,,,,,C,N,N,A,1,0,0,0,22350.0,2,34.1546787,-119.1953839,4
2013,2013-07-04,2316,7,2,23,4,N,A,N,A,H,C,J,48,E,03,E,,,,,I,Y,N,A,1,0,0,0,22350.0,1,34.1547715,-119.177843,4
2013,2013-05-19,2040,5,1,20,7,N,A,Y,A,H,C,D,22,N,01,E,,,,,I,Y,N,D,2,0,0,0,23152.0,1,34.2773632,-119.2975267,2
2013,2013-05-03,800,5,1,8,5,N,A,Y,A,H,A,D,22,N,03,C,,,,,C,N,N,A,1,0,0,0,22350.0,2,34.2119883,-118.8493864,4
2013,2013-05-03,701,5,1,7,5,N,A,Y,A,H,A,G,25,E,08,B,,,,Y,C,Y,N,D,1,0,0,0,22107.0,3,34.2660318,-118.9738664,3
2013,2013-05-06,630,5,1,6,1,N,B,Y,B,H,A,A,01,W,03,E,,,,,I,Y,N,D,3,0,0,0,22350.0,2,34.2540168,-118.9970704,2
2013,2013-05-04,1520,5,1,15,6,N,A,Y,A,H,A,A,01,E,03,C,,,,,C,Y,N,A,1,0,0,0,22350.0,3,34.2749022,-118.9285976,3
2013,2013-05-08,1025,5,1,10,3,N,A,Y,A,H,A,-,99,N,08,C,,,,,C,Y,F,D,3,0,0,0,22107.0,4,34.2824549,-118.8628523,3
2013,2013-04-27,1814,4,1,18,6,N,A,N,A,H,A,-,- ,W,03,E,,,,,I,Y,N,D,1,0,0,0,22350.0,1,34.2307248,-119.17498291,2
2013,2013-05-13,1350,5,1,13,1,Y,A,N,A,H,A,-,- ,,09,B,,Y,,,G,N,F,A,1,0,1,0,21800.0,2,34.189974,-119.171079,3
2013,2013-05-12,1428,5,1,14,7,Y,A,N,A,H,A,A,01,,- ,C,,,,,C,Y,N,A,4,0,0,0,,2,34.2191949,-119.1842624,3
2013,2013-05-13,759,5,1,7,1,N,A,N,A,H,A,-,- ,E,03,C,,,,,C,Y,N,D,2,0,0,0,22350.0,3,34.219002,-119.1649268,4
2013,2013-05-09,835,5,1,8,4,N,A,N,A,H,A,-,- ,E,18,H,,,,,A,N,N,D,2,0,0,0,,1,34.1812748,-119.2158403,4
2013,2013-05-13,1305,5,1,13,1,N,A,Y,A,H,A,A,07,N,08,B,,,,,C,Y,N,A,4,0,0,0,22107.0,4,34.2157658,-119.0144097,2
2013,2013-05-30,1717,5,1,17,4,Y,A,N,A,H,A,-,- ,,09,D,,,,,C,,N,D,1,0,0,0,21801.0,3,34.1989848,-119.1423925,3
2013,2013-05-30,1132,5,1,11,4,N,A,Y,A,H,A,A,07,E,08,A,,,,,C,Y,N,D,2,0,0,0,22107.0,2,34.4320744,-119.2721066,2
2013,2013-06-04,615,6,2,6,2,N,B,Y,A,H,A,D,22,E,08,E,,,,,I,Y,N,D,1,0,0,0,22107.0,1,34.2718106,-119.2107514,4
2013,2013-06-04,1605,6,2,16,2,N,A,Y,A,H,A,F,26,N,03,C,,,,Y,C,Y,N,D,1,0,0,0,22350.0,4,34.2589966,-119.2545511,4
2013,2013-05-07,1650,5,1,16,2,N,A,Y,A,H,A,-,- ,N,18,F,,,Y,,A,N,N,D,1,0,0,1,,1,34.2544153,-119.2144352,3
2013,2013-05-13,2125,5,1,21,1,N,A,Y,A,H,C,A,01,N,03,C,,,,,C,N,M,D,1,0,0,0,22350.0,2,34.2431079,-119.1911823,3
2013,2013-07-18,745,7,2,7,4,Y,A,N,A,H,A,J,48,,09,H,,,,,C,Y,N,A,2,0,0,0,21801.0,2,34.2365848,-119.0390624,3
2013,2013-06-27,1328,6,2,13,4,Y,A,Y,A,H,A,L,04,,12,D,,Y,,,G,N,N,A,1,0,1,0,21453.0,2,34.2184542,-119.1772649,3
2013,2013-07-22,2038,7,2,20,1,N,B,N,A,G,C,A,01,W,03,C,,,,,E,Y,N,D,1,0,0,0,22350.0,2,34.2619654,-118.8716696,4
2013,2013-08-02,1604,8,2,16,5,N,A,N,A,H,A,J,48,N,22,C,,,Y,,C,Y,N,D,1,0,0,1,,3,34.2691292,-118.76686871,2
2013,2013-05-14,318,5,1,3,2,N,A,Y,A,H,C,A,01,S,03,C,,,,Y,C,Y,N,D,1,0,0,0,22350.0,2,34.234672,-118.8426137,3
2013,2013-05-16,1700,5,1,17,4,N,A,Y,A,H,A,A,01,N,03,C,,,,,C,Y,N,D,1,0,0,0,22350.0,2,34.1849954,-118.9282021,4
2013,2013-05-09,2035,5,1,20,4,N,A,N,A,H,C,D,22,E,10,G,Y,,,,B,N,N,A,1,1,0,0,21950.0,2,34.183956,-118.7836297,2
2013,2013-04-07,720,4,1,7,7,N,B,Y,A,H,B,A,01,E,08,E,,,,,I,Y,N,D,3,0,0,0,22107.0,1,34.2795979,-119.1731398,3
2013,2013-04-04,1605,4,1,16,4,N,A,Y,A,H,A,A,01,N,03,C,,,,,C,Y,N,D,1,0,0,0,22350.0,2,34.2172874,-119.0391958,4
2013,2013-04-04,1353,4,1,13,4,N,A,N,A,H,A,A,01,N,08,D,,,,,C,Y,N,D,1,0,0,0,22107.0,2,34.1751059,-119.1426686,3
2013,2013-04-07,1100,4,1,11,7,N,A,Y,A,H,A,A,01,E,03,C,,,,,C,N,N,D,1,0,0,0,22350.0,2,34.2950178,-119.1472343,4
2013,2013-05-03,1835,5,1,18,5,Y,A,N,A,H,A,A,01,,03,C,,,,,C,N,N,D,1,0,0,0,22350.0,2,34.2079448,-119.1810324,4
2013,2013-05-05,1740,5,1,17,7,N,A,N,A,H,A,A,01,N,04,C,,,,,C,N,N,D,1,0,0,0,21703.0,2,34.17966918,-119.15984988,4