ACCIDENT_YEAR,COLLISION_DATE,COLLISION_TIME,MONTH,SEASON,24HOURS,DAY_OF_WEEK,INTERSECTION,WEATHER_1,STATE_HWY_IND,ROAD_SURFACE,ROAD_COND_1,LIGHTING,STWD_VEHTYPE_AT_FAULT,CHP_VEHTYPE_AT_FAULT,DIRECTION,PCF_VIOL_CATEGORY,TYPE_OF_COLLISION,PEDESTRIAN_ACCIDENT,BICYCLE_ACCIDENT,MOTORCYCLE_ACCIDENT,TRUCK_ACCIDENT,MVIW,TOW_AWAY,HIT_AND_RUN,CONTROL_DEVICE,NUMBER_INJURED,COUNT_PED_INJURED,COUNT_BICYCLIST_INJURED,COUNT_MC_INJURED,PCF_VIOLATION,PARTY_COUNT,POINT_Y,POINT_X,COLLISION_SEVERITY
2013,2013-05-23,2339,5,1,23,4,N,A,N,A,H,D,-,- ,N,08,E,,,,,I,Y,N,D,1,0,0,0,22107.0,2,34.1937393,-119.1598724,4
2013,2013-05-11,1548,5,1,15,6,Y,A,N,A,H,A,A,08,,09,D,,,,,C,N,N,A,1,0,0,0,21802.0,2,34.2825349,-119.1471025,4
2013,2013-05-15,303,5,1,3,3,N,A,Y,A,H,D,A,07,E,08,E,,,,,I,Y,N,D,1,0,0,0,22107.0,1,34.3394015,-119.079158,2
2013,2013-05-18,935,5,1,9,6,N,A,N,A,H,A,A,01,S,08,F,,,,,A,Y,N,D,1,0,0,0,22107.0,1,34.3920879,-119.3149842,2
2013,2013-05-22,1823,5,1,18,3,N,A,N,A,H,A,A,01,W,08,E,,,,,I,Y,N,D,1,0,0,0,22107.0,1,34.3543373,-118.9827194,2
2013,2013-05-22,910,5,1,9,3,N,A,N,A,H,A,A,01,S,07,B,,,,,C,N,N,D,1,0,0,0,21658.0,2,34.1719306,-119.142711,4
2013,2013-05-10,1220,5,1,12,5,N,A,N,A,H,A,-,- ,N,18,E,,,,,I,Y,N,A,1,0,0,0,,1,34.1910931,-119.1949876,4
2013,2013-05-08,1600,5,1,16,3,N,A,N,A,H,A,A,01,N,09,C,,,,,C,N,N,D,1,0,0,0,21804.0,2,34.165326,-119.1777902,4
2013,2013-06-01,723,6,2,7,6,Y,A,N,A,H,A,-,- ,,12,D,,,,,C,Y,N,A,2,0,0,0,21453.0,2,34.1977048,-119.1786224,4
2013,2013-06-02,1949,6,2,19,7,N,A,N,A,H,A,-,- ,W,08,D,,,,,C,Y,N,D,2,0,0,0,22107.0,2,34.1547292,-119.167301,3
2013,2013-06-01,1742,6,2,17,6,N,A,N,A,H,A,-,- ,E,21,C,,,,,C,N,N,A,1,0,0,0,22106.0,2,34.2191048,-119.1863263,4
2013,2013-06-01,1110,6,2,11,6,Y,A,N,A,H,A,A,01,,09,H,,,,,C,Y,N,A,1,0,0,0,21801.0,2,34.2238249,-118.9943723,4
2013,2013-06-03,1841,6,2,18,1,N,A,N,A,H,A,-,- ,W,09,D,,,,,C,Y,N,D,2,0,0,0,21804.0,3,34.2782848,-119.2935722,3
2013,2013-06-03,1740,6,2,17,1,N,A,N,A,H,A,A,01,E,09,D,,,,,C,N,N,D,3,0,0,0,21800.0,2,34.2639217,-119.2692741,3
2013,2013-06-05,1235,6,2,12,3,N,A,N,A,H,A,A,,S,09,B,,,,,C,Y,N,A,1,0,0,0,21804.0,5,34.2755418,-119.2175858,4
2013,2013-06-05,1300,6,2,13,3,Y,A,N,A,H,A,-,- ,,03,C,,,,,C,N,N,A,1,0,0,0,22350.0,2,34.2731749,-119.2478723,4
2013,2013-06-06,1530,6,2,15,4,N,A,N,A,H,A,A,,W,03,C,,,,,C,Y,N,A,3,0,0,0,22350.0,3,34.2651288,-119.2462129,4
2013,2013-05-26,218,5,1,2,7,N,A,N,A,H,C,-,- ,W,03,C,,,,,C,Y,F,A,4,0,0,0,22350.0,2,34.2191656,-119.1782535,4
2013,2013-04-24,2354,4,1,23,3,N,A,N,A,H,C,-,- ,E,03,C,,,,,C,N,N,A,2,0,0,0,22350.0,2,34.2191948,-119.1808228,4
2013,2013-05-25,1841,5,1,18,6,Y,A,N,A,H,A,-,- ,,12,D,,Y,,,G,N,N,A,1,0,1,0,21453.0,2,34.2282249,-119.1564925,3
2013,2013-05-24,1531,5,1,15,5,N,A,N,A,H,A,-,- ,E,03,B,,,,,C,Y,N,A,1,0,0,0,22350.0,3,34.2193445,-119.2070774,4
2013,2013-05-25,1530,5,1,15,6,Y,A,N,A,H,A,-,- ,,09,D,,,,,C,Y,N,A,1,0,0,0,21802.0,2,,,4
2013,2013-05-25,1231,5,1,12,6,N,A,N,A,H,A,-,- ,W,04,C,,,,,C,Y,N,D,1,0,0,0,21703.0,2,34.1975734,-119.1958936,3
2013,2013-05-25,1725,5,1,17,6,Y,A,N,A,H,A,-,- ,,12,A,,,,,-,Y,N,A,3,0,0,0,21453.0,2,34.2188548,-119.1421724,3
2013,2013-05-25,1137,5,1,11,6,N,A,N,A,H,A,-,- ,N,07,B,,,,,C,Y,N,A,1,0,0,0,21658.0,2,34.2235833,-119.1588123,4
2013,2013-05-24,1545,5,1,15,5,N,A,N,A,H,A,-,- ,N,09,D,,,,,C,Y,N,D,1,0,0,0,21801.0,2,,,3
2013,2013-05-25,2242,5,1,22,6,N,A,N,A,H,C,-,- ,S,03,C,,,,,C,Y,N,A,1,0,0,0,22350.0,2,34.1610062,-119.1805624,4
2013,2013-05-27,2012,5,1,20,1,N,A,N,A,H,C,-,- ,S,03,C,,,,,C,N,N,A,1,0,0,0,22350.0,2,34.1854699,-119.2214136,4
2013,2013-05-26,1544,5,1,15,7,N,A,N,A,H,A,-,- ,S,08,E,,,,,I,Y,N,D,2,0,0,0,22107.0,1,34.1472303,-119.1722823,3
2013,2013-05-27,1850,5,1,18,1,N,A,N,A,H,A,-,- ,S,03,C,,,,,C,N,N,A,1,0,0,0,22350.0,2,34.2030174,-119.1851228,4
2013,2013-05-26,1658,5,1,16,7,N,A,N,A,H,A,-,- ,N,04,C,,,,,C,Y,N,A,2,0,0,0,21703.0,3,34.1866693,-119.1950588,4
2013,2013-05-25,1942,5,1,19,6,N,A,N,A,H,B,L,04,N,05,D,,Y,,,G,N,N,D,1,0,1,0,21650.0,2,34.162317,-119.1700303,3
2013,2013-05-24,1450,5,1,14,5,N,A,Y,A,H,A,-,- ,S,09,D,,,,,C,Y,N,D,2,0,0,0,21801.0,2,34.188857,-119.1764157,4
2013,2013-05-19,1343,5,1,13,7,N,A,Y,A,H,A,A,07,W,05,B,,,Y,,C,N,N,A,2,0,0,2,21650.0,2,34.4258614,-119.2890194,3
2013,2013-05-24,1008,5,1,10,5,N,A,N,A,H,A,A,01,S,01,B,,,,,C,Y,N,D,1,0,0,0,23152.0,2,34.40770631,-118.92764568,3
2013,2013-05-21,1330,5,1,13,2,N,A,Y,A,H,A,C,02,S,03,F,,,Y,,A,N,N,D,1,0,0,1,22350.0,1,34.67837,-119.3630436,2
2013,2013-05-27,1743,5,1,17,1,Y,A,N,A,H,A,A,01,,03,B,,,,,I,Y,N,A,2,0,0,0,22350.0,1,34.1504549,-118.8254024,4
2013,2013-05-14,1130,5,1,11,2,Y,A,N,A,H,A,A,07,,09,H,,,,,C,Y,N,D,2,0,0,0,21801.0,3,34.1869148,-118.9268124,4
2013,2013-05-24,707,5,1,7,5,Y,A,N,A,H,A,A,07,,09,H,,,,,C,Y,N,D,3,0,0,0,21801.0,2,34.1831049,-118.9536423,3
2013,2013-05-23,1134,5,1,11,4,N,A,N,A,H,A,C,02,N,08,E,,,Y,,I,N,N,D,1,0,0,1,22107.0,1,34.16088601,-118.81013274,4
2013,2013-06-05,1903,6,2,19,3,N,A,N,A,H,A,-,- ,S,03,C,,,,,C,,N,A,1,0,0,0,22350.0,2,34.2189133,-119.1584324,4
2013,2013-06-03,1152,6,2,11,1,N,A,N,A,H,A,-,- ,N,04,C,,,,,C,N,N,D,1,0,0,0,21703.0,2,34.186646,-119.1775737,4
2013,2013-06-07,1056,6,2,10,5,Y,B,N,A,H,A,-,- ,,08,B,,,,,C,N,N,D,1,0,0,0,22100.0,2,34.2098149,-119.1810025,4
2013,2013-06-07,1453,6,2,14,5,N,A,N,A,H,A,-,- ,E,04,C,,,,,C,,N,A,1,0,0,0,21703.0,2,34.1755368,-119.1912398,4
2013,2013-06-07,1758,6,2,17,5,N,A,N,A,H,A,-,- ,N,09,D,,,,,C,,N,A,2,0,0,0,21804.0,2,34.224464,-119.1501508,4
2013,2013-06-10,1201,6,2,12,1,Y,A,N,A,H,A,-,- ,,00,D,,,,,C,Y,N,A,2,0,0,0,,2,34.2441349,-119.1641724,4
2013,2013-06-10,1700,6,2,17,1,N,A,Y,A,H,A,-,- ,S,03,C,,,,,C,N,N,A,4,0,0,0,22350.0,2,34.2029849,-119.1772923,4
2013,2013-06-11,806,6,2,8,2,Y,A,N,A,H,A,-,- ,,09,D,,,,,C,Y,F,A,1,0,0,0,21801.0,2,34.1615649,-119.1522325,4
2013,2013-06-11,1646,6,2,16,2,N,A,N,A,H,A,-,- ,N,07,C,,,,,C,,N,A,1,0,0,0,21658.0,2,34.2093609,-119.1947795,3
2013,2013-06-15,1409,6,2,14,6,N,A,Y,A,H,A,D,22,N,03,C,,,,,C,Y,N,D,1,0,0,0,22350.0,2,34.2809976,-119.3128125,4
2013,2013-05-26,2121,5,1,21,7,N,A,N,A,H,C,A,01,S,01,C,,,,,C,Y,F,A,1,0,0,0,23152.0,2,34.4018446,-118.9189176,4
2013,2013-05-24,151,5,1,1,5,N,A,N,A,H,C,C,02,N,01,E,,,Y,,I,Y,N,D,1,0,0,1,23152.0,1,34.231253,-119.0708005,2
2013,2013-05-20,1925,5,1,19,1,N,A,Y,A,D,B,A,07,N,08,E,,,,,I,Y,N,A,1,0,0,0,22107.0,1,34.1907864,-118.9414331,4
2013,2013-05-18,1030,5,1,10,6,N,A,Y,A,H,A,A,07,N,03,C,,,,,C,Y,N,D,2,0,0,0,22350.0,3,34.1773769,-118.8759495,4
2013,2013-05-13,936,5,1,9,1,N,A,N,A,H,A,A,07,N,10,G,Y,,,,B,Y,N,D,1,1,0,0,21950.0,2,34.3988044,-118.9182945,3
2013,2013-05-26,545,5,1,5,7,N,A,Y,A,H,B,A,01,S,01,E,,,,,I,Y,N,D,1,0,0,0,23152.0,1,34.276788,-118.8590899,3
2013,2013-05-25,1040,5,1,10,6,N,A,N,A,H,A,L,04,E,08,F,,Y,,,A,N,N,D,1,0,1,0,22107.0,1,34.2360268,-118.926334,3
2013,2013-05-29,1250,5,1,12,3,N,A,Y,A,H,A,A,01,S,03,C,,,,,C,Y,N,D,1,0,0,0,22350.0,2,34.1843282,-118.9046427,4
2013,2013-05-23,1625,5,1,16,4,N,A,Y,A,H,A,A,01,N,03,C,,,,,C,Y,N,D,5,0,0,0,22350.0,3,34.1730083,-118.8480349,4
2013,2013-05-17,1816,5,1,18,5,N,A,N,A,H,A,C,02,E,08,B,,,Y,,C,Y,N,D,1,0,0,1,22107.0,2,34.1429395,-118.8761935,4
2013,2013-05-18,1612,5,1,16,6,N,A,Y,A,H,A,C,02,W,08,F,,,Y,,A,Y,N,D,1,0,0,1,22107.0,1,34.2498817,-119.0027488,3
2013,2013-03-17,2151,3,1,21,7,N,-,N,A,H,D,-,- ,,08,F,,,,,I,Y,F,A,2,0,0,0,22107.0,1,,,3
2013,2013-04-25,1205,4,1,12,4,N,A,N,A,H,A,-,- ,W,07,H,,,,,A,N,N,A,1,0,0,0,21658.0,1,34.1547863,-119.18091,2
2013,2013-05-29,1624,5,1,16,3,Y,A,N,A,H,A,-,- ,,09,D,,,,,C,,N,A,3,0,0,0,21801.0,2,34.1924148,-119.1949524,3
2013,2013-06-03,1213,6,2,12,1,Y,A,N,A,H,A,-,- ,,00,D,,,,,C,Y,N,A,1,0,0,0,,2,34.1757549,-119.2216023,4
2013,2013-06-04,1100,6,2,11,2,Y,A,N,A,H,A,-,- ,,12,D,,,,,C,Y,N,A,2,0,0,0,21453.0,2,34.218972,-119.1722715,3
2013,2013-06-04,1940,6,2,19,2,N,A,Y,A,H,A,-,- ,S,00,G,Y,,,,B,N,N,D,1,1,0,0,,2,34.1840298,-119.1700534,3
2013,2013-06-10,1841,6,2,18,1,Y,A,N,A,H,A,A,07,,12,D,,,,,C,,N,A,1,0,0,0,21453.0,2,34.1822549,-118.9112924,4
2013,2013-06-06,1646,6,2,16,4,N,A,N,A,H,A,-,- ,S,03,C,,,,,C,,N,A,1,0,0,0,22350.0,2,34.2189158,-119.1946735,4
2013,2013-05-27,551,5,1,5,1,N,A,N,A,H,A,D,22,E,09,D,,,,,C,Y,N,D,2,0,0,0,21802.0,2,34.14908668,-119.1954267,4
2013,2013-06-08,1302,6,2,13,6,Y,B,N,A,H,A,-,- ,,08,D,,Y,,,G,Y,N,A,1,0,1,0,22107.0,2,34.1981449,-119.1811424,4
2013,2013-06-05,1915,6,2,19,3,Y,A,N,A,H,A,-,- ,,21,C,,,,,C,N,N,D,1,0,0,0,22106.0,2,34.1937749,-119.1811825,4
2013,2013-06-07,2020,6,2,20,5,N,A,N,A,H,C,N,60,S,11,G,Y,,,,B,N,N,D,1,1,0,0,21954.0,2,34.1902411,-119.1895555,3
2013,2013-06-03,2045,6,2,20,1,Y,A,N,A,H,C,A,01,,04,C,,,,,C,N,N,A,1,0,0,0,21703.0,2,34.2190049,-119.1654225,4
2013,2013-06-06,1554,6,2,15,4,N,A,N,A,H,A,-,- ,N,04,C,,,,,C,N,N,A,1,0,0,0,21703.0,2,34.1737493,-119.1776787,4
2013,2013-06-07,2035,6,2,20,5,N,B,N,A,H,C,N,60,,22,D,Y,,,,B,N,N,A,1,1,0,0,,2,34.23653469,-119.17980552,4
2013,2013-06-17,2206,6,2,22,1,Y,A,N,A,H,C,-,- ,,00,H,,,,,C,Y,N,A,3,0,0,0,,2,34.2182649,-119.0052023,3
2013,2013-06-27,1100,6,2,11,4,N,A,N,A,H,A,A,01,E,10,G,Y,,,,B,N,F,A,1,1,0,0,21950.0,2,34.2168305,-119.0421297,4
2013,2013-06-26,704,6,2,7,3,N,A,Y,A,H,A,A,01,N,08,H,,Y,,,G,N,N,D,1,0,1,0,22107.0,2,34.2260782,-119.0246829,3
2013,2013-05-19,1015,5,1,10,7,N,A,N,A,H,A,A,01,E,08,C,,,,,E,Y,N,D,1,0,0,0,22107.0,2,34.2195452,-118.8414643,3
2013,2013-05-29,1448,5,1,14,3,N,A,Y,A,B,A,L,04,N,03,E,,Y,,,J,N,N,D,1,0,1,0,22350.0,1,34.1477579,-118.8418014,3
2013,2013-05-27,1834,5,1,18,1,Y,A,Y,A,H,A,A,01,,08,H,,,,,C,,N,A,2,0,0,0,22101.0,2,34.1905649,-118.9409523,3
2013,2013-05-27,1820,5,1,18,1,N,A,N,A,C,A,-,- ,W,00,G,Y,,Y,,B,N,N,D,1,1,0,0,,2,34.1940085,-118.8798294,4
2013,2013-04-06,1016,4,1,10,6,N,A,N,A,H,A,-,- ,W,00,H,,Y,,,G,N,N,A,1,0,1,0,,2,34.1589224,-118.8180656,3
2013,2013-06-10,1216,6,2,12,1,N,A,N,A,H,A,A,01,W,03,C,,,,,C,Y,N,A,2,0,0,0,22350.0,3,34.2061544,-118.8866904,4
2013,2013-06-11,2355,6,2,23,2,N,A,N,A,C,C,A,01,W,08,E,,,,,I,Y,N,D,2,0,0,0,22107.0,1,34.1812037,-118.869679,2
2013,2013-06-13,1106,6,2,11,4,Y,A,N,A,H,A,A,07,,09,H,,,,,C,Y,N,A,2,0,0,0,21801.0,2,34.1756349,-118.7876523,4
2013,2013-06-12,2350,6,2,23,3,N,A,N,A,H,C,A,07,S,08,E,,,,,I,Y,N,D,1,0,0,0,22107.0,1,34.1742928,-118.7878564,4
2013,2013-05-22,1838,5,1,18,3,Y,A,N,A,H,A,A,01,,09,D,,,,,C,Y,N,A,2,0,0,0,21802.0,2,34.1723949,-118.9426723,2
2013,2013-06-04,807,6,2,8,2,Y,B,N,A,H,A,A,07,,10,G,Y,,,,B,N,N,D,1,1,0,0,21950.0,2,34.1789649,-118.9353924,4
2013,2013-06-04,1509,6,2,15,2,N,A,N,A,H,A,A,07,E,03,C,,,,,C,Y,N,A,2,0,0,0,22350.0,3,34.182121,-118.854762,4
2013,2013-06-05,2057,6,2,20,3,Y,A,Y,A,H,C,A,01,,09,H,,,,,C,Y,N,A,2,0,0,0,21801.0,2,34.1847749,-118.8957623,3
2013,2013-06-01,1107,6,2,11,6,N,A,N,A,H,A,C,02,W,08,E,,,Y,,I,Y,N,D,1,0,0,1,22107.0,1,34.16458794,-118.93773079,3
2013,2013-06-13,137,6,2,1,4,N,A,N,A,H,C,A,01,W,01,E,,,,,I,Y,N,D,1,0,0,0,23152.0,1,34.2265441,-119.0634586,3
2013,2013-06-10,1800,6,2,18,1,N,A,N,A,H,A,L,04,W,06,H,,Y,,,G,N,N,A,1,0,1,0,21755.0,2,34.2372598,-119.0363125,3
2013,2013-06-05,1815,6,2,18,3,N,A,Y,A,H,A,L,04,E,05,H,,Y,,,G,N,N,D,1,0,1,0,21650.0,2,34.4478314,-119.2452553,3
2013,2013-06-10,825,6,2,8,1,Y,A,Y,A,H,A,A,01,,03,C,,,,,C,Y,N,A,2,0,0,0,22350.0,2,34.4479473,-119.243461,4
2013,2013-06-16,820,6,2,8,7,N,A,Y,A,H,A,A,07,N,08,D,,,,,C,Y,N,D,1,0,0,0,22107.0,2,34.2618121,-119.2626721,4
2013,2013-06-21,1435,6,2,14,5,N,A,Y,A,H,A,D,22,S,21,C,,,,,C,Y,N,A,1,0,0,0,22106.0,3,34.2647391,-119.2424205,4
2013,2013-06-23,1348,6,2,13,7,N,A,Y,A,H,A,D,22,S,03,C,,,,,C,Y,N,D,7,0,0,0,22350.0,2,34.3211013,-119.385657,4
2013,2013-06-25,2225,6,2,22,2,N,A,Y,A,H,D,D,22,W,08,E,,,,,I,Y,N,D,1,0,0,0,22107.0,1,34.2818431,-119.1696821,4
2013,2013-05-25,1926,5,1,19,6,N,A,N,A,H,A,L,04,W,09,H,,Y,,Y,G,N,N,A,0,0,0,0,21804.0,2,34.2863349,-118.7090353,1
2013,2013-06-18,1740,6,2,17,2,N,A,N,A,H,A,A,01,W,05,A,,,,,C,Y,N,D,2,0,0,0,21460.0,2,34.3532122,-119.0168664,3
2013,2013-06-14,745,6,2,7,5,N,A,N,A,H,A,A,01,W,03,C,,,,,C,Y,N,D,2,0,0,0,22350.0,3,34.1639671,-119.0641314,4
2013,2013-05-23,2018,5,1,20,4,N,A,N,A,H,-,A,01,W,- ,C,,,,,C,Y,N,A,2,0,0,0,,4,34.1759961,-119.20655,4
2013,2013-05-29,655,5,1,6,3,N,A,Y,A,H,A,A,01,N,08,E,,,,,I,Y,N,D,1,0,0,0,22107.0,1,34.2365155,-119.1772573,4
2013,2013-06-03,1600,6,2,16,1,N,A,Y,A,H,A,A,08,S,03,C,,,,,C,Y,N,D,1,0,0,0,22350.0,2,34.2591322,-119.2245555,4
2013,2013-06-08,1035,6,2,10,6,N,A,Y,A,H,A,A,01,N,08,E,,,,,I,Y,N,D,1,0,0,0,22107.0,1,34.4829375,-119.2929094,3
2013,2013-06-09,952,6,2,9,7,N,A,N,A,H,A,A,01,N,08,E,,,,,I,Y,N,D,2,0,0,0,22107.0,1,34.53866174,-119.18814182,3
2013,2013-06-07,1510,6,2,15,5,Y,A,N,A,H,A,A,01,,09,D,,,Y,,C,Y,N,A,2,0,0,1,21802.0,2,34.1884649,-118.9166223,3
2013,2013-06-11,1317,6,2,13,2,Y,A,N,A,H,A,A,01,,12,D,,,,,C,Y,N,A,2,0,0,0,21453.0,2,34.1610149,-118.8379924,4
2013,2013-06-04,1915,6,2,19,2,N,A,N,A,H,A,-,- ,S,18,H,,,,,A,N,N,D,1,0,0,0,,1,34.1840591,-118.821002,3
2013,2013-05-17,2330,5,1,23,5,N,A,Y,A,H,D,A,01,W,01,C,,,,,C,Y,F,D,3,0,0,0,23152.0,2,34.3962283,-118.8620294,2
2013,2013-05-26,1141,5,1,11,7,N,A,Y,A,H,A,C,02,S,03,F,,,Y,,A,N,N,D,1,0,0,1,22350.0,2,34.2028084,-118.9799112,3
2013,2013-05-13,1900,5,1,19,1,N,A,N,A,H,A,A,01,W,01,E,,,,,I,Y,N,A,3,0,0,0,23152.0,1,34.1685157,-118.7587687,3
2013,2013-05-30,1715,5,1,17,4,N,A,Y,A,H,A,A,01,N,03,C,,,,,C,Y,N,D,2,0,0,0,22350.0,2,34.1846198,-118.897279,4
2013,2013-05-29,1925,5,1,19,3,N,A,Y,A,D,A,A,01,N,08,E,,,,,I,Y,N,D,1,0,0,0,22107.0,1,34.1907864,-118.9414331,3
2013,2013-05-28,748,5,1,7,2,N,A,N,A,H,A,A,01,E,03,C,,,,,C,Y,N,A,3,0,0,0,22350.0,3,34.2368895,-118.9192054,4
2013,2013-05-31,1635,5,1,16,5,N,A,Y,A,H,A,A,01,N,03,C,,,,,C,N,N,D,1,0,0,0,22350.0,2,34.1852393,-118.9288234,4
2013,2013-05-30,1810,5,1,18,4,N,A,Y,A,H,A,A,01,S,03,C,,,,,C,N,N,D,1,0,0,0,22350.0,2,34.2388284,-118.8407555,4
2013,2013-05-25,1225,5,1,12,6,N,A,Y,A,H,A,A,01,S,03,C,,,,,C,N,N,D,1,0,0,0,22350.0,3,34.1629581,-118.83295,4
2013,2013-06-10,800,6,2,8,1,Y,B,Y,A,H,A,-,- ,,10,G,Y,,,,B,N,N,A,1,1,0,0,21950.0,2,34.240109,-119.1672178,4
2013,2013-06-08,1440,6,2,14,6,Y,A,N,A,H,A,-,- ,,08,D,,,,,C,Y,N,A,1,0,0,0,22107.0,3,34.1951449,-119.1949225,4
2013,2013-06-10,1500,6,2,15,1,N,A,N,A,H,A,-,- ,N,03,C,,,,,C,Y,N,A,2,0,0,0,22350.0,2,34.2190972,-119.1584324,3
2013,2013-06-01,1210,6,2,12,6,N,A,Y,A,H,A,A,07,S,03,C,,,,,C,N,N,D,1,0,0,0,22350.0,3,34.1845024,-118.9061179,4
2013,2013-06-04,1525,6,2,15,2,N,A,Y,A,H,A,A,01,W,08,E,,,,,I,Y,F,D,1,0,0,0,22107.0,2,34.2814774,-118.7012496,4
2013,2013-06-14,1943,6,2,19,5,Y,A,N,A,H,A,A,,,08,D,,,,,C,Y,N,D,1,0,0,0,22103.0,3,34.2554649,-119.1978425,4
2013,2013-06-14,122,6,2,1,5,Y,A,N,A,H,C,D,,,03,E,,,,,I,Y,N,D,1,0,0,0,22350.0,1,34.2824949,-119.2406522,2
2013,2013-06-13,1428,6,2,14,4,Y,A,Y,A,A,A,A,,,12,D,,,,,C,Y,N,A,2,0,0,0,21453.0,2,34.2739949,-119.1952223,2
2013,2013-06-12,1635,6,2,16,3,N,A,N,A,H,A,A,,S,03,C,,,,,C,Y,N,A,1,0,0,0,22350.0,2,34.2683715,-119.2468422,4
2013,2013-06-12,1245,6,2,12,3,Y,A,N,A,H,A,-,,,12,D,,,,,C,Y,N,A,1,0,0,0,21453.0,2,34.2703849,-119.2133723,4
2013,2013-06-06,1300,6,2,13,4,Y,A,N,A,H,A,A,,,10,G,Y,,,,B,N,N,A,1,1,0,0,21950.0,2,34.2759649,-119.2537323,3
2013,2013-06-10,2145,6,2,21,1,Y,A,N,A,H,C,A,,,12,D,,,,,C,Y,N,A,1,0,0,0,21453.0,2,34.2715448,-119.2670723,3
2013,2013-06-10,1005,6,2,10,1,N,A,Y,A,H,A,L,04,W,09,D,,Y,,,G,N,N,A,1,0,1,0,21802.0,2,34.2718079,-119.2107723,3
2013,2013-06-21,1902,6,2,19,5,Y,A,N,A,H,A,D,,,09,D,,,,,C,N,N,D,2,0,0,0,21802.0,2,34.284006,-119.1626505,3
2013,2013-06-17,615,6,2,6,1,N,B,Y,A,H,B,A,01,W,03,C,,,,,C,Y,N,A,1,0,0,0,22350.0,4,34.2637596,-118.9964352,4
2013,2013-06-06,1430,6,2,14,4,N,A,Y,A,H,A,C,02,E,03,E,,,Y,,I,Y,N,D,1,0,0,1,22350.0,1,34.4328577,-119.2001228,4
2013,2013-06-06,1945,6,2,19,4,N,A,Y,B,H,A,-,- ,W,18,H,,,Y,,H,N,N,D,1,0,0,1,,1,34.4065975,-119.3700944,3
2013,2013-05-03,1813,5,1,18,5,Y,A,N,A,H,A,A,07,,09,F,,,Y,,A,Y,N,A,1,0,0,1,21802.0,2,34.2375249,-118.9785425,3
2013,2013-05-03,1814,5,1,18,5,Y,A,N,A,H,A,A,07,,09,D,,,Y,,C,Y,N,A,1,0,0,1,21802.0,2,34.2375249,-118.9785425,3
2013,2013-05-18,1406,5,1,14,6,N,A,N,A,H,A,L,04,E,05,D,,Y,,,G,N,N,D,1,0,1,0,21650.0,2,34.273543,-119.2660991,3
2013,2013-06-20,1220,6,2,12,4,N,A,N,A,H,A,-,- ,E,08,C,,,,,E,Y,N,D,1,0,0,0,22107.0,2,34.2083852,-119.1946573,3
2013,2013-06-13,1501,6,2,15,4,N,A,Y,A,H,A,-,- ,W,03,D,,,,,C,Y,N,A,1,0,0,0,22350.0,2,34.1968706,-119.1430421,4
2013,2013-06-13,2016,6,2,20,4,N,A,N,A,H,B,A,01,N,08,A,,,,,C,Y,N,D,3,0,0,0,22107.0,2,34.2429177,-119.0123153,2
2013,2013-06-22,1511,6,2,15,6,N,A,Y,A,H,A,D,23,E,03,C,,,,,C,N,N,A,1,0,0,0,22350.0,2,34.3969119,-118.9125411,4
2013,2013-06-19,2154,6,2,21,3,N,A,N,A,H,C,A,07,S,01,H,,,,,C,Y,N,A,2,0,0,0,23152.0,2,34.223526,-119.0390023,4
2013,2013-06-19,2120,6,2,21,3,N,A,N,A,H,C,D,22,E,03,E,,,,,I,Y,N,A,1,0,0,0,22350.0,1,34.2361122,-119.0410761,3
2013,2013-06-21,2153,6,2,21,5,Y,A,Y,A,H,B,D,22,,09,H,,,,,C,Y,N,A,3,0,0,0,21801.0,2,34.3955849,-118.9224923,3
2013,2013-06-14,1343,6,2,13,5,Y,A,Y,A,H,A,A,01,,21,G,Y,,,,B,N,N,A,1,1,0,0,22106.0,2,34.1547249,-118.8205522,4
2013,2013-06-15,1920,6,2,19,6,N,A,Y,A,H,A,A,07,W,01,E,,,,,I,Y,N,D,1,0,0,0,23152.0,1,34.2628027,-119.0970179,3
2013,2013-06-19,1720,6,2,17,3,N,A,Y,A,H,A,A,01,W,01,E,,,,,I,Y,N,D,1,0,0,0,23152.0,1,34.3886574,-119.4136586,4
2013,2013-06-09,320,6,2,3,7,N,B,Y,B,H,C,A,01,E,03,E,,,,,I,Y,N,A,1,0,0,0,22350.0,1,34.2559049,-119.1090923,4
2013,2013-06-14,925,6,2,9,5,N,A,Y,A,H,A,A,07,W,08,E,,,,,I,Y,N,D,1,0,0,0,22107.0,1,34.3310598,-119.0901058,4
2013,2013-06-12,1933,6,2,19,3,N,A,N,A,H,B,A,07,E,01,A,,,,,C,Y,N,D,2,0,0,0,23152.0,2,34.1753798,-119.1244414,2
2013,2013-06-12,610,6,2,6,3,N,B,Y,A,H,A,A,01,W,08,E,,,,,I,Y,N,D,1,0,0,0,22107.0,1,34.3573008,-119.045235,4
2013,2013-06-19,1655,6,2,16,3,Y,A,Y,A,H,A,A,07,,09,D,,,,,C,Y,N,A,1,0,0,0,21802.0,2,34.1965649,-119.0961779,4
2013,2013-06-19,1800,6,2,18,3,N,A,N,A,H,A,-,- ,W,03,E,,,,,I,Y,N,D,1,0,0,0,22350.0,1,34.2189948,-119.1553134,4
2013,2013-06-13,730,6,2,7,4,Y,B,N,A,H,A,L,04,,- ,D,,Y,,,G,N,N,A,1,0,1,0,,2,34.1964149,-119.1811525,3
2013,2013-06-18,729,6,2,7,2,N,A,N,A,H,A,-,- ,E,04,C,,,,,C,N,N,A,3,0,0,0,21703.0,3,,,4
2013,2013-06-14,2305,6,2,23,5,N,A,Y,A,D,C,F,26,N,03,C,,,,Y,C,Y,N,D,1,0,0,0,22350.0,3,34.1919726,-118.9444852,4
2013,2013-06-17,1810,6,2,18,1,N,A,Y,A,H,A,A,01,E,03,C,,,,,C,Y,N,D,1,0,0,0,22350.0,2,34.2933739,-118.8396398,3
2013,2013-06-12,1755,6,2,17,3,N,A,Y,A,H,A,A,01,W,03,C,,,,,C,N,N,D,1,0,0,0,22350.0,2,34.2821483,-118.7679526,3
2013,2013-06-10,810,6,2,8,1,N,B,Y,A,H,A,D,22,N,03,C,,,,,C,Y,N,D,1,0,0,0,22350.0,2,34.1851987,-118.8616131,4
2013,2013-06-14,1430,6,2,14,5,N,A,Y,A,H,A,A,01,N,08,E,,,,,I,Y,N,D,1,0,0,0,22107.0,1,34.254184,-119.2139937,3