ACCIDENT_YEAR,COLLISION_DATE,COLLISION_TIME,MONTH,SEASON,24HOURS,DAY_OF_WEEK,INTERSECTION,WEATHER_1,STATE_HWY_IND,ROAD_SURFACE,ROAD_COND_1,LIGHTING,STWD_VEHTYPE_AT_FAULT,CHP_VEHTYPE_AT_FAULT,DIRECTION,PCF_VIOL_CATEGORY,TYPE_OF_COLLISION,PEDESTRIAN_ACCIDENT,BICYCLE_ACCIDENT,MOTORCYCLE_ACCIDENT,TRUCK_ACCIDENT,MVIW,TOW_AWAY,HIT_AND_RUN,CONTROL_DEVICE,NUMBER_INJURED,COUNT_PED_INJURED,COUNT_BICYCLIST_INJURED,COUNT_MC_INJURED,PCF_VIOLATION,PARTY_COUNT,POINT_Y,POINT_X,COLLISION_SEVERITY
2015,2015-06-01,1255,6,2,12,1,Y,A,Y,A,H,A,A,01,,09,D,,,,,C,Y,N,A,1,0,0,0,21802.0,2,34.38561203,-119.30216345,4
2015,2015-05-28,115,5,1,1,4,N,A,Y,A,H,C,D,22,N,01,B,,,,,C,Y,F,D,1,0,0,0,23152.0,2,34.18424212,-118.91649244,3
2015,2015-05-31,2055,5,1,20,7,N,A,N,A,H,D,D,22,E,01,B,,,,,C,Y,M,D,1,0,0,0,23152.0,2,34.14421408,-118.87209814,3
2015,2015-06-04,1540,6,2,15,4,N,A,N,A,H,A,A,07,E,03,C,,,,,C,N,N,A,1,0,0,0,22350.0,2,34.23915732,-118.89861579,4
2015,2015-05-31,1850,5,1,18,7,N,A,Y,A,H,A,D,22,N,01,E,,,,,I,Y,N,D,1,0,0,0,23152.0,1,34.20197852,-118.85585818,3
2015,2015-06-01,1859,6,2,18,1,N,A,N,A,H,A,L,04,W,09,D,,Y,,,G,N,N,D,1,0,1,0,21804.0,2,34.27168,-118.70407618,2
2015,2015-05-05,1735,5,1,17,2,N,B,N,A,H,A,D,22,E,09,D,,,,,C,Y,N,A,1,0,0,0,21804.0,2,34.19987952,-118.85621518,3
2015,2015-05-15,1625,5,1,16,5,Y,A,N,A,H,A,A,07,,09,D,,,,,C,Y,N,A,1,0,0,0,21801.0,2,,,4
2015,2015-05-28,1803,5,1,18,4,Y,A,N,A,H,A,A,01,,09,D,,,,,-,Y,N,A,2,0,0,0,21801.0,2,34.2717401,-118.67840008,3
2015,2015-05-28,1723,5,1,17,4,N,A,N,A,H,A,N,60,N,11,G,Y,,,,B,N,N,A,1,1,0,0,21950.0,2,34.27335201,-118.74561203,3
2015,2015-05-31,1405,5,1,14,7,N,A,N,A,H,A,-,99,W,03,C,,,,,C,N,F,A,1,0,0,0,22350.0,3,34.28176,-118.79498,4
2015,2015-05-23,1620,5,1,16,6,N,A,N,A,H,A,A,01,E,08,E,,,,,I,N,N,D,1,0,0,0,22107.0,1,34.27900454,-118.74238965,4
2015,2015-05-21,1641,5,1,16,4,N,A,N,A,H,A,A,01,W,08,E,,,,,I,Y,N,D,1,0,0,0,22107.0,1,34.25019044,-118.81878912,4
2015,2015-05-31,2122,5,1,21,7,N,A,Y,A,H,C,A,07,N,01,B,,,,,C,Y,N,D,3,0,0,0,23152.0,2,34.17666223,-118.86857856,3
2015,2015-05-31,1855,5,1,18,7,N,A,N,A,H,A,C,02,S,08,F,,,Y,,A,N,N,D,1,0,0,1,22107.0,1,34.18747133,-118.75709299,3
2015,2015-05-28,1555,5,1,15,4,N,A,Y,A,D,A,A,01,N,03,C,,,,,C,Y,N,D,2,0,0,0,22350.0,4,34.17210483,-118.84673568,4
2015,2015-05-29,1700,5,1,17,5,N,A,Y,A,H,A,A,01,N,03,C,,,,,C,N,N,D,1,0,0,0,22350.0,2,34.19118738,-118.94225419,3
2015,2015-05-27,5,5,1,0,3,Y,B,Y,A,H,C,-,- ,,12,D,,,,,C,Y,N,A,1,0,0,0,21453.0,2,34.26375484,-118.99467033,3
2015,2015-06-09,1713,6,2,17,2,N,C,N,B,H,A,D,22,E,21,C,,,,,C,N,N,A,1,0,0,0,22106.0,2,34.22369112,-119.06904067,4
2015,2015-06-05,1342,6,2,13,5,N,A,Y,A,H,A,A,01,E,03,C,,,,,C,Y,N,D,2,0,0,0,22350.0,2,34.44832394,-119.23763375,3
2015,2015-06-10,1630,6,2,16,3,N,B,N,A,H,A,A,01,S,03,C,,,,,C,Y,N,D,1,0,0,0,22350.0,2,34.25895447,-119.13342476,4
2015,2015-06-05,735,6,2,7,5,N,A,Y,A,H,A,A,01,S,03,C,,,,,C,Y,N,D,1,0,0,0,22350.0,2,34.21886648,-119.06505508,3
2015,2015-06-06,1530,6,2,15,6,Y,A,N,A,H,A,A,08,,09,D,,,,,C,Y,N,A,1,0,0,0,21802.0,2,34.23582008,-119.16387003,4
2015,2015-06-05,1045,6,2,10,5,N,B,Y,A,H,A,A,01,S,03,C,,,,,C,Y,N,D,1,0,0,0,22350.0,2,34.2188256,-119.06452447,4
2015,2015-06-07,1105,6,2,11,7,N,A,Y,A,H,A,C,02,N,08,B,,,Y,,E,Y,N,D,2,0,0,2,22107.0,2,34.51775479,-119.28192025,2
2015,2015-06-05,1245,6,2,12,5,Y,A,N,A,H,A,D,22,,09,D,,,,,C,Y,N,A,2,0,0,0,21802.0,2,34.20161002,-119.09979013,4
2015,2015-06-14,1748,6,2,17,7,Y,A,N,A,H,A,D,22,,09,H,,,,,C,Y,N,A,2,0,0,0,21801.0,2,34.23658007,-119.03908002,4
2015,2015-06-12,1221,6,2,12,5,Y,A,Y,A,H,A,D,22,,12,D,,,,,C,Y,N,A,2,0,0,0,21453.0,2,34.21891145,-119.06563876,3
2015,2015-06-01,2128,6,2,21,1,N,A,N,A,H,D,A,07,S,08,E,,,,,I,Y,N,D,1,0,0,0,22107.0,1,34.1698096,-118.78867104,2
2015,2015-06-02,1557,6,2,15,2,N,A,N,A,H,A,A,01,E,03,C,,,,,C,Y,N,A,1,0,0,0,22350.0,2,34.17895397,-118.86656281,4
2015,2015-06-05,1700,6,2,17,5,N,A,Y,A,H,A,A,07,N,03,C,,,,,C,Y,N,D,1,0,0,0,22350.0,2,34.42268359,-119.28979287,4
2015,2015-06-06,905,6,2,9,6,N,A,Y,A,A,A,C,02,S,03,F,,,Y,,A,Y,N,D,1,0,0,1,22350.0,1,34.06620621,-119.00599668,4
2015,2015-06-06,1835,6,2,18,6,N,A,Y,A,H,A,A,01,S,08,E,,,,,I,Y,N,D,1,0,0,0,22107.0,1,34.22216064,-119.12437139,3
2015,2015-06-20,1445,6,2,14,6,Y,A,Y,A,H,A,A,01,,09,H,,,,,C,Y,N,A,2,0,0,0,21801.0,2,34.21738688,-119.033527,4
2014,2014-06-12,1322,6,2,13,4,Y,B,N,A,H,A,-,,,04,C,,,,,C,N,N,D,2,0,0,0,21703.0,2,34.25405009,-119.21031002,4
2015,2015-06-16,653,6,2,6,2,Y,B,N,A,H,-,-,,,08,D,,,,,C,Y,N,A,1,0,0,0,22107.0,2,34.246944,-119.1948885,4
2015,2015-06-15,1758,6,2,17,1,Y,A,N,A,H,A,-,,,09,A,,,,,C,Y,N,D,2,0,0,0,21801.0,2,34.28528011,-119.16426007,4
2015,2015-06-16,2227,6,2,22,2,Y,A,Y,A,H,-,-,,,12,A,,,,,C,Y,N,A,1,0,0,0,21453.0,2,34.25386751,-119.21292822,4
2015,2015-05-29,2036,5,1,20,5,N,A,N,A,H,C,A,01,W,01,E,,,,,I,Y,M,D,1,0,0,0,23152.0,1,34.26602,-118.90129,3
2015,2015-06-06,1128,6,2,11,6,N,A,N,A,H,A,A,01,N,03,C,,,,,C,Y,N,D,2,0,0,0,22350.0,2,34.29258268,-118.84312315,3
2015,2015-06-12,1613,6,2,16,5,N,A,N,A,H,A,A,07,S,21,C,,,,,C,N,N,A,1,0,0,0,22106.0,2,34.22911041,-119.03907,4
2015,2015-06-08,1303,6,2,13,1,N,A,N,A,H,A,A,01,W,09,H,,,,,C,Y,N,A,2,0,0,0,21801.0,2,34.22160108,-119.00088255,3
2015,2015-06-01,1035,6,2,10,1,N,A,N,A,H,A,A,01,W,01,E,,,,,I,Y,N,D,4,0,0,0,23152.0,1,34.26859366,-118.69101493,3
2015,2015-06-01,1542,6,2,15,1,N,A,N,A,H,A,A,07,E,21,C,,,,,C,N,N,D,2,0,0,0,22106.0,2,34.2718,-118.78058251,4
2015,2015-06-08,1940,6,2,19,1,N,A,N,A,H,A,D,22,N,01,E,,,,,I,Y,N,D,1,0,0,0,23152.0,1,34.25384478,-118.86418359,3
2015,2015-06-04,1630,6,2,16,4,N,A,Y,A,D,A,D,22,N,03,C,,,,,C,Y,N,D,1,0,0,0,22350.0,4,34.17297669,-118.84799383,4
2015,2015-06-06,850,6,2,8,6,N,A,Y,A,C,A,A,01,S,03,C,,,,Y,C,Y,N,D,1,0,0,0,22350.0,2,34.16317183,-118.83324839,4
2015,2015-06-10,755,6,2,7,3,N,A,Y,A,H,A,A,01,W,03,C,,,,Y,C,Y,N,D,2,0,0,0,22350.0,3,34.28242615,-118.74741367,3
2015,2015-06-12,1710,6,2,17,5,N,A,Y,A,D,A,D,22,N,03,C,,,,,C,Y,N,D,3,0,0,0,22350.0,4,34.17086564,-118.84481299,4
2015,2015-06-09,1718,6,2,17,2,N,B,Y,B,H,A,A,01,E,21,C,,,,,C,N,N,D,1,0,0,0,22106.0,2,34.28700768,-118.79935116,4
2015,2015-06-06,1650,6,2,16,6,N,A,Y,A,H,A,A,01,N,03,C,,,,,C,Y,N,D,1,0,0,0,22350.0,2,34.18424212,-118.91649244,3
2015,2015-06-07,1125,6,2,11,7,N,A,Y,A,H,A,A,01,N,03,E,,,,,I,Y,N,D,1,0,0,0,22350.0,1,34.2263364,-119.16365083,3
2015,2015-06-09,603,6,2,6,2,N,B,N,A,H,A,A,01,N,06,D,,,,,C,Y,N,D,1,0,0,0,21750.0,2,34.24084286,-119.10088305,4
2015,2015-06-09,1820,6,2,18,2,Y,A,N,B,H,A,A,01,,12,D,,,,,C,Y,N,A,3,0,0,0,21453.0,3,34.17321007,-119.14266006,4
2015,2015-06-08,1715,6,2,17,1,N,A,Y,A,H,A,A,01,N,08,B,Y,,,,C,Y,N,D,6,1,0,0,22107.0,3,34.28285482,-119.30547238,3
2015,2015-06-09,1455,6,2,14,2,N,B,Y,B,H,A,A,01,S,03,C,,,,,C,N,N,D,1,0,0,0,22350.0,2,34.25273088,-119.21156552,4
2015,2015-06-10,1600,6,2,16,3,N,B,N,A,H,A,A,01,W,12,D,,,,,C,Y,N,A,1,0,0,0,22450.0,3,34.40110933,-119.3136099,4
2015,2015-06-12,1822,6,2,18,5,N,A,Y,A,H,A,A,07,S,03,C,,,,,C,N,N,D,2,0,0,0,22350.0,3,34.22475594,-119.15709086,4
2015,2015-06-12,2000,6,2,20,5,N,A,Y,A,H,B,A,01,W,08,E,,,,,I,Y,N,D,1,0,0,0,22107.0,1,34.28869054,-119.15781248,4
2015,2015-06-16,1315,6,2,13,2,N,A,Y,A,H,A,A,07,E,08,E,,,,,I,Y,N,D,1,0,0,0,22107.0,2,34.27526854,-119.18756504,3
2015,2015-06-12,800,6,2,8,5,N,B,N,A,H,A,D,22,E,09,A,,,,,C,Y,N,D,3,0,0,0,21804.0,3,34.1615768,-119.11624073,2
2015,2015-05-31,1800,5,1,18,7,N,A,Y,A,H,A,D,22,N,08,D,,,,,C,Y,N,D,1,0,0,0,22107.0,2,34.05102345,-118.95737676,4
2015,2015-06-25,2033,6,2,20,4,Y,A,N,A,H,C,A,08,,01,A,,,,,C,Y,N,D,5,0,0,0,23152.0,2,34.18650007,-118.91621014,3
2015,2015-06-26,1359,6,2,13,5,N,A,N,A,H,A,A,01,E,09,D,,,,,C,Y,N,D,1,0,0,0,21804.0,2,34.17821988,-118.85634935,4
2015,2015-06-26,2015,6,2,20,5,N,A,N,A,H,B,A,01,N,01,E,,,,,I,Y,N,D,1,0,0,0,23152.0,1,34.23784989,-118.8603464,3
2015,2015-06-27,1216,6,2,12,6,N,A,N,A,H,A,A,01,N,09,D,,,,,C,N,N,A,2,0,0,0,21804.0,2,34.17072,-118.83808,4
2015,2015-06-03,550,6,2,5,3,N,B,Y,A,H,A,A,07,W,08,E,,,,,I,Y,N,D,1,0,0,0,22107.0,1,34.28476219,-118.79416724,4
2015,2015-06-01,730,6,2,7,1,N,B,Y,A,D,A,A,01,N,03,C,,,,,C,Y,N,D,1,0,0,0,22350.0,3,34.16883804,-118.84225024,4
2015,2015-06-18,1135,6,2,11,4,Y,A,Y,A,H,A,D,22,,09,D,,,,,C,Y,N,A,2,0,0,0,21804.0,2,34.27887906,-118.88896272,4
2015,2015-06-16,1540,6,2,15,2,N,A,Y,A,D,A,A,01,N,03,C,,,,,C,Y,N,D,2,0,0,0,22350.0,3,34.17287981,-118.84785404,3
2015,2015-06-18,1345,6,2,13,4,N,A,Y,A,D,A,F,26,S,03,C,,,,Y,C,N,N,D,1,0,0,0,22350.0,2,34.17704659,-118.87101333,4
2015,2015-06-15,1715,6,2,17,1,N,A,Y,A,H,A,A,07,N,03,C,,,,,C,Y,N,D,1,0,0,0,22350.0,2,34.25336722,-119.21257426,4
2015,2015-05-29,1003,5,1,10,5,N,A,N,A,H,A,-,- ,E,18,C,,,,,C,Y,N,A,4,0,0,0,,3,34.21850249,-119.25365196,3
2015,2015-06-10,1314,6,2,13,3,Y,A,N,A,H,A,A,07,,06,H,,,,Y,C,N,N,D,1,0,0,0,21750.0,2,34.16932001,-118.94331005,4
2015,2015-06-13,844,6,2,8,6,N,A,N,A,H,A,D,22,E,21,D,,,,,C,N,N,A,1,0,0,0,22106.0,2,34.17812461,-118.85583709,4
2015,2015-06-16,1724,6,2,17,2,N,A,N,A,H,A,A,01,W,03,C,,,,,C,Y,N,A,1,0,0,0,22350.0,3,34.18833292,-118.91158749,3
2015,2015-06-20,1343,6,2,13,6,Y,A,N,A,H,A,A,01,,04,C,,,,,C,Y,N,A,1,0,0,0,21703.0,2,34.20222001,-118.86836006,4
2015,2015-06-11,1404,6,2,14,4,Y,A,N,A,H,A,A,01,,12,H,,,,,C,Y,N,A,3,0,0,0,21453.0,2,34.18116005,-118.88188011,2
2015,2015-06-15,1745,6,2,17,1,Y,A,N,A,H,A,A,07,,08,H,,,,,C,Y,N,A,1,0,0,0,22100.0,2,34.19992006,-118.87150013,4
2015,2015-06-10,657,6,2,6,3,N,A,N,A,H,A,A,07,S,21,B,,,,,C,Y,N,D,1,0,0,0,22106.0,2,34.19141435,-118.95321578,4
2015,2015-06-10,1613,6,2,16,3,N,A,N,A,H,A,A,08,E,03,C,,,,,C,N,N,D,1,0,0,0,22350.0,3,34.18116,-118.87607,4
2015,2015-06-10,1910,6,2,19,3,N,A,N,A,H,A,A,07,E,21,C,,,,,C,N,N,A,2,0,0,0,22106.0,2,34.15164379,-118.82814646,4
2015,2015-06-13,1842,6,2,18,6,N,B,N,A,H,A,A,01,S,21,C,,,,,C,N,N,A,2,0,0,0,22106.0,2,34.17891414,-118.95233,4
2015,2015-06-15,1750,6,2,17,1,N,A,N,A,H,A,A,01,N,08,H,,Y,,,G,N,N,D,1,0,1,0,22107.0,2,34.20941116,-118.83967,3
2015,2015-06-19,1623,6,2,16,5,N,A,N,A,H,A,A,01,E,08,E,,,,,I,Y,N,D,1,0,0,0,22107.0,1,34.18454663,-118.78930482,4
2015,2015-06-13,1327,6,2,13,6,Y,A,N,A,H,A,N,60,,09,G,Y,,,,B,N,N,A,1,1,0,0,21453.0,2,34.2810701,-119.30075999,2
2015,2015-06-24,1954,6,2,19,3,Y,A,N,A,H,B,-,,,01,D,,,,,C,Y,N,A,2,0,0,0,23153.0,2,34.26106007,-119.21164992,3
2015,2015-06-24,1816,6,2,18,3,Y,A,N,A,H,A,-,,,03,-,,,,,A,Y,N,A,1,0,0,0,22350.0,1,34.27019003,-119.17936006,3
2015,2015-06-25,1623,6,2,16,4,Y,A,N,A,H,A,-,,,09,D,,,,,C,Y,N,D,1,0,0,0,21802.0,2,34.26184006,-119.20603011,4
2015,2015-06-26,1956,6,2,19,5,N,A,Y,A,H,-,-,,S,12,B,,,,,C,N,N,D,1,0,0,0,21453.0,2,34.25386751,-119.21292822,3
2015,2015-06-20,252,6,2,2,6,N,A,N,A,H,C,-,,S,08,C,,,,,E,Y,N,D,1,0,0,0,22107.0,2,34.26475517,-119.25739136,4
2015,2015-06-24,1217,6,2,12,3,Y,A,N,A,H,C,-,,,09,D,,,,,C,Y,N,A,2,0,0,0,21801.0,2,34.29501008,-119.16131003,3
2015,2015-06-21,1218,6,2,12,7,N,A,N,A,H,A,-,,S,03,C,,,,,C,N,N,A,1,0,0,0,22350.0,2,34.2895967,-119.29833409,4
2015,2015-06-21,1344,6,2,13,7,N,A,N,A,H,A,-,,N,03,C,,,,,C,Y,M,D,1,0,0,0,22350.0,3,34.2460698,-119.21422738,3
2015,2015-06-20,1337,6,2,13,6,N,A,N,A,H,A,-,,W,08,D,,Y,,,G,N,N,A,1,0,1,0,22107.0,2,34.26105796,-119.21166299,4
2015,2015-06-20,1438,6,2,14,6,Y,A,Y,A,H,A,D,,,09,D,,,,,C,Y,N,A,1,0,0,0,21801.0,2,34.27757669,-119.29644012,4
2015,2015-06-22,1044,6,2,10,1,N,A,N,A,H,A,-,,E,08,B,,,,,C,Y,N,D,1,0,0,0,22107.0,2,34.27342203,-119.24561179,4
2015,2015-06-22,1227,6,2,12,1,Y,A,N,A,H,A,-,,,03,C,,,,,C,Y,N,A,2,0,0,0,22350.0,2,34.27491007,-119.21429996,4
2015,2015-06-22,1642,6,2,16,1,Y,A,N,A,H,A,-,,,03,-,,,,,C,N,N,A,1,0,0,0,22350.0,2,34.27627006,-119.25160989,3
2015,2015-06-23,110,6,2,1,2,N,A,N,A,H,C,-,,N,08,B,,,,,I,Y,N,D,1,0,0,0,22107.0,1,34.27975813,-119.19247015,3
2015,2015-06-23,2255,6,2,22,2,N,A,N,A,H,C,-,,E,08,E,,,,,I,,N,D,1,0,0,0,22107.0,1,34.27828002,-119.28698987,4
2015,2015-06-20,2356,6,2,23,6,N,A,N,A,H,D,-,,S,03,C,,,,,C,N,F,D,1,0,0,0,22350.0,2,34.24414009,-119.21508995,4
2015,2015-06-19,11,6,2,0,5,Y,A,N,A,H,C,-,,,12,D,,,,,C,Y,N,A,1,0,0,0,21453.0,2,34.2810701,-119.30075999,3
2015,2015-06-18,1634,6,2,16,4,Y,A,N,A,H,A,-,,,09,A,,,,,C,Y,N,A,1,0,0,0,21801.0,2,34.26748,-119.27286998,4
2014,2014-07-29,1835,7,2,18,2,Y,A,Y,A,H,A,A,01,,09,D,,,,,C,Y,N,A,1,0,0,0,21802.0,2,34.27901961,-118.89334747,4
2014,2014-05-20,1600,5,1,16,2,N,A,Y,A,D,A,A,07,N,03,C,,,,,C,N,N,D,2,0,0,0,22350.0,3,34.17191126,-118.84645636,4
2015,2015-04-26,1948,4,1,19,7,N,A,N,A,H,B,A,07,E,03,H,,Y,,,G,N,N,A,1,0,1,0,22350.0,2,34.16623526,-118.83261526,3
2015,2015-06-28,1725,6,2,17,7,Y,A,N,A,H,A,A,07,,12,D,,,,,D,N,N,A,1,0,0,0,21453.0,2,,,4
2015,2015-06-22,2353,6,2,23,1,Y,A,Y,A,H,C,-,,,12,D,,,,,C,Y,N,A,1,0,0,0,21453.0,2,34.25386751,-119.21292822,4
2015,2015-06-27,1110,6,2,11,6,N,A,N,A,H,A,-,,E,09,D,,,,,C,Y,N,A,1,0,0,0,21801.0,2,34.27679522,-119.2659478,4
2015,2015-06-17,1245,6,2,12,3,N,A,Y,A,H,A,A,01,N,03,C,,,,,C,Y,N,D,3,0,0,0,22350.0,2,34.24798239,-119.20182117,3
2015,2015-06-14,1139,6,2,11,7,N,A,N,A,H,A,C,02,S,03,E,,,Y,,I,Y,N,D,1,0,0,1,22350.0,1,34.41682748,-119.33730483,2
2015,2015-06-13,2220,6,2,22,6,N,A,Y,A,H,C,A,01,N,01,E,,,,,I,Y,N,A,2,0,0,0,23152.0,1,34.30144539,-119.30156819,3
2015,2015-06-19,1445,6,2,14,5,N,A,Y,A,H,A,A,01,N,03,C,,,,,C,Y,N,D,1,0,0,0,22350.0,3,34.18461975,-118.89732995,4
2015,2015-06-16,1130,6,2,11,2,N,A,Y,A,D,A,A,01,N,03,C,,,,,C,Y,N,A,1,0,0,0,22350.0,3,34.16710413,-118.83963719,4
2015,2015-06-10,1350,6,2,13,3,N,A,Y,A,D,A,A,01,S,03,C,,,,,C,N,N,D,1,0,0,0,22350.0,2,34.17704659,-118.87101333,4
2015,2015-06-10,805,6,2,8,3,N,A,Y,A,H,A,A,01,N,03,C,,,,,C,Y,N,D,1,0,0,0,22350.0,4,34.2145041,-118.84960156,4
2015,2015-06-21,500,6,2,5,7,N,A,Y,A,H,B,A,07,E,01,E,,,,,I,Y,N,D,1,0,0,0,23152.0,1,34.2573648,-118.99600261,3
2015,2015-06-15,1800,6,2,18,1,N,A,Y,A,H,A,A,01,W,05,A,,,,,C,Y,N,D,3,0,0,0,21460.0,2,34.25126436,-119.00073946,2
2015,2015-06-18,412,6,2,4,4,N,A,N,A,H,D,D,22,E,08,H,,,,,A,Y,N,D,1,0,0,0,22107.0,1,34.20555436,-119.06095977,4
2015,2015-06-22,1744,6,2,17,1,N,A,Y,A,H,B,A,01,W,21,C,,,,,C,N,N,A,2,0,0,0,22106.0,2,34.39689052,-118.91302715,4
2015,2015-06-15,2000,6,2,20,1,N,A,Y,A,H,B,D,22,E,01,E,,,,,I,Y,N,D,3,0,0,0,23152.0,1,34.40599619,-119.08283957,4
2015,2015-06-12,555,6,2,5,5,N,A,N,A,H,B,A,01,W,09,A,,,,,C,N,N,D,1,0,0,0,21801.0,2,34.219475,-119.22826818,4
2015,2015-06-14,1644,6,2,16,7,N,A,Y,A,H,A,D,22,N,03,C,,,,,C,N,N,D,4,0,0,0,22350.0,2,34.26306297,-119.23275778,4
2015,2015-06-18,1505,6,2,15,4,N,A,N,A,H,A,A,01,W,21,C,,,,,C,N,N,A,1,0,0,0,22106.0,2,34.21770153,-119.04303291,4
2015,2015-06-18,1330,6,2,13,4,Y,A,N,A,H,A,-,- ,,00,H,,,,,C,Y,N,A,3,0,0,0,,2,34.22931008,-119.01694009,3
2015,2015-05-26,958,5,1,9,2,-,A,N,A,H,A,-,- ,,09,D,,,,,C,Y,N,D,1,0,0,0,21804.0,2,34.27934702,-119.27553892,4
2015,2015-06-19,1350,6,2,13,5,N,A,Y,A,H,A,A,01,E,09,H,,,,,C,Y,N,A,1,0,0,0,21801.0,2,34.27887907,-118.88464214,4
2015,2015-06-11,2229,6,2,22,4,N,A,N,A,H,C,A,07,N,01,E,,,,,I,Y,M,D,1,0,0,0,23152.0,1,34.27970007,-118.88542741,4
2015,2015-06-02,1808,6,2,18,2,N,A,N,A,H,A,-,- ,N,00,H,,,,,C,Y,N,A,2,0,0,0,,2,34.2684782,-118.89781367,4
2015,2015-06-24,1155,6,2,11,3,N,A,N,A,H,A,A,07,N,08,B,,,,,E,Y,N,D,1,0,0,0,22107.0,2,34.23832,-118.98815,3
2015,2015-06-29,1630,6,2,16,1,N,B,N,A,H,A,D,22,W,08,E,,,,,I,Y,N,D,1,0,0,0,22107.0,1,34.71771452,-119.11874587,3
2015,2015-06-16,958,6,2,9,2,N,A,N,A,H,A,A,01,E,03,C,,,,,C,N,N,A,1,0,0,0,22350.0,2,34.26358714,-118.76125667,4
2015,2015-07-01,2331,7,2,23,3,N,A,N,A,H,C,D,22,W,01,E,,,,,I,Y,N,D,1,0,0,0,23152.0,1,34.27168757,-118.70259249,3
2015,2015-06-23,1737,6,2,17,2,N,A,Y,A,H,A,A,01,N,03,C,,,,,C,Y,N,A,1,0,0,0,22350.0,2,34.28242662,-118.74057803,4
2015,2015-06-24,1700,6,2,17,3,N,A,N,A,H,A,-,- ,S,00,D,,,,,C,Y,N,D,2,0,0,0,21640.0,2,34.28008032,-118.70895343,3
2015,2015-06-16,1718,6,2,17,2,Y,A,N,A,H,A,A,01,,09,A,,,,,C,Y,N,A,4,0,0,0,21801.0,2,34.25078009,-119.14267003,3
2015,2015-06-17,1735,6,2,17,3,N,A,Y,A,H,A,A,07,N,03,C,,,,,C,Y,N,D,3,0,0,0,22350.0,3,34.22589103,-119.16203008,3
2015,2015-06-15,2120,6,2,21,1,N,A,Y,A,H,D,C,02,S,03,E,,,Y,,J,Y,N,D,1,0,0,1,22350.0,1,34.22216423,-119.12524447,3
2015,2015-06-17,1630,6,2,16,3,N,A,Y,A,H,A,A,01,S,03,C,,,,,C,N,N,D,1,0,0,0,22350.0,2,34.22203126,-119.12612401,4
2015,2015-07-06,1612,7,2,16,1,Y,A,N,A,H,A,A,01,,08,H,,,,,J,Y,N,A,2,0,0,0,22101.0,2,34.21432011,-118.82313013,2
2015,2015-07-11,1026,7,2,10,6,Y,A,N,A,H,A,A,07,,09,H,,,Y,,C,N,N,D,1,0,0,1,21801.0,2,34.1723101,-118.83633011,2
2015,2015-07-09,852,7,2,8,4,Y,A,N,A,H,A,A,01,,12,D,,,,,D,Y,N,A,2,0,0,0,21453.0,2,34.18228003,-118.91124009,3
2015,2015-06-26,1944,6,2,19,5,N,A,N,A,H,A,A,01,W,08,B,,,,,C,Y,N,D,1,0,0,0,22107.0,2,34.23056185,-118.86163832,3
2015,2015-07-03,229,7,2,2,5,N,A,N,A,H,D,D,22,S,08,A,,,,,E,Y,N,D,1,0,0,0,22107.0,3,34.23411329,-119.16560671,3
2015,2015-06-28,700,6,2,7,7,N,A,Y,A,H,A,A,01,E,07,C,,,,,C,Y,N,D,3,0,0,0,21658.0,2,34.28211973,-118.7724469,3
2015,2015-07-02,1348,7,2,13,4,N,A,Y,A,D,A,A,01,S,03,C,,,,,C,Y,N,D,2,0,0,0,22350.0,3,34.16553517,-118.83680938,4
2015,2015-06-24,1725,6,2,17,3,N,A,Y,A,H,A,A,01,W,03,C,,,,,C,Y,N,D,1,0,0,0,22350.0,2,34.29087654,-118.81246496,4
2015,2015-06-29,1710,6,2,17,1,N,A,N,A,H,A,A,07,E,08,B,,,,,C,Y,N,D,2,0,0,0,22107.0,2,34.2447994,-118.87910424,3
2015,2015-06-23,1550,6,2,15,2,N,A,Y,A,D,A,A,01,S,03,C,,,,,C,Y,N,D,2,0,0,0,22350.0,7,34.17068905,-118.84453841,4
2015,2015-06-22,1715,6,2,17,1,N,A,Y,A,H,A,D,22,E,03,C,,,,,C,Y,N,D,1,0,0,0,22350.0,3,34.25929867,-118.99533503,4
2015,2015-06-08,643,6,2,6,1,N,A,Y,A,H,A,A,01,S,08,E,,,,,I,Y,N,D,1,0,0,0,22107.0,1,34.25667449,-118.84088376,3
2015,2015-06-24,1630,6,2,16,3,N,A,Y,A,H,A,A,01,N,01,E,,,,,I,Y,N,D,2,0,0,0,23152.0,1,34.20197852,-118.85585818,3
2015,2015-06-27,2152,6,2,21,6,N,A,Y,A,D,D,A,01,N,01,E,,,,,J,Y,N,D,1,0,0,0,23152.0,1,34.17602202,-118.85967811,3
2015,2015-06-25,1635,6,2,16,4,N,A,Y,A,H,A,A,07,N,01,C,,,,,C,Y,N,D,1,0,0,0,23152.0,3,34.2003,-118.95833052,4
2015,2015-06-20,1020,6,2,10,6,N,A,N,A,H,A,L,04,W,03,H,,Y,,,G,N,N,D,2,0,2,0,22350.0,3,34.23839895,-118.90550709,2
2015,2015-06-30,1430,6,2,14,2,N,A,Y,A,H,A,A,01,W,21,G,Y,,,,B,N,N,A,1,1,0,0,22106.0,2,34.28202,-118.72142328,4
2015,2015-06-27,1030,6,2,10,6,N,A,Y,A,D,A,A,01,S,03,C,,,,,C,N,N,D,1,0,0,0,22350.0,2,34.17607589,-118.8576662,4
2015,2015-06-28,315,6,2,3,7,N,A,Y,A,H,C,A,01,E,01,E,,,,,J,Y,N,D,1,0,0,0,23152.0,1,34.28182187,-118.71670969,3
2015,2015-06-26,1158,6,2,11,5,N,A,Y,A,H,A,A,01,E,07,B,,,,,C,Y,F,D,1,0,0,0,21658.0,2,34.27495525,-118.65718972,4
2015,2015-07-01,1515,7,2,15,3,Y,B,N,A,H,A,L,04,,12,B,,Y,,,G,N,N,A,1,0,1,0,21453.0,2,34.2810701,-119.30075999,4