ACCIDENT_YEAR,COLLISION_DATE,COLLISION_TIME,MONTH,SEASON,24HOURS,DAY_OF_WEEK,INTERSECTION,WEATHER_1,STATE_HWY_IND,ROAD_SURFACE,ROAD_COND_1,LIGHTING,STWD_VEHTYPE_AT_FAULT,CHP_VEHTYPE_AT_FAULT,DIRECTION,PCF_VIOL_CATEGORY,TYPE_OF_COLLISION,PEDESTRIAN_ACCIDENT,BICYCLE_ACCIDENT,MOTORCYCLE_ACCIDENT,TRUCK_ACCIDENT,MVIW,TOW_AWAY,HIT_AND_RUN,CONTROL_DEVICE,NUMBER_INJURED,COUNT_PED_INJURED,COUNT_BICYCLIST_INJURED,COUNT_MC_INJURED,PCF_VIOLATION,PARTY_COUNT,POINT_Y,POINT_X,COLLISION_SEVERITY
2015,2015-07-15,1715,7,2,17,3,N,A,Y,A,H,A,C,02,N,03,F,,,Y,,A,Y,N,D,1,0,0,1,22350.0,1,34.19816166,-118.95394982,3
2015,2015-07-07,1312,7,2,13,2,Y,A,N,A,H,A,L,04,,08,H,,Y,,,G,N,N,D,1,0,1,0,22107.0,2,34.17552007,-118.78540007,2
2015,2015-07-28,1730,7,2,17,2,N,B,Y,A,H,A,A,07,N,03,C,,,,,C,N,N,D,3,0,0,0,22350.0,2,34.18859858,-118.86214835,4
2015,2015-07-27,1740,7,2,17,1,N,A,Y,A,H,A,A,07,S,03,C,,,,,C,Y,N,D,2,0,0,0,22350.0,3,34.23366262,-118.84332771,4
2015,2015-07-25,1905,7,2,19,6,Y,A,Y,A,H,A,A,01,,09,D,,,,,C,N,N,D,1,0,0,0,21802.0,2,34.26372565,-118.99397962,4
2015,2015-07-24,1345,7,2,13,5,N,A,Y,A,H,A,A,01,N,07,B,,,,,C,Y,N,D,1,0,0,0,21658.0,2,34.17941589,-118.86081528,4
2015,2015-07-18,1757,7,2,17,6,N,B,Y,B,H,A,A,01,W,08,E,,,,,I,Y,N,D,1,0,0,0,22107.0,1,34.27964895,-118.66748895,4
2015,2015-07-23,905,7,2,9,4,N,A,N,A,H,A,A,01,N,08,E,,,,,I,Y,N,D,1,0,0,0,22107.0,1,34.28304375,-118.95898461,4
2015,2015-07-17,1635,7,2,16,5,N,A,N,A,H,A,A,08,W,05,B,,,Y,,C,Y,F,D,1,0,0,1,21460.0,2,34.32232588,-118.92498941,3
2015,2015-07-16,2055,7,2,20,4,N,A,N,A,H,D,A,01,W,08,E,,,,,I,Y,N,D,1,0,0,0,22107.0,1,34.14153119,-118.88709778,3
2015,2015-07-17,1835,7,2,18,5,Y,A,N,A,H,A,A,01,,01,D,,,,,C,Y,N,A,1,0,0,0,23152.0,2,34.17087011,-118.75859013,4
2015,2015-07-30,320,7,2,3,4,N,A,Y,A,H,C,A,01,W,01,E,,,,,I,Y,N,D,1,0,0,0,23152.0,1,34.282132,-118.7830939,3
2015,2015-07-31,2215,7,2,22,5,N,A,Y,A,H,C,A,07,S,08,E,,,,,I,Y,N,D,1,0,0,0,22107.0,1,34.15833462,-118.82596647,3
2015,2015-08-02,1320,8,2,13,7,N,A,Y,A,D,A,C,02,N,03,F,,,Y,,A,Y,N,D,1,0,0,1,22350.0,1,34.15350858,-118.81869892,3
2015,2015-08-01,1355,8,2,13,6,N,A,Y,A,H,A,A,01,N,03,C,,,,,C,N,N,D,1,0,0,0,22350.0,2,34.18482992,-118.8965889,4
2015,2015-08-04,545,8,2,5,2,N,A,N,A,H,B,A,01,W,08,E,,,,,I,Y,N,D,1,0,0,0,22107.0,1,34.23884931,-118.90131618,3
2015,2015-08-03,120,8,2,1,1,Y,A,N,A,H,C,A,01,,03,B,,,,,C,Y,N,D,1,0,0,0,22350.0,2,34.18086004,-118.77178012,4
2015,2015-07-21,748,7,2,7,2,Y,A,N,A,H,A,A,01,,09,D,,,,,C,Y,N,D,1,0,0,0,21802.0,2,34.26019007,-118.78758011,4
2015,2015-08-02,1903,8,2,19,7,Y,A,N,A,H,A,D,22,,01,D,,,,,C,N,N,A,1,0,0,0,23152.0,2,34.28446011,-118.70897001,4
2015,2015-08-04,1119,8,2,11,2,Y,A,N,A,H,A,D,22,,12,D,,,,,C,Y,N,A,1,0,0,0,21453.0,2,34.27180005,-118.76589011,4
2015,2015-07-31,1545,7,2,15,5,Y,A,N,A,H,A,D,22,,10,G,Y,,,,B,N,N,A,1,1,0,0,21950.0,2,34.28176001,-118.79498001,4
2015,2015-08-08,1242,8,2,12,6,Y,A,N,A,H,A,A,07,,09,A,,,,,C,Y,N,A,2,0,0,0,21801.0,2,34.27901004,-118.7305201,4
2015,2015-07-28,1417,7,2,14,2,Y,A,N,A,H,A,A,07,,09,D,,,,,C,Y,N,A,1,0,0,0,21801.0,2,34.27173004,-118.78758012,4
2015,2015-07-19,918,7,2,9,7,Y,A,N,A,H,A,L,04,,03,C,,Y,,,G,N,N,D,1,0,1,0,22350.0,1,34.30071,-118.70893011,2
2015,2015-07-24,1627,7,2,16,5,N,A,N,A,H,A,O,05,N,08,C,,,Y,,E,N,N,D,1,0,0,1,22107.0,2,34.2725075,-118.72717566,2
2015,2015-07-31,719,7,2,7,5,N,A,N,A,H,A,A,01,E,03,C,,,,,C,Y,N,A,1,0,0,0,22350.0,4,34.27167,-118.71688716,4
2015,2015-07-31,300,7,2,3,5,N,A,N,A,H,D,A,01,E,01,E,,,,,I,Y,N,-,1,0,0,0,23152.0,1,,,3
2015,2015-07-30,57,7,2,0,4,N,A,N,A,H,C,C,02,W,01,E,,,Y,,I,N,N,D,2,0,0,2,23152.0,1,34.26725729,-118.69189206,2
2015,2015-08-05,2225,8,2,22,3,N,A,Y,A,C,D,-,- ,N,18,E,,,,,I,Y,N,D,2,0,0,0,,1,34.26885047,-119.2719239,4
2015,2015-07-31,2020,7,2,20,5,Y,A,Y,A,H,C,A,01,,17,A,,,,,C,Y,N,A,2,0,0,0,21451.0,2,34.42576284,-119.28902439,4
2015,2015-08-13,1127,8,2,11,4,Y,A,N,A,H,A,A,01,,09,H,,,,,C,Y,N,A,1,0,0,0,21801.0,2,34.18191004,-118.92739011,4
2015,2015-08-04,935,8,2,9,2,N,A,N,A,H,A,N,60,N,11,G,Y,,,,B,N,N,D,1,1,0,0,21950.0,2,34.24282606,-119.16207731,4
2015,2015-08-06,1415,8,2,14,4,N,A,N,A,H,A,-,- ,E,18,F,,Y,,,A,N,N,D,1,0,1,0,,1,34.44938493,-119.27993628,4
2015,2015-08-06,945,8,2,9,4,N,A,Y,A,D,A,A,01,E,08,E,,,,,I,Y,N,A,1,0,0,0,22107.0,1,34.3240154,-119.09834713,4
2015,2015-08-04,2310,8,2,23,2,N,A,Y,A,H,C,C,02,E,08,E,,,Y,,I,Y,N,D,1,0,0,1,22107.0,1,34.26622142,-119.23456529,3
2015,2015-08-03,1142,8,2,11,1,N,A,N,A,H,A,A,01,E,01,E,,,,,I,Y,N,D,1,0,0,0,23152.0,1,34.25603773,-118.74150158,3
2015,2015-08-01,1233,8,2,12,6,N,A,N,A,H,A,A,01,E,08,E,,,,,J,N,N,D,1,0,0,0,22107.0,1,34.289898,-118.7254458,2
2015,2015-08-08,805,8,2,8,6,N,B,N,A,H,A,A,01,E,03,C,,,,,C,Y,N,D,1,0,0,0,22350.0,2,34.20850087,-119.21819306,4
2015,2015-08-17,1624,8,2,16,1,Y,A,N,A,H,A,D,22,,09,H,,,,,C,Y,N,A,1,0,0,0,21801.0,2,34.22904002,-119.07000007,3
2015,2015-08-01,1355,8,2,13,6,N,A,Y,A,H,A,A,07,S,03,C,,,,,C,Y,N,A,2,0,0,0,22350.0,4,34.21926216,-119.07310112,4
2015,2015-08-04,1651,8,2,16,2,N,A,Y,A,H,A,A,07,S,03,C,,,,,C,Y,N,D,1,0,0,0,22350.0,3,34.22216781,-119.12611814,4
2015,2015-08-12,2102,8,2,21,3,Y,A,N,A,H,C,A,01,,09,D,,,,,C,Y,N,A,1,0,0,0,21801.0,2,34.25167007,-118.82229009,4
2015,2015-08-17,1641,8,2,16,1,N,A,N,A,H,A,A,01,E,03,C,,,,,C,Y,N,D,2,0,0,0,22350.0,2,34.27174,-118.79547374,4
2015,2015-08-08,1912,8,2,19,6,N,A,N,A,H,A,L,04,N,09,H,,Y,,,G,N,N,D,1,0,1,0,21804.0,2,34.27840443,-118.74474821,3
2015,2015-08-15,235,8,2,2,6,N,A,N,A,H,C,C,02,N,03,C,,,Y,,C,Y,F,D,1,0,0,1,22350.0,2,34.28394651,-118.68053897,3
2015,2015-08-16,242,8,2,2,7,N,A,Y,A,H,C,A,01,N,08,E,,,,,I,Y,N,D,1,0,0,0,22107.0,1,34.28149279,-118.68868326,4
2015,2015-08-20,903,8,2,9,4,N,B,N,A,H,A,-,,N,01,C,,,,,C,Y,N,A,1,0,0,0,23152.0,3,34.28481526,-119.1522255,4
2015,2015-08-17,827,8,2,8,1,Y,A,N,A,H,A,-,,,12,-,,,,,C,Y,N,A,1,0,0,0,21453.0,2,34.25849008,-119.21108991,4
2015,2015-08-20,2012,8,2,20,4,Y,A,N,A,H,C,-,,,09,D,,,,,C,N,N,D,2,0,0,0,21804.0,2,34.27508002,-119.25954996,4
2015,2015-08-18,1601,8,2,16,2,N,A,N,A,H,A,A,01,N,03,C,,,,,C,Y,N,A,2,0,0,0,22350.0,3,34.20802268,-118.83962,4
2015,2015-08-14,1407,8,2,14,5,Y,A,N,A,H,A,-,,W,03,C,,,,,C,N,N,A,2,0,0,0,22350.0,2,34.26190301,-119.23188398,4
2015,2015-07-19,1835,7,2,18,7,N,C,Y,B,H,A,D,22,E,03,C,,,,,C,N,N,A,3,0,0,0,22350.0,2,34.18434059,-118.86089237,4
2015,2015-08-22,2246,8,2,22,6,N,A,N,A,H,C,A,01,W,08,C,,,,,E,Y,N,A,1,0,0,0,22107.0,2,34.1749082,-118.83717825,4
2015,2015-08-11,1414,8,2,14,2,N,A,Y,A,H,A,-,- ,E,00,C,,,,,C,N,N,A,1,0,0,0,,3,34.15209727,-118.82901967,4
2015,2015-08-12,1736,8,2,17,3,N,A,N,A,H,A,A,01,E,03,C,,,,,C,N,N,A,1,0,0,0,22350.0,3,34.17580371,-118.84817719,4
2015,2015-08-12,1650,8,2,16,3,Y,A,N,A,H,A,A,07,,08,B,,,,,C,Y,N,A,3,0,0,0,22107.0,4,34.16092001,-118.82292012,3
2015,2015-08-20,1526,8,2,15,4,N,A,N,A,H,A,A,01,S,04,C,,,,,C,Y,N,D,1,0,0,0,21703.0,2,34.22737576,-118.86965781,3
2015,2015-08-20,1309,8,2,13,4,N,A,N,A,H,A,A,07,E,03,C,,,,,C,Y,N,A,2,0,0,0,22350.0,4,34.16297226,-118.8268376,4
2015,2015-08-20,732,8,2,7,4,Y,B,N,A,H,A,-,- ,,12,D,,,,,C,Y,N,A,1,0,0,0,21453.0,2,34.19976009,-118.86856009,4
2015,2015-08-06,1028,8,2,10,4,Y,A,N,A,H,A,A,01,,09,H,,,,,C,Y,N,D,1,0,0,0,21801.0,2,34.23863004,-119.00964005,3
2015,2015-08-08,1225,8,2,12,6,N,A,N,A,H,A,A,01,E,08,E,,,,,I,Y,N,D,1,0,0,0,22107.0,1,34.21687292,-119.08228517,3
2015,2015-08-13,1803,8,2,18,4,N,A,Y,A,H,A,A,07,S,03,C,,,,,C,N,N,D,2,0,0,0,22350.0,2,34.21909135,-119.07048491,4
2015,2015-08-15,2000,8,2,20,6,Y,A,N,A,H,C,-,,,08,D,,,,,C,Y,N,D,1,0,0,0,22100.0,2,34.27825006,-119.29969996,4
2015,2015-08-14,746,8,2,7,5,N,A,N,A,H,A,-,,W,03,C,,,,,C,Y,N,A,2,0,0,0,22350.0,2,34.26860295,-119.19059043,4
2015,2015-08-12,1809,8,2,18,3,N,A,N,A,H,A,-,,N,03,A,,,,,C,Y,N,A,3,0,0,0,22350.0,5,34.27361476,-119.26637027,3
2015,2015-08-15,322,8,2,3,6,N,A,N,A,H,C,-,,S,08,E,,,,,I,Y,N,D,1,0,0,0,22107.0,1,34.27467922,-119.21425879,3
2015,2015-08-17,1859,8,2,18,1,N,B,N,A,H,A,A,01,E,08,-,,,Y,,C,Y,N,D,1,0,0,1,22107.0,2,,,3
2015,2015-08-17,1400,8,2,14,1,Y,A,N,A,H,A,-,,,03,C,,,,,C,Y,N,A,2,0,0,0,22350.0,4,34.27066001,-119.24729994,3
2015,2015-08-19,753,8,2,7,3,Y,A,Y,A,H,A,-,,,03,C,,,,,C,Y,N,A,4,0,0,0,22350.0,3,34.26622142,-119.23456529,4
2015,2015-08-11,2021,8,2,20,2,Y,A,N,A,H,C,N,60,,11,G,Y,,,,B,N,N,A,1,1,0,0,21456.0,2,34.27952006,-119.30076993,3
2015,2015-08-19,1409,8,2,14,3,N,A,N,A,H,A,-,,W,03,C,,,,,C,N,N,D,3,0,0,0,22350.0,2,34.28078558,-119.28143751,4
2015,2015-08-20,1809,8,2,18,4,N,A,N,A,H,A,N,60,S,11,G,Y,,,,B,N,N,D,1,1,0,0,21954.0,2,34.28406586,-119.30001019,2
2015,2015-08-20,1830,8,2,18,4,N,A,N,A,H,A,-,,E,09,-,,,,,C,N,N,A,1,0,0,0,21801.0,2,34.27566728,-119.27695096,3
2015,2015-08-20,2040,8,2,20,4,N,A,N,A,H,C,-,,N,03,F,,,,,E,Y,N,D,2,0,0,0,22350.0,2,34.28714141,-119.21377266,2
2015,2015-08-20,1918,8,2,19,4,N,A,N,A,H,A,-,,S,08,C,,,,,E,Y,N,D,1,0,0,0,22107.0,2,34.28650106,-119.29927381,3
2015,2015-08-20,1108,8,2,11,4,Y,B,N,A,H,A,-,,,03,E,,,,,I,Y,N,-,1,0,0,0,22350.0,2,34.27910008,-119.23231997,4
2015,2015-08-22,326,8,2,3,6,N,A,N,A,H,C,-,,S,01,F,,,,,E,Y,N,D,2,0,0,0,23153.0,2,34.27944055,-119.18842726,3
2015,2015-08-18,1003,8,2,10,2,Y,A,N,A,H,A,A,01,,12,H,,,,,C,Y,N,A,2,0,0,0,21453.0,2,34.18228003,-118.91124009,4
2015,2015-08-16,1712,8,2,17,7,Y,A,N,A,H,A,A,01,,09,D,,,,,D,Y,N,A,1,0,0,0,21802.0,2,34.22508008,-118.85911006,4
2015,2015-08-07,940,8,2,9,5,Y,A,Y,A,H,A,D,22,,09,D,,,,,C,Y,N,A,1,0,0,0,21801.0,3,34.25848102,-118.99565167,4
2015,2015-08-13,1740,8,2,17,4,N,A,Y,A,H,A,D,22,N,03,C,,,,,C,Y,N,D,1,0,0,0,22350.0,3,34.18424212,-118.91649244,4
2015,2015-08-03,740,8,2,7,1,Y,A,Y,A,H,A,F,24,,09,D,,,,Y,C,Y,N,A,1,0,0,0,21802.0,2,34.32875404,-118.90327112,4
2015,2015-08-11,805,8,2,8,2,N,A,Y,A,H,A,E,22,S,03,C,,,,,C,N,N,D,1,0,0,0,22350.0,3,34.2045891,-118.85239774,4
2015,2015-08-12,1505,8,2,15,3,N,A,Y,A,H,A,A,01,S,03,C,,,,,C,Y,N,D,1,0,0,0,22350.0,2,34.18120003,-118.88709753,4
2015,2015-08-11,1705,8,2,17,2,N,A,Y,A,H,A,A,01,N,07,B,,,Y,,C,N,N,D,1,0,0,1,21658.0,3,34.19252734,-118.94565725,4
2015,2015-08-02,1700,8,2,17,7,N,A,Y,A,H,A,A,01,E,03,C,,,,,C,N,M,A,2,0,0,0,22350.0,3,34.40542151,-118.7941817,4
2015,2015-08-09,1900,8,2,19,7,N,A,Y,A,H,B,A,01,N,08,E,,,,,I,Y,N,D,2,0,0,0,22107.0,1,34.20624547,-118.85075437,4
2015,2015-08-11,150,8,2,1,2,N,A,Y,A,H,D,A,07,S,01,E,,,,,J,Y,N,D,1,0,0,0,23152.0,1,34.27699108,-118.85926975,4
2015,2015-08-12,2235,8,2,22,3,N,A,Y,A,D,D,A,01,N,01,E,,,,,I,Y,N,D,1,0,0,0,23152.0,1,34.20312402,-118.98046413,3
2015,2015-08-17,1910,8,2,19,1,N,A,N,A,H,B,-,99,W,08,H,,Y,,,G,N,F,D,1,0,1,0,22107.0,2,34.15251389,-118.90408516,3
2015,2015-08-15,255,8,2,2,6,N,A,N,A,H,D,C,02,S,01,E,,,Y,,I,Y,N,D,1,0,0,1,23152.0,1,34.25875848,-118.64859961,2
2015,2015-08-12,1230,8,2,12,3,N,A,N,A,H,A,A,01,N,08,E,,,,,I,Y,N,D,1,0,0,0,22107.0,1,,,3
2015,2015-08-15,2200,8,2,22,6,N,A,N,A,H,D,A,01,E,01,A,,,,,C,Y,N,D,6,0,0,0,23152.0,3,34.27135027,-118.82626981,2
2015,2015-08-11,1800,8,2,18,2,N,A,N,A,H,A,A,01,W,03,C,,,,,C,N,N,A,1,0,0,0,22350.0,3,34.24613543,-118.86923443,3
2015,2015-08-14,1640,8,2,16,5,Y,A,N,A,H,A,A,01,,09,D,,,,,C,Y,N,A,3,0,0,0,21802.0,2,34.26368011,-118.64396006,3
2015,2015-08-25,1349,8,2,13,2,N,A,N,A,H,A,D,22,N,08,H,,,,,C,Y,N,D,2,0,0,0,22100.0,2,34.15875,-118.81796,4
2015,2015-08-16,1102,8,2,11,7,N,A,Y,A,H,A,D,22,N,08,D,,,Y,,C,Y,N,D,1,0,0,1,21460.0,2,34.32080294,-119.3792336,3
2015,2015-07-31,1050,7,2,10,5,N,A,Y,A,H,A,A,01,S,03,C,,,,,C,N,N,D,4,0,0,0,22350.0,2,34.25024576,-119.20677451,4
2015,2015-08-23,1850,8,2,18,7,Y,A,N,A,H,A,A,01,,12,D,,,,,C,Y,N,A,3,0,0,0,21453.0,3,34.22101011,-119.05070012,3
2015,2015-08-23,1645,8,2,16,7,Y,A,N,A,H,A,C,02,,03,F,,,Y,,A,Y,N,D,1,0,0,1,22350.0,1,34.22590005,-118.99583004,2
2015,2015-08-08,1339,8,2,13,6,N,A,N,A,H,A,A,01,S,05,B,,,,,C,Y,N,D,1,0,0,0,21460.0,2,34.23435596,-119.07470298,4
2015,2015-08-07,1851,8,2,18,5,N,A,Y,A,H,A,A,01,E,03,E,,,,,I,Y,N,A,1,0,0,0,22350.0,4,34.21696822,-119.03440739,3
2015,2015-08-19,1530,8,2,15,3,N,A,Y,A,H,A,A,01,S,03,E,,,,,I,N,N,D,1,0,0,0,22350.0,2,34.22461296,-119.15709612,4
2015,2015-08-14,1613,8,2,16,5,N,A,Y,A,H,A,A,01,N,09,D,,,,,C,Y,N,D,3,0,0,0,21801.0,2,34.06327825,-118.98776418,2
2015,2015-08-16,1755,8,2,17,7,N,A,Y,A,H,A,A,01,N,03,C,,,,,C,Y,N,D,3,0,0,0,22350.0,3,34.28268465,-119.31717618,4
2015,2015-08-01,1855,8,2,18,6,N,A,Y,A,H,A,A,01,S,03,C,,,,,C,N,M,D,1,0,0,0,22350.0,2,34.22228124,-119.13746704,4
2015,2015-08-14,1730,8,2,17,5,N,A,Y,A,H,A,A,01,N,03,C,,,,,C,Y,N,D,2,0,0,0,22350.0,3,34.22342315,-119.15133786,4
2015,2015-08-19,1734,8,2,17,3,N,A,N,A,H,A,A,08,W,03,C,,,,,C,Y,N,A,3,0,0,0,22350.0,3,34.20567073,-119.08311397,4
2015,2015-08-15,430,8,2,4,6,N,A,Y,A,H,D,D,22,N,08,E,,,,,I,Y,N,D,1,0,0,0,22107.0,1,34.31831865,-119.2927882,2
2015,2015-08-18,1605,8,2,16,2,N,A,Y,A,H,A,D,22,N,03,C,,,,,C,N,N,D,3,0,0,0,22350.0,3,34.22204474,-119.13031087,4
2015,2015-08-20,1830,8,2,18,4,N,A,N,A,H,A,A,01,S,03,C,,,,,C,Y,N,D,2,0,0,0,22350.0,3,34.22661563,-119.0390664,4
2015,2015-08-21,1900,8,2,19,5,Y,A,N,A,H,A,-,- ,,00,B,,Y,,,G,N,M,A,1,0,1,0,,2,34.27178009,-119.25710994,3
2015,2015-08-23,1247,8,2,12,7,N,A,N,A,H,A,L,,N,03,F,,Y,,,-,N,N,D,1,0,1,0,22350.0,1,34.28115492,-119.21136968,2
2015,2015-08-23,1532,8,2,15,7,N,A,N,A,H,A,-,,N,08,B,,,,,I,Y,N,A,1,0,0,0,22107.0,1,34.26280939,-119.22997985,4
2015,2015-08-24,741,8,2,7,1,N,A,N,A,H,A,-,,S,03,C,,,,,C,Y,N,D,1,0,0,0,22350.0,3,34.27126315,-119.20747128,4
2015,2015-08-24,828,8,2,8,1,Y,A,N,A,H,A,-,,,09,D,,,,,C,Y,N,A,1,0,0,0,21801.0,2,34.27237004,-119.26030986,4
2015,2015-08-24,726,8,2,7,1,N,B,N,A,H,A,N,60,S,11,G,Y,,,,B,N,N,A,1,1,0,0,21456.0,2,34.27667749,-119.24854363,4
2015,2015-08-24,1722,8,2,17,1,N,A,N,A,H,A,-,,S,03,C,,,,,C,Y,N,D,2,0,0,0,22350.0,2,34.26515716,-119.19290774,4
2015,2015-08-27,1520,8,2,15,4,N,A,N,A,H,A,-,,N,03,C,,,,,C,,N,A,1,0,0,0,22350.0,3,34.26951842,-119.24706522,4
2015,2015-08-27,736,8,2,7,4,N,A,N,A,H,A,-,,W,08,-,,,,,C,Y,N,D,2,0,0,0,22107.0,2,34.2816483,-119.15458716,4
2015,2015-08-19,1708,8,2,17,3,Y,A,N,A,H,A,-,,,09,D,,,,,C,N,N,A,1,0,0,0,21801.0,2,34.25641012,-119.19079003,4
2015,2015-08-26,1503,8,2,15,3,Y,A,N,A,H,A,-,,,12,-,,,,,C,Y,N,A,1,0,0,0,21453.0,2,34.26486003,-119.27023993,4
2015,2015-08-26,805,8,2,8,3,Y,A,N,A,H,A,-,,,12,D,,,,,C,Y,N,A,2,0,0,0,21453.0,3,34.27041,-119.21333991,4
2015,2015-06-05,743,6,2,7,5,N,A,N,A,H,A,A,01,E,05,E,,,,,I,Y,N,D,2,0,0,0,21650.0,1,34.26976057,-118.89973388,4
2015,2015-08-20,1827,8,2,18,4,N,A,N,A,-,A,-,,N,03,C,,,,,C,Y,N,A,1,0,0,0,22350.0,2,34.25121849,-119.19676159,4
2015,2015-08-22,2015,8,2,20,6,N,A,N,A,H,C,A,01,N,09,D,,,,,C,Y,N,D,3,0,0,0,21804.0,2,34.18782257,-118.94217538,3
2015,2015-08-21,2217,8,2,22,5,Y,A,N,A,H,C,A,01,,09,H,,,,,C,Y,N,A,2,0,0,0,21801.0,2,34.15029002,-118.81864001,4
2015,2015-08-24,1802,8,2,18,1,N,A,N,A,H,A,A,01,E,04,C,,,,,C,Y,N,D,2,0,0,0,21703.0,2,34.19131724,-118.94861652,4
2015,2015-08-26,2340,8,2,23,3,N,A,N,A,H,C,-,,W,03,D,,,,,E,Y,N,D,1,0,0,0,22350.0,2,34.29416467,-119.29711524,3
2015,2015-08-09,1726,8,2,17,7,Y,A,Y,A,H,A,D,22,,03,C,,,,,C,Y,N,A,4,0,0,0,22350.0,3,34.27958738,-118.86920753,4
2015,2015-07-29,1622,7,2,16,3,Y,A,N,A,-,A,A,08,,03,C,,,,,C,Y,N,A,2,0,0,0,22350.0,2,34.26320001,-118.86446003,4
2015,2015-08-25,1557,8,2,15,2,N,A,Y,A,H,A,D,22,E,07,C,,,,,C,Y,N,D,1,0,0,0,21658.0,2,34.27885513,-118.89985309,4
2015,2015-08-28,1432,8,2,14,5,Y,A,N,A,H,A,A,07,,09,H,,,,,C,Y,N,A,2,0,0,0,21801.0,2,34.21542003,-118.85947004,3
2015,2015-08-25,1441,8,2,14,2,Y,A,N,A,H,A,A,07,,12,D,,,,,D,Y,N,A,1,0,0,0,21453.0,2,,,4
2015,2015-08-18,1611,8,2,16,2,Y,A,N,A,H,A,A,01,,12,D,,,,,C,Y,N,A,3,0,0,0,21453.0,2,34.17828002,-118.89440011,3
2015,2015-08-30,733,8,2,7,7,Y,A,N,A,H,A,A,01,,01,D,,,,,D,Y,N,A,2,0,0,0,23153.0,2,34.2169301,-118.84271001,2
2015,2015-08-28,1413,8,2,14,5,N,A,N,A,H,A,A,07,S,04,C,,,,,C,Y,N,A,1,0,0,0,21703.0,3,34.17776848,-118.87664381,4
2015,2015-08-20,1136,8,2,11,4,N,A,N,A,D,A,N,60,E,11,G,Y,,,,B,N,N,A,1,1,0,0,21954.0,2,34.17668122,-118.90981794,2
2015,2015-08-25,1354,8,2,13,2,N,A,N,A,H,A,-,- ,W,18,B,,,,,E,N,N,D,1,0,0,0,,2,34.2753837,-118.76050549,3
2015,2015-09-03,1344,9,3,13,4,N,A,N,A,H,A,A,01,N,08,C,,,,,I,Y,N,D,1,0,0,0,22107.0,1,34.26260244,-118.74782,4
2015,2015-08-15,1349,8,2,13,6,N,A,N,A,H,A,D,22,E,08,E,,,,,I,Y,N,D,1,0,0,0,22107.0,1,34.26085,-118.74863391,2
2015,2015-08-23,1859,8,2,18,7,Y,A,N,A,H,A,A,01,,09,A,,,,,C,Y,N,A,1,0,0,0,21801.0,2,34.25254007,-118.81200006,4
2015,2015-08-24,2022,8,2,20,1,Y,A,N,A,H,C,D,22,,03,C,,,,,C,Y,N,A,2,0,0,0,22350.0,2,34.27180006,-118.77014008,4
2015,2015-08-21,1626,8,2,16,5,Y,A,N,A,H,A,A,08,,09,D,,,,,C,Y,N,D,3,0,0,0,21804.0,2,34.27730007,-118.79646006,4
2015,2015-08-14,1451,8,2,14,5,Y,A,Y,A,H,A,A,07,,12,A,,,,,C,N,N,A,1,0,0,0,21453.0,2,34.2824203,-118.77527444,4
2015,2015-08-10,1822,8,2,18,1,N,A,N,A,H,A,A,01,N,03,-,,,,,C,N,N,D,1,0,0,0,22350.0,2,34.26816293,-118.67840677,4
2015,2015-08-29,1251,8,2,12,6,N,A,N,A,H,A,A,01,S,03,E,,,,,I,Y,N,D,1,0,0,0,22350.0,1,34.28727048,-118.6805626,3
2015,2015-08-27,901,8,2,9,4,N,A,N,A,H,A,-,- ,E,09,A,,,,,C,Y,N,D,2,0,0,0,21801.0,2,34.27174,-118.67749121,3
2015,2015-08-25,1643,8,2,16,2,Y,A,N,A,H,A,A,01,,12,D,,,,,C,Y,N,A,1,0,0,0,21453.0,2,34.26364011,-118.76138004,4
2015,2015-08-26,2252,8,2,22,3,N,A,N,A,H,C,A,01,N,08,E,,,,,I,Y,N,D,1,0,0,0,22107.0,1,34.27914406,-118.71786819,3
2015,2015-08-31,1524,8,2,15,1,Y,A,N,A,H,A,A,07,,09,D,,,,,C,Y,N,A,1,0,0,0,21801.0,2,34.27901005,-118.73564006,3
2015,2015-08-28,1158,8,2,11,5,N,A,Y,A,H,A,C,02,W,09,H,,,Y,,C,Y,N,A,1,0,0,1,21801.0,2,34.3949289,-118.92771885,2
2015,2015-09-10,851,9,3,8,4,Y,A,N,A,H,A,A,01,,12,D,,,,,C,Y,N,A,1,0,0,0,21453.0,2,34.27175006,-118.76140008,4
2015,2015-09-11,759,9,3,7,5,Y,A,N,A,H,A,A,07,,09,D,,,,,C,Y,N,A,1,0,0,0,21802.0,2,34.27827007,-118.74738003,4
2015,2015-09-12,1410,9,3,14,6,Y,A,N,A,H,A,A,01,,12,D,,,,,C,Y,F,A,1,0,0,0,22450.0,2,34.27755,-118.76790002,4
2015,2015-09-15,1601,9,3,16,2,Y,A,N,A,H,A,A,07,,09,D,,,,,C,N,N,A,2,0,0,0,21801.0,3,34.27179012,-118.7766901,4
2015,2015-09-15,1044,9,3,10,2,Y,A,N,B,H,A,L,04,,01,D,,Y,,,G,Y,N,A,1,0,1,0,21200.0,2,34.2717001,-118.70895013,2
2015,2015-09-18,733,9,3,7,5,Y,A,N,A,H,A,A,01,,12,D,,,,,C,Y,N,A,2,0,0,0,21453.0,2,34.27405008,-118.80674003,3
2015,2015-09-21,1817,9,3,18,1,N,A,N,A,H,A,A,01,E,03,C,,,,,C,Y,N,D,2,0,0,0,22350.0,2,34.27168,-118.73450564,4
2015,2015-09-09,1913,9,3,19,3,Y,A,N,A,H,B,-,- ,,00,D,,,,,C,N,N,A,1,0,0,0,,2,34.27167005,-118.71733007,4
2015,2015-09-07,1303,9,3,13,1,N,A,N,A,H,A,C,02,S,03,C,,,Y,,C,Y,N,A,1,0,0,1,22350.0,2,34.26407704,-118.79639627,4
2015,2015-09-09,1720,9,3,17,3,N,A,N,A,H,A,A,01,E,03,C,,,,,C,Y,N,A,3,0,0,0,22350.0,2,34.25430639,-118.81191865,4