ACCIDENT_YEAR,COLLISION_DATE,COLLISION_TIME,MONTH,SEASON,24HOURS,DAY_OF_WEEK,INTERSECTION,WEATHER_1,STATE_HWY_IND,ROAD_SURFACE,ROAD_COND_1,LIGHTING,STWD_VEHTYPE_AT_FAULT,CHP_VEHTYPE_AT_FAULT,DIRECTION,PCF_VIOL_CATEGORY,TYPE_OF_COLLISION,PEDESTRIAN_ACCIDENT,BICYCLE_ACCIDENT,MOTORCYCLE_ACCIDENT,TRUCK_ACCIDENT,MVIW,TOW_AWAY,HIT_AND_RUN,CONTROL_DEVICE,NUMBER_INJURED,COUNT_PED_INJURED,COUNT_BICYCLIST_INJURED,COUNT_MC_INJURED,PCF_VIOLATION,PARTY_COUNT,POINT_Y,POINT_X,COLLISION_SEVERITY
2015,2015-09-24,914,9,3,9,4,Y,A,N,A,H,A,A,01,,09,H,,,,,C,Y,N,A,2,0,0,0,21801.0,2,34.15045003,-118.82534002,4
2015,2015-09-22,1400,9,3,14,2,Y,A,N,A,H,A,A,01,,09,D,,,,,C,Y,N,D,2,0,0,0,21802.0,2,34.2195501,-118.84164003,3
2015,2015-09-27,1515,9,3,15,7,Y,A,N,A,H,A,A,01,,08,H,,,,,C,Y,N,A,4,0,0,0,22101.0,2,34.21670004,-118.88828009,3
2015,2015-09-19,1301,9,3,13,6,N,A,N,A,H,A,A,08,S,08,E,,,,,I,Y,N,A,1,0,0,0,22107.0,1,34.16921014,-118.9360024,4
2015,2015-09-26,1321,9,3,13,6,Y,A,Y,A,H,A,A,01,,12,H,,,,,C,Y,N,A,2,0,0,0,21453.0,2,34.1780138,-118.87992822,4
2015,2015-09-19,1005,9,3,10,6,N,A,N,A,H,A,A,07,S,21,B,,,,,C,Y,N,A,2,0,0,0,22106.0,2,34.19350467,-118.95791354,4
2015,2015-09-17,1900,9,3,19,4,N,A,N,A,H,B,A,01,W,10,G,Y,,,,B,N,N,A,1,1,0,0,21950.0,2,34.15029687,-118.81866853,3
2015,2015-09-11,1938,9,3,19,5,N,A,Y,A,H,C,N,60,E,11,G,Y,,,,B,N,N,A,1,1,0,0,21456.0,2,34.15209727,-118.82901967,4
2015,2015-09-11,1530,9,3,15,5,N,A,N,A,H,A,A,01,E,21,F,,,Y,,A,Y,N,D,1,0,0,1,22106.0,2,34.21850461,-118.87736643,3
2015,2015-10-08,1133,10,3,11,4,N,A,N,A,H,A,N,60,E,11,D,Y,,,,B,N,N,A,1,1,0,0,21954.0,2,34.29186295,-119.15689926,2
2015,2015-10-03,1330,10,3,13,6,N,A,N,A,H,A,-,,N,03,-,,,,,C,N,N,D,1,0,0,0,22350.0,3,34.26530107,-119.24603255,4
2015,2015-10-05,1307,10,3,13,1,N,A,N,A,H,A,-,,W,03,C,,,,,C,N,N,A,2,0,0,0,22350.0,2,34.26195427,-119.26445005,4
2015,2015-09-30,1935,9,3,19,3,Y,A,N,A,H,C,-,,,12,D,,,,,C,N,N,A,1,0,0,0,21453.0,2,34.26106007,-119.21164992,4
2015,2015-10-05,657,10,3,6,1,N,A,N,A,H,A,-,,E,03,E,,,,,I,N,N,A,1,0,0,0,22350.0,1,,,4
2015,2015-10-04,2057,10,3,20,7,N,B,N,B,H,C,-,,S,01,A,,,,,I,Y,N,A,1,0,0,0,23152.0,1,34.24319306,-119.19289841,3
2015,2015-10-08,2002,10,3,20,4,Y,A,N,A,H,C,-,,,08,D,,Y,,,G,Y,N,A,1,0,1,0,22107.0,2,34.25849008,-119.21108991,3
2015,2015-10-06,1605,10,3,16,2,Y,A,N,A,H,A,-,,,09,-,,,,,C,Y,N,A,1,0,0,0,21801.0,2,34.27904,-119.26139989,4
2015,2015-10-06,1336,10,3,13,2,Y,A,N,A,H,A,-,,,00,G,Y,,,,B,N,N,D,1,1,0,0,21959.0,2,34.26493011,-119.21589992,4
2015,2015-10-05,806,10,3,8,1,Y,A,Y,A,H,A,-,,,09,A,,,,,C,Y,N,A,1,0,0,0,21801.0,2,34.24425355,-119.19496863,4
2015,2015-10-01,1228,10,3,12,4,Y,A,N,-,H,A,-,,,03,-,,,,,C,N,N,A,2,0,0,0,22350.0,3,34.24414009,-119.21508995,4
2015,2015-10-07,1736,10,3,17,3,Y,A,N,A,H,A,-,,,12,D,,,,,C,Y,N,A,1,0,0,0,21453.0,2,34.26204007,-119.17709007,3
2015,2015-10-01,214,10,3,2,4,N,A,N,A,H,C,-,- ,W,00,A,,Y,,,J,N,N,D,1,0,1,0,,1,34.26407281,-119.22192302,3
2015,2015-10-08,931,10,3,9,4,Y,A,N,A,H,A,-,,,03,C,,,,,D,N,N,A,1,0,0,0,22350.0,2,34.26331007,-119.23947991,4
2015,2015-10-01,1640,10,3,16,4,N,A,N,A,H,A,-,,S,03,C,,,,,C,Y,N,A,1,0,0,0,22350.0,3,34.24390792,-119.21519176,4
2015,2015-10-01,1043,10,3,10,4,N,A,N,A,H,A,-,,W,03,H,,,,,A,N,N,A,1,0,0,0,22350.0,1,34.27459184,-119.23817714,4
2015,2015-09-25,2328,9,3,23,5,N,A,Y,A,H,C,-,,S,01,A,,,,,I,Y,N,A,1,0,0,0,23152.0,1,34.27714115,-119.29067707,4
2015,2015-09-29,1737,9,3,17,2,N,A,N,A,H,A,-,,N,08,D,,,,,C,Y,N,D,1,0,0,0,22107.0,2,34.24761673,-119.19396758,4
2015,2015-09-30,1546,9,3,15,3,Y,A,N,A,H,A,-,,,12,D,,,,,C,Y,N,A,1,0,0,0,21453.0,2,34.25962005,-119.21894998,4
2015,2015-09-29,826,9,3,8,2,N,A,N,A,H,A,-,,W,03,E,,,,,I,Y,N,D,1,0,0,0,22350.0,1,34.25707465,-119.22036593,4
2015,2015-10-01,836,10,3,8,4,Y,A,N,A,H,A,-,,,03,C,,,,,C,N,N,D,1,0,0,0,22350.0,2,34.27828002,-119.28848997,3
2015,2015-10-01,819,10,3,8,4,Y,A,N,A,H,A,D,22,,12,D,,,,,D,Y,N,A,1,0,0,0,21453.0,2,34.19313007,-118.89386008,3
2015,2015-09-22,1152,9,3,11,2,N,A,N,A,H,A,A,07,S,03,E,,,,,I,Y,N,D,1,0,0,0,22350.0,1,34.17460067,-118.95403651,4
2015,2015-09-24,1358,9,3,13,4,N,A,N,A,H,A,A,01,E,03,C,,,,,C,N,N,A,1,0,0,0,22350.0,2,34.1766,-118.91101162,4
2015,2015-10-04,1614,10,3,16,7,N,B,N,A,H,A,A,01,E,05,A,,,,,C,Y,N,D,3,0,0,0,21650.0,2,34.19179725,-118.89172542,4
2015,2015-10-04,2015,10,3,20,7,N,B,N,B,H,C,A,01,W,08,E,,,,,I,Y,N,D,2,0,0,0,22107.0,2,34.18237844,-118.84821597,2
2015,2015-10-09,1218,10,3,12,5,Y,A,N,A,H,A,A,01,,03,C,,,,,C,Y,N,A,2,0,0,0,22350.0,2,34.15875003,-118.81796005,3
2015,2015-10-09,1546,10,3,15,5,Y,A,N,A,H,A,L,04,,05,H,,Y,,,G,N,N,A,1,0,1,0,21650.0,2,34.21670004,-118.88828009,3
2015,2015-12-23,1918,12,4,19,3,N,A,N,A,H,C,J,49,E,10,G,Y,,,,B,N,N,D,1,1,0,0,21952.0,2,34.27180294,-118.77812075,3
2015,2015-12-22,910,12,4,9,2,N,A,N,A,H,A,F,21,E,03,C,,,,Y,C,N,N,A,1,0,0,0,22350.0,2,34.2778503,-119.30077985,4
2015,2015-10-09,1657,10,3,16,5,N,A,N,A,H,A,D,22,S,01,E,,,,,I,Y,N,D,1,0,0,0,23152.0,1,34.23488559,-119.07437511,2
2015,2015-10-15,1215,10,3,12,4,Y,B,N,A,H,A,D,22,,09,H,,,,,C,Y,N,A,3,0,0,0,21801.0,2,34.22931008,-119.01694009,4
2015,2015-10-12,1520,10,3,15,1,Y,A,Y,A,H,A,A,01,,12,D,,,,,C,Y,N,A,2,0,0,0,21453.0,3,34.27939058,-118.86922666,4
2015,2015-10-09,830,10,3,8,5,Y,A,N,A,H,A,A,08,,03,C,,,,,C,Y,N,D,2,0,0,0,22350.0,2,34.29512003,-118.85729014,4
2015,2015-09-26,1701,9,3,17,6,N,A,N,A,H,A,A,01,E,12,D,,,,,C,Y,N,A,1,0,0,0,22450.0,3,34.21774568,-119.05748082,4
2015,2015-09-30,1740,9,3,17,3,N,A,Y,A,H,A,-,,W,10,G,Y,,,,B,N,F,A,1,1,0,0,21950.0,2,34.27887284,-118.88210931,4
2015,2015-09-24,646,9,3,6,4,N,A,Y,A,H,A,A,01,W,03,C,,,,,C,Y,N,A,2,0,0,0,22350.0,2,34.27886784,-118.90088837,4
2015,2015-09-25,955,9,3,9,5,Y,A,N,A,H,A,A,01,,09,D,,,,,C,Y,N,D,1,0,0,0,21802.0,2,34.27170012,-118.87128007,4
2015,2015-09-22,855,9,3,8,2,N,A,Y,A,H,A,A,01,W,03,C,,,,,C,Y,N,D,2,0,0,0,22350.0,3,34.27886187,-118.89809648,4
2015,2015-10-11,1520,10,3,15,7,Y,A,N,A,H,A,A,07,,03,C,,,,,C,N,N,A,1,0,0,0,22350.0,2,34.26320001,-118.86446003,4
2015,2015-10-16,145,10,3,1,5,N,A,Y,A,H,C,A,01,S,01,E,,,,,J,Y,N,D,1,0,0,0,23152.0,1,34.22860722,-119.02211609,3
2015,2015-10-13,1431,10,3,14,2,Y,A,N,A,H,A,A,01,,09,D,,,,,C,Y,N,A,1,0,0,0,21802.0,2,34.23955009,-119.02671003,3
2015,2015-10-01,1810,10,3,18,4,N,A,N,A,H,A,N,60,N,11,G,Y,,,,B,N,N,D,1,1,0,0,21950.0,2,34.22199909,-119.03091,2
2015,2015-10-05,1553,10,3,15,1,N,A,Y,A,H,A,A,01,E,09,D,,,,,D,Y,N,D,4,0,0,0,21804.0,3,34.27901377,-118.88403208,4
2015,2015-09-26,1053,9,3,10,6,N,A,N,A,H,A,D,23,W,03,C,,,,,C,N,M,D,1,0,0,0,22350.0,2,34.17597127,-119.20631594,4
2015,2015-09-26,934,9,3,9,6,N,A,N,A,H,A,A,01,N,03,D,,,,,C,N,N,D,1,0,0,0,22350.0,3,34.16275392,-119.18692664,4
2015,2015-10-17,1338,10,3,13,6,N,A,N,A,H,A,F,26,E,03,C,,,,Y,C,Y,N,A,1,0,0,0,22350.0,4,34.16917123,-118.83605015,4
2015,2015-09-29,1320,9,3,13,2,N,A,N,A,H,A,A,01,W,03,C,,,,,C,Y,N,A,5,0,0,0,22350.0,4,34.17601154,-119.21281575,3
2015,2015-10-08,1650,10,3,16,4,N,A,N,A,H,A,-,99,S,03,C,,,,,C,N,M,A,3,0,0,0,22350.0,2,34.17304255,-119.19511,4
2015,2015-10-09,810,10,3,8,5,N,A,N,A,H,A,A,01,E,03,C,,,,,C,N,N,A,3,0,0,0,22350.0,2,34.16110936,-119.19501397,4
2015,2015-10-19,839,10,3,8,1,N,A,N,A,H,A,A,07,E,08,C,,,,,E,Y,N,D,1,0,0,0,22107.0,2,34.26441593,-118.78867502,4
2015,2015-11-02,1732,11,3,17,1,Y,B,N,B,H,C,D,22,,09,A,,,,,C,N,N,A,1,0,0,0,21801.0,2,34.25254007,-118.81200006,4
2015,2015-10-20,1620,10,3,16,2,N,A,N,A,H,A,E,22,W,03,C,,,,,C,Y,N,D,3,0,0,0,22350.0,2,34.25106862,-118.82368992,3
2015,2015-11-04,1823,11,3,18,3,N,A,N,A,H,C,A,01,N,03,C,,,,,C,Y,N,A,2,0,0,0,22350.0,3,34.18821312,-118.87471201,3
2015,2015-10-22,1525,10,3,15,4,N,A,Y,A,H,A,A,01,S,04,C,,,,,C,Y,N,D,1,0,0,0,21703.0,3,34.15590211,-118.82230861,4
2015,2015-10-02,1654,10,3,16,5,N,A,N,A,H,A,D,22,E,01,F,,,,,E,Y,N,D,2,0,0,0,23152.0,2,34.26463272,-118.86858249,3
2015,2015-10-13,1058,10,3,10,2,Y,A,Y,A,H,A,I,11,,12,D,,,,,C,Y,N,A,2,0,0,0,21453.0,3,34.278936,-118.882095,2
2015,2015-09-17,605,9,3,6,4,Y,A,N,A,H,C,D,22,,12,D,,,,,C,N,N,A,1,0,0,0,21453.0,2,34.28548007,-118.87473001,4
2015,2015-09-11,1942,9,3,19,5,Y,A,N,A,H,C,-,- ,,00,H,,,,,C,Y,N,A,2,0,0,0,,2,34.26821004,-118.89698008,4
2015,2015-10-12,849,10,3,8,1,Y,A,N,A,H,A,A,01,,10,G,Y,,,,B,N,N,B,1,1,0,0,21950.0,2,34.17597005,-119.20624007,4
2015,2015-10-15,1545,10,3,15,4,Y,B,N,A,H,A,A,01,,09,D,,,,,D,Y,N,A,2,0,0,0,21802.0,4,34.2071501,-118.84667003,3
2015,2015-10-03,1543,10,3,15,6,N,A,N,A,B,A,L,04,E,03,E,,Y,,,J,N,N,D,1,0,1,0,22350.0,1,34.17525417,-118.92499418,3
2015,2015-10-15,1731,10,3,17,4,N,B,N,A,H,A,C,02,E,03,C,,,Y,,C,N,N,D,1,0,0,0,22350.0,2,34.15989826,-118.82733938,4
2015,2015-10-19,1018,10,3,10,1,N,A,N,A,D,A,A,01,S,07,C,,,,,C,N,F,A,1,0,0,0,21658.0,2,34.16790091,-118.83688041,4
2015,2015-10-19,1040,10,3,10,1,N,A,N,A,H,A,A,01,W,03,C,,,,,C,Y,N,A,2,0,0,0,22350.0,2,34.17926594,-118.96108726,4
2015,2015-10-19,1215,10,3,12,1,N,A,N,A,H,A,A,01,E,09,D,,,,,C,Y,N,D,3,0,0,0,21804.0,2,34.17815357,-118.85599845,4
2015,2015-10-23,1515,10,3,15,5,Y,A,N,A,H,A,A,01,,09,H,,,,,C,Y,N,D,1,0,0,0,21801.0,2,34.22544004,-119.04739013,3
2015,2015-10-19,2123,10,3,21,1,Y,A,N,A,H,C,-,- ,,12,D,,,,,C,Y,N,A,1,0,0,0,21453.0,2,34.22904002,-119.07000007,4
2015,2015-10-25,912,10,3,9,7,N,A,N,A,H,A,A,01,N,08,E,,,,,I,Y,N,D,1,0,0,0,22107.0,1,34.23540892,-118.96928692,3
2015,2015-10-10,1133,10,3,11,6,Y,A,N,A,H,A,A,01,,09,D,,,,,C,Y,N,D,1,0,0,0,21804.0,2,34.22979008,-118.99789004,4
2015,2015-10-10,2105,10,3,21,6,Y,A,N,A,H,C,A,01,,09,H,,,,,C,Y,N,A,2,0,0,0,21801.0,2,34.22358008,-119.04745012,4
2015,2015-10-05,756,10,3,7,1,Y,A,N,A,H,A,L,04,,09,H,,Y,,,G,N,N,D,1,0,1,0,21802.0,2,34.18650007,-118.91621014,3
2015,2015-10-08,1945,10,3,19,4,N,A,Y,A,H,C,A,07,N,03,C,,,,,C,N,N,A,1,0,0,0,22350.0,2,34.14957204,-118.83876454,4
2015,2015-10-13,816,10,3,8,2,N,A,N,A,H,A,A,01,E,08,H,,,,,C,Y,N,D,1,0,0,0,21460.0,2,34.20763502,-118.84555494,4
2015,2015-10-15,1849,10,3,18,4,N,A,Y,A,H,C,-,- ,S,21,C,,,,,C,Y,N,A,2,0,0,0,22106.0,3,34.15618347,-118.82606538,4
2015,2015-10-16,1220,10,3,12,5,Y,A,N,A,H,A,A,01,,03,C,,,,,C,N,N,A,2,0,0,0,22350.0,3,34.18763003,-118.91999006,4
2015,2015-10-16,1235,10,3,12,5,N,B,N,A,H,A,A,07,W,09,H,,,,,C,N,N,A,2,0,0,0,21801.0,2,34.17909471,-118.87488986,4
2015,2015-10-17,1158,10,3,11,6,N,A,N,A,H,A,A,07,E,03,C,,,,,C,Y,N,D,1,0,0,0,22350.0,2,34.20798329,-118.86133798,4
2015,2015-09-17,2045,9,3,20,4,Y,A,Y,A,H,C,A,07,,12,H,,,,,C,Y,N,A,1,0,0,0,21453.0,2,34.1780138,-118.87992822,4
2015,2015-10-25,58,10,3,0,7,N,A,N,A,H,D,A,07,W,08,E,,,,,I,Y,N,D,1,0,0,0,22107.0,1,,,3
2015,2015-10-19,1918,10,3,19,1,Y,A,N,A,H,C,A,01,,09,H,,,,,C,Y,N,A,3,0,0,0,21801.0,2,34.20788001,-118.83962008,3
2015,2015-10-13,650,10,3,6,2,N,A,Y,A,H,A,D,22,N,08,B,,,,,C,Y,N,D,1,0,0,0,22107.0,3,34.14999978,-118.83247543,3
2015,2015-10-28,1750,10,3,17,3,N,A,N,A,H,A,-,,S,08,B,,,,,E,Y,N,D,1,0,0,0,22107.0,3,34.26675941,-119.20071351,4
2015,2015-10-29,805,10,3,8,4,Y,A,N,A,H,A,-,,,08,D,,,,,C,Y,N,D,1,0,0,0,22107.0,2,34.2821301,-119.29618986,3
2015,2015-10-29,1655,10,3,16,4,Y,A,N,A,H,A,L,04,,12,D,,Y,,,G,N,N,A,1,0,1,0,22450.0,2,34.28509,-119.30289998,3
2015,2015-10-29,2300,10,3,23,4,N,A,N,A,H,C,N,60,W,11,G,Y,,,,B,N,F,D,1,1,0,0,21956.0,2,34.26430882,-119.27215926,3
2015,2015-10-31,1415,10,3,14,6,N,A,N,A,H,A,A,01,S,03,C,,,,,C,N,N,A,1,0,0,0,22350.0,2,34.29244296,-119.29748235,4
2015,2015-10-30,2230,10,3,22,5,N,A,N,A,G,C,-,- ,S,00,B,,,,,C,Y,N,A,1,0,0,0,,2,34.25279488,-119.21093398,4
2015,2015-10-29,1236,10,3,12,4,Y,A,N,A,H,A,-,,,09,D,,,,,C,Y,N,A,3,0,0,0,21801.0,2,34.26193008,-119.26440988,3
2015,2015-10-29,1517,10,3,15,4,Y,A,N,A,H,A,-,,,09,A,,,,,C,Y,N,A,3,0,0,0,21801.0,2,34.2788001,-119.20904006,3
2015,2015-11-02,1522,11,3,15,1,Y,C,N,B,H,A,-,,,09,D,,,,,C,Y,N,A,2,0,0,0,21801.0,2,34.27434004,-119.27020995,3
2015,2015-11-04,940,11,3,9,3,Y,A,N,A,H,A,-,- ,,12,D,,,,,D,Y,N,A,2,0,0,0,21453.0,2,34.18494002,-118.78598009,4
2015,2015-08-03,2200,8,2,22,1,N,A,N,A,H,C,N,60,N,11,G,Y,,,,B,N,N,A,1,1,0,0,21453.0,2,34.22188336,-119.06979,3
2015,2015-11-01,302,11,3,3,7,N,A,N,A,H,C,A,01,S,03,E,,,,,I,Y,N,A,2,0,0,0,22350.0,1,34.24165135,-119.01783854,3
2015,2015-10-26,1637,10,3,16,1,Y,A,Y,A,H,A,-,- ,,12,D,,,,,D,Y,N,A,2,0,0,0,21453.0,2,34.18425589,-118.91463717,3
2015,2015-10-26,800,10,3,8,1,Y,A,N,A,H,A,A,01,,09,D,,,,,D,Y,N,A,1,0,0,0,21802.0,2,34.1831001,-118.95361014,3
2015,2015-10-28,1420,10,3,14,3,N,A,Y,A,H,A,A,07,N,21,C,,,,,C,N,N,D,1,0,0,0,22106.0,2,34.15502365,-118.82711893,4
2015,2015-10-29,1155,10,3,11,4,Y,A,Y,A,H,A,A,01,,12,D,,,,,D,Y,N,A,1,0,0,0,21453.0,2,34.18578901,-118.93008964,4
2015,2015-10-27,1140,10,3,11,2,N,A,N,A,H,A,A,07,E,08,E,,,,,I,Y,N,D,1,0,0,0,22107.0,1,34.16207904,-118.95158737,4
2015,2015-10-27,750,10,3,7,2,N,A,N,A,H,A,A,07,N,- ,H,,Y,,,G,N,N,A,1,0,1,0,,2,34.17275823,-118.97540729,4
2015,2015-10-27,657,10,3,6,2,N,A,N,A,H,A,C,02,S,04,F,,,Y,,A,Y,N,D,1,0,0,1,21703.0,1,34.18249625,-118.89193658,4
2015,2015-10-30,1308,10,3,13,5,Y,A,N,A,H,A,A,07,,12,D,,,,,C,Y,N,A,1,0,0,0,21453.0,2,34.27177576,-118.77206683,4
2015,2015-10-28,1453,10,3,14,3,Y,A,N,A,H,A,A,07,,09,D,,,,,C,Y,N,A,1,0,0,0,21801.0,2,34.28625006,-118.69144011,3
2015,2015-10-28,1548,10,3,15,3,N,A,N,A,H,A,A,01,N,03,C,,,,,C,Y,N,D,2,0,0,0,22350.0,2,34.265291,-118.74786885,4
2015,2015-10-23,1711,10,3,17,5,N,A,N,A,H,A,A,07,W,03,C,,,,,C,Y,N,D,1,0,0,0,22350.0,3,34.27906,-118.71861352,4
2015,2015-10-26,1639,10,3,16,1,N,A,N,A,H,A,A,07,E,03,C,,,,,C,Y,N,D,2,0,0,0,22350.0,2,34.2717,-118.74815003,3
2015,2015-10-21,1315,10,3,13,3,N,A,N,A,H,A,A,01,S,08,E,,,,,I,Y,N,D,2,0,0,0,22107.0,2,34.28044521,-118.7089512,3
2015,2015-10-21,1905,10,3,19,3,Y,A,N,A,H,C,A,07,,09,D,,,,,C,Y,N,A,1,0,0,0,21801.0,3,34.27179012,-118.7766901,3
2015,2015-10-20,1526,10,3,15,2,N,A,N,A,H,A,-,99,W,03,C,,,Y,,C,N,F,A,1,0,0,1,22350.0,2,34.29352,-118.70898306,4
2015,2015-10-21,1116,10,3,11,3,N,A,N,A,H,A,A,01,E,09,D,,,,,C,N,N,D,1,0,0,0,21804.0,2,34.28293,-118.77162531,4
2015,2015-10-08,1320,10,3,13,4,Y,A,N,A,H,A,A,07,,12,D,,,,,C,Y,N,A,2,0,0,0,21453.0,2,34.26458007,-118.73049012,4
2015,2015-10-31,2115,10,3,21,6,Y,A,N,A,H,C,A,01,,09,D,,,,,C,Y,N,D,1,0,0,0,21802.0,2,34.23907002,-119.02872014,3
2015,2015-10-27,1848,10,3,18,2,Y,A,N,A,H,C,A,01,,09,H,,,,,C,Y,N,A,3,0,0,0,21801.0,2,34.21656009,-119.06741005,3
2015,2015-10-26,1528,10,3,15,1,Y,A,N,A,H,A,A,07,,09,D,,,,,C,Y,N,A,6,0,0,0,21802.0,2,34.23126009,-119.02855,3
2015,2015-10-31,2025,10,3,20,6,N,A,N,A,H,B,N,60,E,11,D,Y,,,,B,N,N,D,1,1,0,0,21954.0,2,34.40195,-118.92807,3
2015,2015-10-31,1155,10,3,11,6,N,A,N,A,H,A,A,01,W,03,C,,,,,C,N,N,D,1,0,0,0,22350.0,2,34.22074183,-119.05724537,4
2015,2015-10-17,620,10,3,6,6,N,A,Y,A,H,B,A,01,W,09,B,,,,Y,C,Y,N,A,1,0,0,0,21801.0,2,34.39473474,-118.92920121,4
2015,2015-10-11,1314,10,3,13,7,Y,A,N,A,H,A,-,,,03,C,,,,,C,Y,N,A,1,0,0,0,22350.0,2,34.24414009,-119.21508995,4
2015,2015-10-12,1254,10,3,12,1,Y,A,N,A,H,A,-,,,09,D,,,,,C,Y,N,A,1,0,0,0,21801.0,2,34.27478011,-119.26152998,3
2015,2015-10-12,939,10,3,9,1,N,A,N,A,H,A,-,,S,08,C,,,,,E,Y,N,D,1,0,0,0,22107.0,2,34.28884289,-119.29571524,3
2015,2015-10-12,805,10,3,8,1,N,A,N,A,H,A,-,,E,04,-,,,,,C,Y,N,D,1,0,0,0,21703.0,3,34.28711741,-119.20769704,4
2015,2015-10-10,1659,10,3,16,6,Y,A,N,A,H,A,-,,,- ,D,Y,,,,B,N,N,D,1,1,0,0,,2,34.24936383,-119.26108718,3
2015,2015-10-21,1615,10,3,16,3,N,A,N,A,H,A,-,,N,03,C,,,,,C,N,F,A,3,0,0,0,22350.0,3,34.25168698,-119.21169054,4
2015,2015-10-28,1310,10,3,13,3,N,A,N,A,H,A,-,,N,04,C,,,,,C,N,N,D,1,0,0,0,21703.0,2,34.28495005,-119.29974443,4
2015,2015-10-28,1659,10,3,16,3,N,A,N,A,H,A,N,60,W,11,G,Y,,,,B,N,N,A,1,1,0,0,21956.0,2,34.26541138,-119.21285171,3
2015,2015-10-25,1330,10,3,13,7,N,A,N,A,H,A,N,60,N,11,-,Y,,,,B,N,N,A,1,1,0,0,21954.0,2,34.28082,-119.2931,4
2015,2015-10-20,2040,10,3,20,2,Y,A,N,A,H,C,-,,,09,A,,,,,C,Y,N,A,1,0,0,0,21801.0,2,34.25849008,-119.21108991,3
2015,2015-10-12,905,10,3,9,1,Y,A,N,A,H,A,-,,,12,F,,,,,C,Y,N,A,1,0,0,0,21453.0,2,34.27178009,-119.25710994,3
2015,2015-10-16,2106,10,3,21,5,Y,A,N,A,H,C,-,,,21,D,,,,,C,N,N,A,1,0,0,0,22106.0,2,34.27066001,-119.24729994,4
2015,2015-10-18,325,10,3,3,7,N,A,N,A,H,C,-,,S,01,C,,,,,E,Y,N,D,1,0,0,0,23140.0,2,34.2854467,-119.2237544,4
2015,2015-10-25,1803,10,3,18,7,Y,A,N,A,H,A,-,,,12,D,,,,,C,Y,N,A,2,0,0,0,21453.0,2,34.27358007,-119.25973991,4
2015,2015-10-21,1525,10,3,15,3,N,A,N,A,H,A,A,01,E,08,E,,,,,J,Y,N,A,1,0,0,0,22107.0,1,34.26444445,-119.21942737,3
2015,2015-10-26,1311,10,3,13,1,Y,A,N,A,H,A,-,,,09,-,,,,,C,Y,N,A,1,0,0,0,21801.0,2,34.27434004,-119.27020995,4
2015,2015-10-12,744,10,3,7,1,Y,A,N,A,H,A,-,,,08,D,,,,,C,Y,N,D,2,0,0,0,22107.0,3,34.26967004,-119.1830701,3
2015,2015-10-12,1045,10,3,10,1,N,A,N,A,H,A,-,,E,09,D,,,,,C,Y,N,D,3,0,0,0,21804.0,2,34.27828543,-119.28649074,3
2015,2015-10-18,1916,10,3,19,7,Y,A,N,A,H,C,A,01,,12,D,,,,,C,Y,N,A,1,0,0,0,21453.0,2,34.27019003,-119.17936006,4
2015,2015-10-17,910,10,3,9,6,Y,A,N,A,H,A,-,,,09,D,,,,,C,Y,N,D,1,0,0,0,21802.0,2,34.25725005,-119.23252991,3
2015,2015-10-26,2150,10,3,21,1,N,A,N,A,H,C,N,60,W,11,G,Y,,,,B,N,N,A,1,1,0,0,21954.0,2,34.26510157,-119.24619709,3
2015,2015-10-25,1043,10,3,10,7,N,A,N,A,H,A,-,,W,08,D,,Y,,,G,N,N,A,1,0,1,0,22107.0,2,34.28082,-119.29515601,3
2015,2015-10-15,1004,10,3,10,4,Y,B,N,A,H,A,L,04,,12,D,,Y,,,G,N,N,A,1,0,1,0,21453.0,2,34.26106007,-119.21164992,3
2015,2015-10-16,1325,10,3,13,5,N,A,N,A,H,A,A,01,E,08,D,,,,,C,Y,N,D,1,0,0,0,22107.0,2,,,4
2015,2015-10-16,816,10,3,8,5,Y,A,N,A,H,A,L,04,,09,H,,Y,,,G,N,N,A,1,0,1,0,21802.0,2,34.27875,-119.26876988,4
2015,2015-10-17,1330,10,3,13,6,N,A,N,A,H,A,A,01,N,08,D,,,,,C,Y,N,D,1,0,0,0,22107.0,2,34.27347,-119.28453,3
2015,2015-10-26,1700,10,3,17,1,N,A,N,A,H,A,A,07,W,08,H,,,,,C,Y,N,D,2,0,0,0,22107.0,2,34.22101,-119.05203142,4
2015,2015-10-26,1642,10,3,16,1,N,A,N,A,H,A,A,01,N,08,E,,,,,I,Y,N,A,2,0,0,0,22107.0,1,34.15726,-118.81293,3
2015,2015-10-26,848,10,3,8,1,Y,A,N,A,H,A,A,07,,09,D,,,,,C,Y,N,A,1,0,0,0,21804.0,2,34.17813008,-118.85302009,3
2015,2015-10-06,1617,10,3,16,2,N,A,Y,A,H,A,A,01,E,17,C,,,,,C,Y,N,D,2,0,0,0,21461.0,2,34.23926174,-118.84061347,3
2015,2015-11-02,1717,11,3,17,1,N,B,N,B,H,A,A,01,W,21,C,,,,,E,N,N,D,1,0,0,0,22106.0,2,34.22953053,-118.79874597,4
2015,2015-11-29,1127,11,3,11,7,N,A,N,A,H,A,A,01,N,09,A,,,,,C,N,N,A,1,0,0,0,21802.0,2,34.39787163,-118.92873451,3
2015,2015-11-09,1815,11,3,18,1,N,A,N,A,H,D,C,02,E,01,C,,,Y,,C,Y,M,D,1,0,0,1,23152.0,2,34.19936898,-118.86284433,3
2015,2015-11-09,1732,11,3,17,1,Y,A,N,A,H,C,L,04,,05,H,,Y,,,G,N,N,A,1,0,1,0,21650.0,2,34.16096012,-118.83796,4
2015,2015-11-05,1703,11,3,17,4,N,A,N,A,H,C,A,07,E,03,C,,,,,C,Y,N,A,2,0,0,0,22350.0,3,34.21807,-118.86824475,4