ACCIDENT_YEAR,COLLISION_DATE,COLLISION_TIME,MONTH,SEASON,24HOURS,DAY_OF_WEEK,INTERSECTION,WEATHER_1,STATE_HWY_IND,ROAD_SURFACE,ROAD_COND_1,LIGHTING,STWD_VEHTYPE_AT_FAULT,CHP_VEHTYPE_AT_FAULT,DIRECTION,PCF_VIOL_CATEGORY,TYPE_OF_COLLISION,PEDESTRIAN_ACCIDENT,BICYCLE_ACCIDENT,MOTORCYCLE_ACCIDENT,TRUCK_ACCIDENT,MVIW,TOW_AWAY,HIT_AND_RUN,CONTROL_DEVICE,NUMBER_INJURED,COUNT_PED_INJURED,COUNT_BICYCLIST_INJURED,COUNT_MC_INJURED,PCF_VIOLATION,PARTY_COUNT,POINT_Y,POINT_X,COLLISION_SEVERITY
2016,2016-12-02,2313,12,4,23,5,Y,A,N,A,H,C,A,07,,09,D,,,,,C,Y,N,D,1,0,0,0,21801.0,2,34.27168003,-118.73053012,3
2016,2016-12-12,1452,12,4,14,1,N,B,N,A,H,A,A,07,S,03,C,,,,,C,N,N,A,1,0,0,0,22350.0,2,34.2716061,-118.74378,4
2016,2016-11-26,955,11,3,9,6,N,A,Y,A,H,A,A,01,S,03,C,,,,,C,Y,N,A,2,0,0,0,22350.0,3,34.28213055,-118.78192418,4
2016,2016-11-18,1114,11,3,11,5,Y,A,N,A,H,A,F,26,,09,D,,,,Y,C,Y,N,A,1,0,0,0,21453.0,2,34.27167005,-118.71733007,3
2016,2016-11-22,1549,11,3,15,2,N,A,N,A,H,A,D,22,E,08,D,,,,,C,Y,N,D,1,0,0,0,22100.0,2,34.27327733,-118.70769408,4
2016,2016-11-23,1754,11,3,17,3,N,A,N,A,H,C,A,01,W,03,C,,,,,C,N,N,D,1,0,0,0,22350.0,2,34.26444417,-118.7794165,4
2016,2016-11-28,1604,11,3,16,1,N,A,N,A,H,A,A,01,N,08,C,,,,,E,Y,N,D,1,0,0,0,22107.0,2,34.28652314,-118.67861867,4
2016,2016-11-28,1721,11,3,17,1,Y,A,N,A,H,C,L,04,,03,H,,Y,,,G,N,N,A,1,0,1,0,22350.0,2,34.28643002,-118.74182007,4
2016,2016-11-29,1550,11,3,15,2,N,A,N,A,H,A,A,01,E,03,C,,,,,C,Y,N,A,1,0,0,0,22350.0,2,34.27901,-118.7355739,4
2016,2016-11-29,1647,11,3,16,2,N,A,N,A,H,C,A,01,E,09,D,,,,,C,Y,N,D,1,0,0,0,21801.0,2,34.28212669,-118.79697015,4
2016,2016-11-21,1940,11,3,19,1,N,A,N,A,H,C,A,01,E,09,A,,,,,C,Y,N,A,1,0,0,0,21801.0,2,34.26364,-118.76138,4
2016,2016-11-19,2228,11,3,22,6,N,A,N,A,H,C,A,01,E,08,C,,,,,E,Y,N,D,1,0,0,0,22107.0,2,34.27902,-118.76689199,3
2016,2016-11-22,1150,11,3,11,2,Y,A,N,A,H,A,A,01,,12,D,,,,,C,N,N,A,3,0,0,0,21453.0,2,34.27168003,-118.73053012,4
2016,2016-11-23,1741,11,3,17,3,N,A,N,A,H,C,-,- ,E,00,A,,,,,C,N,N,D,1,0,0,0,,2,34.27174164,-118.67709135,4
2016,2016-11-20,653,11,3,6,7,Y,B,Y,A,H,A,A,01,,12,D,,,,,C,Y,N,A,1,0,0,0,21453.0,2,34.28242662,-118.74057803,4
2016,2016-12-08,824,12,4,8,4,Y,A,N,A,H,A,A,01,,09,D,,,,,D,Y,N,D,1,0,0,0,21802.0,2,34.18083005,-118.78675011,2
2016,2016-12-10,1518,12,4,15,6,N,B,N,A,H,A,A,01,W,03,C,,,,,C,Y,N,A,1,0,0,0,22350.0,2,34.15908408,-118.81908825,4
2016,2016-09-27,1421,9,3,14,2,Y,A,Y,A,H,A,D,22,,12,D,,,,,D,Y,N,A,1,0,0,0,21453.0,2,34.15468176,-118.82713487,4
2016,2016-09-28,736,9,3,7,3,N,A,N,A,H,A,A,08,W,21,C,,,,,C,N,N,A,1,0,0,0,22106.0,2,34.16095501,-118.8229871,4
2016,2016-09-29,758,9,3,7,4,Y,A,N,A,H,A,A,01,,12,D,,,,,D,Y,N,A,2,0,0,0,21453.0,4,34.17660001,-118.91118003,4
2016,2016-09-29,1342,9,3,13,4,N,A,N,A,H,A,A,01,E,03,C,,,,,C,N,N,A,2,0,0,0,22350.0,2,34.19925548,-118.86102793,4
2016,2016-09-29,1922,9,3,19,4,N,A,N,A,H,C,-,,W,03,C,,,,,D,Y,N,A,1,0,0,0,22350.0,3,34.26413,-119.24315,4
2016,2016-09-29,2044,9,3,20,4,N,A,N,A,H,C,-,,E,01,-,,,,,-,Y,F,-,1,0,0,0,23153.0,3,34.27952,-119.30063773,4
2016,2016-09-25,50,9,3,0,7,N,A,N,A,H,C,A,01,N,04,C,,,,,C,Y,N,D,1,0,0,0,21703.0,2,34.18769693,-118.94247993,4
2016,2016-09-25,1149,9,3,11,7,Y,A,N,A,H,A,D,22,,12,D,,,,,D,Y,N,A,1,0,0,0,21453.0,2,34.19682004,-118.82287002,4
2016,2016-09-18,1032,9,3,10,7,Y,A,Y,A,H,A,A,07,,09,G,Y,,,,B,N,N,A,2,2,0,0,21453.0,3,34.15590211,-118.82230861,2
2016,2016-09-20,1002,9,3,10,2,N,A,N,A,H,A,L,04,S,09,B,,Y,,,G,N,N,A,1,0,1,0,21804.0,2,34.27757835,-119.21178289,4
2016,2016-09-23,1704,9,3,17,5,N,A,N,A,H,A,L,04,N,08,D,,Y,,,G,N,N,D,1,0,1,0,22100.0,2,34.2592853,-119.23508441,3
2016,2016-09-23,1015,9,3,10,5,N,A,N,A,H,A,-,- ,E,00,-,,Y,,,G,N,N,A,1,0,1,0,,2,34.26795502,-119.21430344,3
2016,2016-09-24,1125,9,3,11,6,N,A,N,A,H,A,-,,N,03,C,,,,,C,Y,F,A,1,0,0,0,22350.0,2,34.27315677,-119.24777723,4
2016,2016-09-27,1715,9,3,17,2,Y,A,N,A,H,A,A,07,,12,H,,,,,C,Y,N,A,1,0,0,0,21453.0,2,34.16212008,-118.83819001,4
2016,2016-09-13,637,9,3,6,2,N,A,N,A,H,A,-,,N,00,D,,,,,C,Y,N,A,1,0,0,0,22453.0,3,34.27052076,-119.21336395,3
2016,2016-09-28,952,9,3,9,3,N,A,N,A,H,A,-,,W,12,D,,,,,C,N,N,A,1,0,0,0,21453.0,2,34.26137439,-119.23306512,4
2016,2016-09-23,2106,9,3,21,5,N,A,N,A,H,C,C,02,E,05,E,,,Y,,I,N,N,D,1,0,0,1,21650.0,1,34.15703632,-118.98908816,3
2016,2016-09-25,1930,9,3,19,7,N,A,N,A,H,D,C,02,W,06,C,,,Y,,C,N,N,D,1,0,0,1,21755.0,2,34.19998245,-118.87236959,4
2016,2016-09-20,1901,9,3,19,2,N,A,N,A,H,B,C,02,S,03,E,,,Y,,I,N,N,D,1,0,0,1,22350.0,1,34.40684577,-118.92470983,3
2016,2016-09-23,1513,9,3,15,5,N,A,N,A,D,A,A,01,N,03,E,,,,,I,Y,N,A,1,0,0,0,22350.0,1,34.22711107,-118.98679009,2
2016,2016-09-26,1530,9,3,15,1,N,A,N,A,H,A,L,04,S,05,D,,Y,,,G,N,N,A,1,0,1,0,21650.0,2,34.23988563,-119.00794998,3
2016,2016-09-24,1556,9,3,15,6,Y,A,N,A,H,A,A,01,,21,C,,,,,C,N,N,A,1,0,0,0,22106.0,2,34.217835,-119.06976,4
2016,2016-09-23,1558,9,3,15,5,Y,A,N,A,H,A,A,01,,12,D,,,,,C,Y,N,A,2,0,0,0,22450.0,2,34.22919007,-119.03907002,4
2016,2016-09-24,726,9,3,7,6,Y,A,N,A,H,A,A,01,,09,D,,,,,D,N,N,A,1,0,0,0,21802.0,2,34.4543801,-119.23347999,4
2016,2016-09-30,1449,9,3,14,5,N,A,Y,A,H,A,L,04,E,05,D,,Y,,,G,N,N,D,1,0,1,0,21650.0,2,34.44837994,-119.23786451,4
2016,2016-09-14,1906,9,3,19,3,N,A,N,A,H,B,A,07,E,10,G,Y,,,,B,N,N,D,1,1,0,0,21950.0,2,34.40269987,-118.91316598,3
2016,2016-10-01,2247,10,3,22,6,N,A,N,A,H,C,A,01,S,01,E,,,,,I,Y,N,A,2,0,0,0,23152.0,1,,,2
2016,2016-09-28,1624,9,3,16,3,N,A,N,A,H,A,D,22,N,03,C,,,,,C,Y,N,D,1,0,0,0,22350.0,2,34.2334827,-118.97270743,4
2016,2016-10-04,1542,10,3,15,2,Y,A,N,A,H,A,A,01,,09,D,,,,,C,Y,N,A,2,0,0,0,21802.0,2,34.21806256,-119.05757631,3
2016,2016-10-13,1653,10,3,16,4,N,A,N,A,H,A,A,01,E,09,B,,,,,C,N,N,A,1,0,0,0,21804.0,2,34.27979475,-119.15787404,2
2016,2016-10-06,1743,10,3,17,4,N,A,N,A,H,A,A,01,W,03,-,,,,,C,N,N,A,3,0,0,0,22350.0,2,34.27825,-119.29316912,4
2016,2016-10-05,1652,10,3,16,3,N,A,N,A,H,A,C,02,S,03,C,,,Y,,-,N,N,-,1,0,0,1,22350.0,2,34.29034137,-119.29810062,4
2016,2016-10-08,1628,10,3,16,6,N,A,N,A,H,A,A,01,W,09,H,,,,,C,N,N,D,1,0,0,0,21804.0,2,34.26448755,-119.26984727,3
2016,2016-10-07,818,10,3,8,5,N,A,N,A,H,A,A,01,S,03,C,,,,,C,Y,N,A,1,0,0,0,22350.0,2,34.27291614,-119.26659913,4
2016,2016-10-09,944,10,3,9,7,N,A,N,A,H,A,-,- ,E,08,E,,,Y,,I,N,N,D,1,0,0,1,22107.0,1,34.27814409,-119.21365134,3
2016,2016-10-09,224,10,3,2,7,Y,A,N,A,H,C,A,01,,01,D,,,,,C,Y,N,A,2,0,0,0,23152.0,2,34.246944,-119.1948885,4
2016,2016-10-12,1833,10,3,18,3,N,A,N,A,H,B,A,01,S,08,C,,,,,C,N,N,A,1,0,0,0,22107.0,2,34.27818422,-119.29305571,4
2016,2016-10-10,1708,10,3,17,1,N,A,N,A,H,A,A,01,N,08,D,,Y,,,G,N,N,A,1,0,1,0,22107.0,2,34.26507323,-119.24604559,3
2016,2016-10-11,1809,10,3,18,2,N,A,N,A,H,A,L,04,N,09,D,,Y,,,G,N,N,D,1,0,1,0,21804.0,2,34.28751963,-119.29692946,3
2016,2016-09-12,848,9,3,8,1,N,A,Y,A,H,A,A,01,E,03,C,,,,,C,N,N,A,4,0,0,0,22350.0,3,34.27900867,-118.88823148,4
2016,2016-11-09,1528,11,3,15,3,N,A,N,A,H,A,-,,W,03,C,,,,,C,N,N,A,2,0,0,0,22350.0,3,34.2769188,-119.22234671,3
2016,2016-11-02,743,11,3,7,3,N,A,N,A,H,A,-,,S,03,E,,,,,-,N,N,A,1,0,0,0,22350.0,1,34.26810003,-119.21303994,4
2016,2016-09-29,1359,9,3,13,4,Y,A,N,A,H,A,N,60,,11,G,Y,,,,B,N,N,D,1,1,0,0,21950.0,2,34.26176008,-119.19935001,4
2016,2016-09-29,1719,9,3,17,4,N,A,N,A,H,A,A,01,S,03,C,,,,,C,N,N,D,3,0,0,0,22350.0,2,34.26731005,-119.2465999,4
2016,2016-09-24,1624,9,3,16,6,N,A,N,A,H,-,-,,E,09,D,,,,,C,Y,N,D,2,0,0,0,21801.0,2,34.26685804,-119.27223007,3
2016,2016-09-30,909,9,3,9,5,N,A,Y,A,H,A,G,27,E,03,C,,,,Y,C,Y,N,A,3,0,0,0,22350.0,4,34.27899884,-118.87405327,4
2016,2016-09-24,723,9,3,7,6,Y,A,N,A,H,A,A,01,,12,D,,,,,C,Y,N,A,3,0,0,0,21453.0,2,34.26821004,-118.89698008,4
2016,2016-09-17,811,9,3,8,6,N,A,N,A,H,A,A,01,E,03,C,,,,Y,C,Y,N,-,1,0,0,0,22350.0,3,,,4
2016,2016-09-30,1719,9,3,17,5,N,A,N,A,H,A,A,07,E,21,C,,,,,C,N,N,A,1,0,0,0,22106.0,3,34.26371712,-118.86045698,4
2016,2016-09-15,1300,9,3,13,4,N,A,Y,A,H,A,A,01,W,09,H,,,,,D,Y,N,D,2,0,0,0,21801.0,2,34.27887865,-118.88605228,4
2016,2016-09-13,1201,9,3,12,2,N,A,N,A,H,A,C,02,E,22,F,,,Y,,A,N,N,A,1,0,0,1,,1,34.26349,-118.87809161,3
2016,2016-09-19,1752,9,3,17,1,N,A,Y,A,H,A,A,01,E,03,C,,,,,C,Y,N,A,5,0,0,0,22350.0,3,34.2789966,-118.89548823,3
2016,2016-09-12,1319,9,3,13,1,Y,A,N,A,H,A,A,01,,12,H,,,,,C,Y,N,A,2,0,0,0,21453.0,2,34.28810008,-118.85827008,4
2016,2016-09-15,1128,9,3,11,4,Y,A,N,A,H,A,A,08,,12,D,,,,,C,Y,N,A,4,0,0,0,21453.0,2,34.28282009,-118.87472001,4
2016,2016-09-03,1511,9,3,15,6,N,A,N,A,H,A,A,01,S,05,E,,,,,I,Y,N,D,1,0,0,0,21650.0,1,34.29997393,-118.87460232,3
2016,2016-10-03,1019,10,3,10,1,N,A,N,A,H,A,L,04,E,07,B,,Y,,,G,N,N,A,1,0,1,0,21658.0,2,34.29815841,-118.76335478,3
2016,2016-10-03,1219,10,3,12,1,N,A,N,A,H,A,D,22,N,09,D,,,,,C,N,N,A,1,0,0,0,21453.0,2,34.27826646,-118.79647971,4
2016,2016-09-26,2207,9,3,22,1,N,A,N,A,H,C,-,- ,E,08,C,,,,,E,Y,N,D,1,0,0,0,22107.0,2,34.26345352,-118.73733397,3
2016,2016-10-05,1856,10,3,18,3,Y,A,N,A,H,B,D,22,,09,D,,,,,C,Y,N,A,1,0,0,0,21801.0,2,34.2700001,-118.7614,3
2016,2016-09-24,1704,9,3,17,6,N,A,N,A,H,A,-,,,09,D,,,,,C,Y,N,D,3,0,0,0,21804.0,2,34.28562339,-118.81563663,4
2016,2016-09-26,1310,9,3,13,1,N,A,N,A,H,A,A,01,W,08,F,,,,,A,Y,N,D,1,0,0,0,22107.0,1,34.28799,-118.82693,4
2016,2016-09-26,1524,9,3,15,1,Y,A,N,A,H,A,L,04,,09,D,,Y,,,G,N,N,A,1,0,1,0,21804.0,2,34.27180006,-118.77014008,4
2016,2016-09-30,742,9,3,7,5,N,A,N,A,H,A,A,01,N,21,B,,,,,C,N,N,D,1,0,0,0,22106.0,2,34.27190834,-118.79096,4
2016,2016-09-30,320,9,3,3,5,N,A,N,A,H,D,N,60,E,11,G,Y,,,,B,N,N,D,1,1,0,0,21955.0,2,34.27901262,-118.74669592,4
2016,2016-10-01,2340,10,3,23,6,N,A,N,A,H,C,A,01,W,03,C,,,,,E,Y,F,D,1,0,0,0,22350.0,2,34.27566314,-118.77392256,4
2016,2016-10-03,1851,10,3,18,1,Y,A,N,A,H,C,A,01,,12,A,,,,,C,Y,N,A,2,0,0,0,21453.0,2,34.2863801,-118.71784009,3
2016,2016-10-04,745,10,3,7,2,Y,A,N,A,H,A,-,,,08,E,,Y,,,A,N,N,A,1,0,1,0,22107.0,2,34.27801008,-119.2146299,4
2016,2016-10-03,927,10,3,9,1,Y,A,N,A,H,A,-,,,09,D,,,,,C,Y,N,A,1,0,0,0,21801.0,2,34.24414009,-119.21508995,4
2016,2016-10-05,1053,10,3,10,3,Y,A,Y,A,H,A,-,99,,08,B,,,,,C,N,F,A,1,0,0,0,22101.0,2,34.26510112,-119.23858592,4
2016,2016-10-01,1852,10,3,18,6,Y,A,N,A,H,B,-,,,09,A,,,,,C,Y,N,A,1,0,0,0,21801.0,2,34.27952006,-119.30076993,4
2016,2016-10-04,1901,10,3,19,2,Y,A,N,A,-,C,A,07,,12,-,,,,,D,N,N,A,3,0,0,0,21453.0,2,34.26631002,-119.20647002,3
2016,2016-09-14,1235,9,3,12,3,N,A,Y,A,H,A,-,,W,08,D,,,,,E,Y,N,D,2,0,0,0,22107.0,3,34.39601062,-118.91979585,3
2016,2016-09-29,1738,9,3,17,4,N,A,N,A,H,A,A,01,W,03,C,,,,,C,Y,N,A,1,0,0,0,22350.0,2,,,4
2016,2016-08-28,223,8,2,2,7,N,A,N,A,H,C,A,01,E,05,E,,,,,I,Y,N,D,1,0,0,0,21651.0,1,34.2699505,-118.89990242,4
2016,2016-10-04,1147,10,3,11,2,N,A,Y,A,G,A,A,08,E,04,C,,,,,C,N,N,D,1,0,0,0,21703.0,2,34.15209727,-118.82901967,4
2016,2016-10-04,1050,10,3,10,2,N,A,N,A,H,A,A,07,S,04,C,,,,,C,N,N,A,1,0,0,0,21703.0,2,34.16087612,-118.82283622,4
2016,2016-10-06,841,10,3,8,4,Y,A,N,A,H,A,A,07,,09,D,,,,,D,Y,N,A,1,0,0,0,21802.0,2,34.16232001,-118.94849006,4
2016,2016-10-04,1153,10,3,11,2,N,A,N,A,H,A,-,- ,E,18,E,,,,,H,N,N,D,1,0,0,0,,1,34.19438837,-118.802086,4
2016,2016-10-01,1245,10,3,12,6,N,A,N,A,H,A,A,07,S,21,D,,,,,C,Y,N,D,1,0,0,0,22106.0,2,34.21960479,-119.09602908,4
2016,2016-10-06,1536,10,3,15,4,N,A,N,A,H,A,A,01,W,04,C,,,,,C,Y,N,D,2,0,0,0,21703.0,2,34.20521218,-118.87755809,4
2020,2020-12-27,300,12,4,3,7,N,A,N,A,H,C,A,01,E,01,C,,,,,E,Y,N,D,1,0,0,0,23152.0,2,34.26570510864258,-118.76108551025392,3
2016,2016-10-05,1511,10,3,15,3,N,A,N,A,H,A,A,01,N,03,C,,,,,C,N,F,D,1,0,0,0,22350.0,2,34.20551233,-119.03153049,4
2016,2016-10-05,559,10,3,5,3,N,A,N,A,H,A,A,01,E,05,E,,,,,I,Y,N,D,1,0,0,0,21651.0,1,34.21642334,-119.02958407,3
2016,2016-10-05,550,10,3,5,3,N,A,Y,A,H,E,A,01,S,10,G,Y,,,,B,N,N,A,1,1,0,0,21950.0,2,34.21926216,-119.07310112,3
2016,2016-09-27,1921,9,3,19,2,N,A,N,A,H,B,A,01,E,08,E,,,,,I,Y,N,D,1,0,0,0,22107.0,1,34.22389613,-118.99410211,2
2017,2017-08-16,1355,8,2,13,3,Y,A,N,A,H,A,F,26,,12,D,,,,Y,C,Y,N,A,2,0,0,0,21453.0,2,34.20851012,-119.22099998,3
2016,2016-10-07,1157,10,3,11,5,N,A,Y,A,H,A,A,01,E,07,B,,,,,C,N,N,D,1,0,0,0,21658.0,2,34.23926174,-118.84061347,4
2016,2016-10-04,1803,10,3,18,2,N,A,N,A,H,B,L,04,S,09,H,,Y,,,G,N,N,A,1,0,1,0,21804.0,2,34.21824439,-119.00518092,4
2016,2016-10-07,1532,10,3,15,5,N,A,N,A,H,A,A,07,S,03,C,,,,,C,Y,N,A,2,0,0,0,22350.0,2,34.22557991,-118.98951683,4
2016,2016-10-06,1932,10,3,19,4,Y,A,N,A,H,C,A,07,,10,G,Y,,,,B,N,N,A,1,1,0,0,21950.0,2,34.22361001,-119.04280003,3
2016,2016-10-13,1839,10,3,18,4,Y,A,N,A,H,C,A,01,,09,H,,,Y,,C,Y,N,D,1,0,0,1,21801.0,2,34.23180001,-119.07355011,2
2016,2016-10-13,800,10,3,8,4,N,A,N,A,H,A,A,07,E,10,G,Y,,,,B,N,N,A,1,1,0,0,21950.0,2,34.22358055,-119.04741697,4
2016,2016-10-05,732,10,3,7,3,Y,A,Y,A,H,A,A,07,,09,D,,,,,C,Y,N,A,2,0,0,0,21801.0,2,34.39854242,-118.89857587,4
2016,2016-10-07,1056,10,3,10,5,N,A,N,A,H,A,A,07,E,09,D,,,,,C,Y,N,A,1,0,0,0,21453.0,2,34.23786248,-119.03374931,4
2016,2016-10-13,1245,10,3,12,4,N,A,N,A,H,A,A,07,N,03,C,,,,,C,Y,F,A,1,0,0,0,22350.0,3,34.22280688,-119.03905753,4
2016,2016-09-29,1655,9,3,16,4,Y,A,N,A,H,A,A,08,,10,G,Y,,,,B,N,N,D,1,1,0,0,21950.0,2,34.44796005,-119.24297987,4
2016,2016-09-03,1443,9,3,14,6,N,A,N,A,H,A,A,01,S,03,C,,,,Y,C,Y,N,A,1,0,0,0,22350.0,3,34.16783996,-119.19502133,4
2016,2016-10-08,1742,10,3,17,6,Y,A,Y,A,H,A,-,,,01,D,,,,,C,Y,F,A,1,0,0,0,23153.0,2,34.28213289,-118.76468141,3
2016,2016-10-11,1141,10,3,11,2,Y,A,N,A,H,A,A,01,,09,D,,,,,C,Y,N,A,2,0,0,0,21801.0,2,34.28988008,-118.71765009,3
2016,2016-10-10,1730,10,3,17,1,Y,A,N,A,H,A,A,07,,09,D,,,,,C,Y,N,D,2,0,0,0,21801.0,2,34.27181004,-118.78123,4
2016,2016-10-09,1431,10,3,14,7,N,A,N,A,H,A,A,01,,08,D,,,Y,,C,Y,N,D,1,0,0,1,22107.0,2,34.26364011,-118.76138004,2
2016,2016-10-16,2030,10,3,20,7,N,A,N,A,H,C,A,01,N,08,C,,,,,E,Y,N,D,2,0,0,0,22107.0,4,34.27615162,-118.74384,3
2016,2016-10-04,1336,10,3,13,2,Y,A,N,A,H,A,-,- ,,00,D,,,,,C,Y,N,A,1,0,0,0,,2,34.27907,-118.71110004,4
2016,2016-10-06,1757,10,3,17,4,Y,A,N,A,H,A,A,01,,12,D,,,,,C,Y,N,A,1,0,0,0,21453.0,2,34.25371007,-118.81576014,4
2016,2016-10-15,304,10,3,3,6,N,A,N,A,H,C,D,22,W,08,E,,,,,I,Y,N,D,1,0,0,0,22107.0,1,34.2609685,-118.7574932,3
2016,2016-10-16,1233,10,3,12,7,N,B,N,A,H,A,A,01,E,07,B,,,,,C,Y,N,D,1,0,0,0,21658.0,2,34.28293,-118.77169803,4
2016,2016-10-18,1519,10,3,15,2,N,A,N,A,H,A,D,22,W,10,D,,Y,,,G,N,N,A,1,0,1,0,21950.0,2,34.27165047,-118.74380643,3
2016,2016-10-17,1433,10,3,14,1,Y,A,N,A,H,A,-,- ,,00,D,,,,,C,Y,N,A,2,0,0,0,,2,34.2700001,-118.7614,4
2016,2016-10-05,1814,10,3,18,3,N,A,N,A,H,A,A,01,N,09,D,,,,,C,Y,N,D,2,0,0,0,21804.0,2,34.28308544,-118.67951544,4
2016,2016-10-17,1343,10,3,13,1,N,A,N,A,H,A,D,22,N,08,H,,,,,C,Y,F,D,3,0,0,0,21460.0,2,34.2042332,-118.83915922,3
2016,2016-10-17,913,10,3,9,1,Y,A,N,A,H,A,A,07,,12,D,,,,,C,Y,N,A,2,0,0,0,21453.0,3,34.27901005,-118.73564006,4
2016,2016-10-15,1126,10,3,11,6,Y,A,N,A,H,A,A,07,,17,D,,,,,C,Y,N,A,1,0,0,0,21451.0,2,34.26074011,-118.79632003,4
2016,2016-10-06,1524,10,3,15,4,N,A,N,A,H,A,A,01,S,08,C,,,,,C,Y,N,D,2,0,0,0,22107.0,2,34.19323361,-118.83982461,4
2016,2016-10-12,704,10,3,7,3,N,A,N,A,H,A,A,01,W,08,C,,,,,E,Y,N,D,1,0,0,0,22107.0,2,34.26084144,-118.75406968,4
2016,2016-10-14,1847,10,3,18,5,Y,A,N,A,H,A,A,01,,09,D,,,Y,,C,Y,N,A,1,0,0,1,21801.0,2,34.27174003,-118.67371008,4
2016,2016-10-17,1324,10,3,13,1,Y,A,N,A,H,A,-,- ,,12,D,,,,,D,Y,N,A,1,0,0,0,21453.0,2,34.14919005,-118.82244006,3
2016,2016-10-04,1934,10,3,19,2,Y,A,N,A,H,C,-,- ,,00,A,,,,,C,Y,N,A,1,0,0,0,,2,34.2717401,-118.67840008,4
2016,2016-10-12,1700,10,3,17,3,Y,A,N,A,H,A,A,01,,09,A,,,,,C,N,N,A,2,0,0,0,21801.0,2,34.2717401,-118.67840008,3
2016,2016-10-18,1340,10,3,13,2,Y,A,N,A,H,A,D,22,,12,D,,,,,D,Y,N,A,1,0,0,0,21453.0,2,34.18116005,-118.88188011,4
2016,2016-10-14,1841,10,3,18,5,Y,A,N,A,H,A,A,01,,09,A,,,,,C,Y,N,A,1,0,0,0,21801.0,2,34.26448003,-118.76889012,4
2016,2016-10-25,800,10,3,8,2,Y,A,N,A,H,A,L,04,,05,H,,Y,,,G,N,N,D,1,0,1,0,21650.0,2,34.21140011,-118.83735001,3
2016,2016-10-21,1546,10,3,15,5,N,A,N,A,H,A,A,08,E,09,G,Y,,,,B,N,F,D,1,1,0,0,21804.0,2,34.15422745,-118.82619917,3
2016,2016-10-11,801,10,3,8,2,Y,B,N,A,H,A,A,07,,09,G,,,,,C,Y,N,A,2,0,0,0,21453.0,2,34.15835002,-118.97021008,3
2016,2016-10-07,811,10,3,8,5,Y,A,N,A,H,A,A,01,,09,G,,,,,C,Y,N,A,3,0,0,0,21801.0,2,34.20788001,-118.83962008,3
2016,2016-10-12,1644,10,3,16,3,N,A,N,A,H,A,A,01,W,03,C,,,,,C,N,F,A,1,0,0,0,22350.0,2,34.22080584,-118.88956167,4
2016,2016-10-18,1347,10,3,13,2,Y,A,N,A,H,A,A,01,,09,H,,,,,C,Y,N,A,1,0,0,0,21801.0,2,34.17940003,-118.84117012,4
2016,2016-10-20,1421,10,3,14,4,N,A,N,A,H,A,A,01,N,08,H,,,,,C,Y,N,A,3,0,0,0,21460.0,3,34.18772995,-118.94240012,3
2016,2016-10-13,2307,10,3,23,4,Y,A,N,A,H,C,A,07,,01,E,,,,,I,Y,N,D,1,0,0,0,23152.0,1,34.22035003,-118.90277003,4
2016,2016-10-15,1456,10,3,14,6,Y,B,N,A,H,A,A,01,,08,C,,,,,C,Y,N,D,1,0,0,0,22100.0,2,34.16713005,-118.83727001,4
2016,2016-10-16,1740,10,3,17,7,N,A,N,A,H,A,A,01,N,09,G,,,,,C,Y,N,D,1,0,0,0,21801.0,2,34.18702164,-118.87903254,4
2016,2016-10-16,730,10,3,7,7,N,B,N,B,H,A,A,07,N,03,E,,,,,I,Y,N,D,1,0,0,0,22350.0,1,34.15865,-118.99078,4
2016,2016-10-17,1910,10,3,19,1,Y,A,N,A,H,C,A,01,,09,H,,,,,C,Y,N,A,1,0,0,0,21801.0,2,34.20788001,-118.83962008,4
2016,2016-10-17,853,10,3,8,1,N,B,N,B,H,A,A,01,E,04,C,,,,,C,Y,N,D,1,0,0,0,21703.0,2,34.18213895,-118.85456997,4
2016,2016-10-15,1137,10,3,11,6,Y,A,Y,A,H,A,A,01,,17,D,,,,,D,Y,N,A,1,0,0,0,21451.0,2,34.14719983,-118.8428455,4
2016,2016-08-31,2313,8,2,23,3,Y,A,N,A,H,C,-,- ,,00,H,,Y,,,I,N,N,D,1,0,1,0,,1,34.28919002,-118.70891005,2
2016,2016-10-19,730,10,3,7,3,Y,A,N,A,H,A,-,,,09,B,,,,,C,Y,N,A,1,0,0,0,21801.0,2,34.26103006,-119.19920002,4
2016,2016-10-20,725,10,3,7,4,N,A,N,A,H,A,-,,N,03,C,,,,,C,N,N,A,1,0,0,0,22350.0,2,34.24702697,-119.1947937,4
2016,2016-10-21,1754,10,3,17,5,N,A,N,A,H,A,-,,N,09,D,,,,,C,Y,N,D,4,0,0,0,21802.0,2,34.27454558,-119.2712771,3
2016,2016-10-20,1543,10,3,15,4,Y,A,N,A,H,A,-,,,08,D,,Y,,,G,N,N,A,1,0,1,0,22107.0,2,34.27801008,-119.2146299,3
2016,2016-10-19,2108,10,3,21,3,N,A,N,A,H,C,-,,S,10,G,Y,,,,B,N,F,A,1,1,0,0,21950.0,2,34.29244825,-119.29748058,3
2016,2016-10-18,2109,10,3,21,2,Y,A,N,A,H,C,-,,,09,D,,,,,C,Y,N,A,2,0,0,0,21453.0,2,34.25716008,-119.23504993,4
2016,2016-10-14,1514,10,3,15,5,N,A,N,A,H,A,-,,W,03,B,Y,,,,B,N,N,A,1,1,0,0,22350.0,2,34.26815395,-119.1937123,4
2016,2016-10-15,1334,10,3,13,6,Y,A,N,A,-,-,-,,,09,-,,,,,C,Y,N,A,2,0,0,0,21801.0,2,34.25962005,-119.21894998,4
2016,2016-10-20,1650,10,3,16,4,N,A,N,A,H,A,-,,E,03,C,,,,,C,N,N,A,1,0,0,0,22350.0,2,34.25526626,-119.21647089,4