ACCIDENT_YEAR,COLLISION_DATE,COLLISION_TIME,MONTH,SEASON,24HOURS,DAY_OF_WEEK,INTERSECTION,WEATHER_1,STATE_HWY_IND,ROAD_SURFACE,ROAD_COND_1,LIGHTING,STWD_VEHTYPE_AT_FAULT,CHP_VEHTYPE_AT_FAULT,DIRECTION,PCF_VIOL_CATEGORY,TYPE_OF_COLLISION,PEDESTRIAN_ACCIDENT,BICYCLE_ACCIDENT,MOTORCYCLE_ACCIDENT,TRUCK_ACCIDENT,MVIW,TOW_AWAY,HIT_AND_RUN,CONTROL_DEVICE,NUMBER_INJURED,COUNT_PED_INJURED,COUNT_BICYCLIST_INJURED,COUNT_MC_INJURED,PCF_VIOLATION,PARTY_COUNT,POINT_Y,POINT_X,COLLISION_SEVERITY
2016,2016-11-11,702,11,3,7,5,N,A,N,A,H,A,A,01,E,03,C,,,,,E,Y,N,D,1,0,0,0,22350.0,2,34.2668752,-119.25489419,3
2016,2016-11-07,1413,11,3,14,1,N,A,N,A,H,A,A,01,W,08,-,,,,,C,Y,N,A,2,0,0,0,22107.0,2,34.28836514,-119.19353401,4
2016,2016-11-15,1408,11,3,14,2,Y,A,N,A,H,A,A,07,,03,C,,,,,C,N,N,D,2,0,0,0,22350.0,2,34.27565009,-119.26347999,3
2016,2016-11-03,1406,11,3,14,4,Y,A,N,A,H,A,A,01,,03,C,,,,,C,Y,N,A,1,0,0,0,22350.0,2,34.26506007,-119.24604991,4
2016,2016-11-08,843,11,3,8,2,N,A,N,A,H,A,A,01,S,03,C,,,,,C,Y,N,A,3,0,0,0,22350.0,3,34.24382352,-119.25676654,4
2016,2016-11-02,1902,11,3,19,3,Y,A,N,A,H,C,A,01,,09,D,,,,,C,N,N,D,2,0,0,0,21801.0,2,34.29683008,-119.15818006,4
2016,2016-11-11,1731,11,3,17,5,N,A,N,A,H,C,A,01,S,04,C,,,,,C,N,N,A,1,0,0,0,21703.0,2,34.2468641,-119.19476112,4
2016,2016-11-02,1839,11,3,18,3,Y,A,N,A,H,A,A,01,,09,D,,,,,C,N,N,A,1,0,0,0,21801.0,2,34.26193008,-119.26440988,4
2016,2016-11-10,2022,11,3,20,4,N,A,N,A,H,A,A,01,N,03,E,,,,,I,Y,N,D,1,0,0,0,22350.0,1,34.26544403,-119.24606501,4
2016,2016-11-14,1143,11,3,11,1,Y,A,N,A,H,A,A,01,,12,D,,,,,C,Y,N,-,1,0,0,0,22454.0,2,34.28216003,-119.28700998,4
2016,2016-11-15,1635,11,3,16,2,N,A,N,A,H,A,L,04,W,08,D,,Y,,,A,N,N,A,1,0,1,0,22107.0,2,34.27595126,-119.17335841,4
2016,2016-11-16,1522,11,3,15,3,Y,A,N,A,H,A,A,01,,09,D,,,,,C,N,N,A,1,0,0,0,21453.0,2,34.25849008,-119.21108991,4
2016,2016-10-27,1712,10,3,17,4,N,B,N,A,H,A,-,,S,09,D,,,,,C,Y,N,D,1,0,0,0,21801.0,2,34.2494135,-119.1963663,4
2016,2016-11-21,1824,11,3,18,1,N,A,N,A,H,C,-,,E,03,C,,,,,C,N,N,A,1,0,0,0,22350.0,2,34.27376278,-119.26729469,4
2016,2016-11-19,1413,11,3,14,6,Y,A,N,A,H,A,-,,,08,D,,,,,C,Y,N,A,2,0,0,0,22100.0,2,34.26103006,-119.19920002,4
2016,2016-11-20,1130,11,3,11,7,N,A,N,A,H,A,L,04,S,05,A,,Y,,,G,N,N,D,1,0,1,0,21650.0,2,34.27762897,-119.22677002,3
2016,2016-10-24,743,10,3,7,1,N,A,N,A,H,A,A,07,W,03,C,,,,,C,N,N,A,2,0,0,0,22350.0,3,34.23719263,-119.03652321,4
2016,2016-07-23,1635,7,2,16,6,N,A,N,A,H,A,-,- ,S,00,G,Y,,,,B,N,N,D,1,1,0,0,,2,34.25506,-119.26867133,3
2016,2016-11-23,2227,11,3,22,3,Y,C,N,A,H,C,-,- ,,01,B,,,,,C,Y,N,D,1,0,0,0,23153.0,4,34.28216003,-119.28700998,4
2016,2016-11-26,1805,11,3,18,6,Y,A,N,B,H,C,A,01,,08,-,Y,,,,B,N,N,A,2,2,0,0,22107.0,3,34.28082006,-119.29309999,4
2016,2016-11-23,1707,11,3,17,3,Y,A,N,A,H,A,A,01,,09,D,,,Y,,C,Y,F,D,1,0,0,1,21801.0,2,34.27203005,-119.25858994,2
2016,2016-11-29,1322,11,3,13,2,Y,A,N,A,H,A,A,01,,03,C,,,,,C,N,N,A,2,0,0,0,22350.0,3,34.26546011,-119.21255992,4
2016,2016-11-28,1430,11,3,14,1,N,A,N,A,H,A,A,01,W,03,F,,,,,C,N,N,D,2,0,0,0,22350.0,3,34.26444135,-119.24375755,4
2016,2016-11-27,1402,11,3,14,7,N,A,N,A,H,A,A,01,E,03,C,,,,,C,Y,N,A,3,0,0,0,22350.0,3,34.27812909,-119.27063376,4
2016,2016-11-30,1520,11,3,15,3,N,A,N,A,H,A,A,01,E,09,A,,,,,C,Y,N,D,2,0,0,0,21801.0,3,34.2642302,-119.24347404,4
2016,2016-11-24,839,11,3,8,4,Y,A,N,A,H,A,L,04,,12,D,,Y,,,C,N,N,A,1,0,1,0,21453.0,2,34.2165601,-119.0062701,3
2016,2016-11-23,1847,11,3,18,3,N,A,N,A,H,C,-,,S,09,-,,,,,C,N,N,A,1,0,0,0,21804.0,2,34.27804443,-119.29304659,4
2016,2016-11-19,2033,11,3,20,6,Y,A,Y,A,H,C,-,,,03,A,,,,,C,Y,N,A,1,0,0,0,22350.0,2,34.26737831,-119.27127258,4
2016,2016-11-21,1505,11,3,15,1,N,A,N,A,H,A,-,,E,03,C,,,,,C,N,M,A,1,0,0,0,22350.0,2,34.27802278,-119.21453201,4
2016,2016-10-22,1245,10,3,12,6,N,A,N,A,H,A,A,01,N,08,D,,,,,D,Y,M,D,2,0,0,0,22107.0,3,34.17374512,-119.1951,4
2016,2016-11-17,1203,11,3,12,4,N,A,N,A,H,A,A,07,E,01,B,,,,,E,Y,M,D,1,0,0,0,23152.0,7,34.18168054,-118.86222404,4
2016,2016-11-28,1955,11,3,19,1,Y,A,N,A,H,D,D,22,,10,G,Y,,,,B,N,F,D,1,1,0,0,21950.0,2,34.1721401,-118.95373,3
2016,2016-11-29,856,11,3,8,2,Y,A,N,A,H,A,A,07,,12,D,,,,Y,C,Y,N,A,1,0,0,0,21453.0,4,34.19976009,-118.86856009,4
2016,2016-11-22,1913,11,3,19,2,N,A,N,A,H,C,A,07,W,01,C,,,,,C,N,F,A,4,0,0,0,23152.0,2,34.21840239,-119.00528259,4
2016,2016-11-23,1454,11,3,14,3,Y,A,N,A,H,A,M,47,,09,H,,,,,C,Y,N,A,1,0,0,0,21801.0,2,34.21695003,-119.05028005,3
2016,2016-11-29,1629,11,3,16,2,Y,A,N,A,H,B,A,07,,12,H,,,,,C,Y,N,A,1,0,0,0,21453.0,2,34.17940003,-118.84117012,3
2016,2016-11-26,1302,11,3,13,6,N,C,N,B,H,A,A,01,E,03,C,,,,,C,Y,N,D,2,0,0,0,22350.0,3,34.17592823,-119.20196405,3
2016,2016-11-24,1628,11,3,16,4,N,A,N,A,H,A,A,01,N,01,D,,,,,C,Y,N,A,2,0,0,0,23152.0,2,34.1760649,-119.21272,4
2016,2016-11-19,1538,11,3,15,6,N,A,N,A,H,A,A,07,S,03,C,,,,,C,Y,N,A,1,0,0,0,22350.0,3,34.16073132,-119.19509,4
2016,2016-11-28,948,11,3,9,1,N,B,N,A,H,A,A,07,S,09,H,,,,,C,Y,N,D,2,0,0,0,21801.0,2,34.2133507,-118.88292451,3
2016,2016-11-24,1605,11,3,16,4,N,A,Y,A,H,A,A,01,E,08,E,,,,,I,Y,N,D,1,0,0,0,22107.0,1,34.24423726,-118.8394814,3
2016,2016-11-24,1547,11,3,15,4,N,A,N,A,H,B,A,01,S,03,C,,,,,E,Y,N,D,4,0,0,0,22350.0,2,34.20263825,-118.84955078,3
2016,2016-11-19,1550,11,3,15,6,Y,A,N,A,H,A,A,01,,09,D,,,,,D,Y,N,A,2,0,0,0,21802.0,2,34.18083005,-118.78675011,3
2016,2016-11-13,1440,11,3,14,7,N,A,N,A,H,A,C,02,S,05,A,,,Y,,C,Y,N,D,3,0,0,2,21650.0,2,34.24621,-118.86858,3
2016,2016-11-10,724,11,3,7,4,Y,A,Y,A,H,A,L,04,,05,D,,Y,,,G,N,N,A,1,0,1,0,21650.0,2,34.44321009,-119.25679095,3
2016,2016-11-14,1015,11,3,10,1,N,A,N,A,H,A,A,07,E,10,G,Y,,,,B,N,N,A,1,1,0,0,21950.0,2,34.21752865,-119.05011426,4
2016,2016-11-23,1254,11,3,12,3,Y,A,N,A,H,A,D,22,,09,H,,,,,C,Y,N,A,1,0,0,0,21801.0,2,34.20788001,-118.83962008,4
2016,2016-11-26,926,11,3,9,6,Y,B,N,A,H,A,C,02,,08,F,,,Y,,A,N,N,A,1,0,0,1,22107.0,1,34.18706011,-118.92516008,3
2016,2016-12-02,1532,12,4,15,5,Y,A,N,A,H,A,-,- ,,12,H,,,,,C,Y,N,A,1,0,0,0,21453.0,2,34.21807011,-118.86840006,4
2016,2016-11-29,1757,11,3,17,2,N,A,N,A,H,C,A,01,E,03,C,,,,,C,Y,N,D,1,0,0,0,22350.0,2,34.14890998,-118.82157619,4
2016,2016-12-05,1236,12,4,12,1,N,A,N,A,H,A,-,,,21,D,,,,,C,N,N,A,1,0,0,0,22106.0,2,34.26024005,-119.25096,3
2016,2016-12-03,2038,12,4,20,6,N,A,N,A,H,C,-,,W,03,-,,,,,C,N,N,A,1,0,0,0,22350.0,3,34.27953576,-119.29221132,4
2016,2016-12-03,1334,12,4,13,6,Y,A,N,A,H,A,-,,,03,-,,,,,C,Y,N,A,1,0,0,0,22350.0,2,34.26486003,-119.27023993,4
2016,2016-12-08,1659,12,4,16,4,N,A,N,A,H,B,-,,N,03,C,,,,,E,Y,N,D,1,0,0,0,22350.0,3,34.27979332,-119.28243,4
2016,2016-12-09,2318,12,4,23,5,Y,A,N,A,H,C,-,,,09,D,,,,,C,Y,N,A,2,0,0,0,21801.0,2,34.26193008,-119.26440988,3
2016,2016-12-09,2330,12,4,23,5,N,A,N,A,H,C,-,,W,03,C,,,,,C,Y,N,A,1,0,0,0,22350.0,2,34.27953,-119.29313976,4
2016,2016-12-08,936,12,4,9,4,N,A,N,A,H,A,-,,E,03,C,,,,,C,N,N,D,1,0,0,0,22350.0,2,34.27589625,-119.22884804,4
2016,2016-12-05,730,12,4,7,1,Y,A,Y,A,H,A,-,,,12,G,Y,,,,B,N,N,A,1,1,0,0,22450.0,2,34.27169039,-119.21165693,3
2016,2016-12-14,2206,12,4,22,3,N,A,N,A,H,C,-,,N,03,C,,,,,E,Y,N,A,1,0,0,0,22350.0,2,34.28192353,-119.30064185,4
2016,2016-12-16,738,12,4,7,5,Y,B,N,B,H,A,-,,,17,D,,,,,C,Y,N,A,2,0,0,0,21461.0,2,,,4
2016,2016-12-13,916,12,4,9,2,Y,A,N,A,H,A,-,,,08,E,,,,,I,Y,N,A,1,0,0,0,22107.0,1,34.25849005,-119.26187998,3
2016,2016-12-03,1840,12,4,18,6,N,A,N,A,H,C,-,,E,03,C,,,,,C,N,F,A,1,0,0,0,22350.0,2,34.27952,-119.3006212,4
2016,2016-12-14,747,12,4,7,3,Y,A,N,A,H,A,-,,,09,D,,,,,C,Y,N,A,1,0,0,0,21804.0,2,34.27630007,-119.22653996,4
2016,2016-12-14,1335,12,4,13,3,N,A,N,A,H,A,-,,S,03,-,,,,,C,N,N,A,2,0,0,0,22350.0,2,34.25477594,-119.21029831,4
2016,2016-12-14,1918,12,4,19,3,Y,A,Y,A,H,C,-,,,09,-,,,,,C,Y,N,A,4,0,0,0,21801.0,2,34.24379482,-119.19364568,3
2016,2016-12-16,755,12,4,7,5,N,B,N,B,H,A,-,,N,03,C,,,,,C,N,N,D,2,0,0,0,22350.0,2,34.25692455,-119.19812875,4
2016,2016-12-11,1534,12,4,15,7,N,A,N,A,H,A,-,,W,01,E,,,,,I,Y,N,A,1,0,0,0,23152.0,1,34.2692544,-119.18594868,3
2016,2016-12-15,1954,12,4,19,4,N,C,N,B,H,C,A,07,W,03,C,,,,,C,N,N,A,3,0,0,0,22350.0,3,34.16173716,-118.82447936,4
2016,2016-12-15,1554,12,4,15,4,Y,B,N,B,H,A,A,01,,09,D,,,,,D,Y,N,A,2,0,0,0,21802.0,2,34.21675005,-118.86404011,4
2016,2016-12-17,2136,12,4,21,6,Y,A,Y,A,H,C,-,- ,,00,D,,,,,D,Y,N,A,1,0,0,0,,2,34.17724216,-118.87390422,4
2016,2016-12-02,1449,12,4,14,5,N,A,N,A,H,A,A,01,W,08,C,,,,,E,Y,N,A,1,0,0,0,22107.0,2,34.18106658,-118.85920863,3
2016,2016-12-01,1118,12,4,11,4,N,A,N,A,H,A,A,01,E,09,H,,,,,C,Y,N,D,2,0,0,0,21801.0,2,34.17917697,-118.87524371,4
2016,2016-11-17,1623,11,3,16,4,N,A,N,A,H,A,D,23,N,09,D,,,Y,,C,Y,N,D,1,0,0,1,21801.0,2,34.17438031,-119.1951,4
2016,2016-11-19,127,11,3,1,6,N,A,N,A,H,C,A,01,W,01,E,,,,,I,Y,N,D,1,0,0,0,23152.0,1,34.27764,-118.73680178,3
2016,2016-11-29,1316,11,3,13,2,Y,A,N,A,H,A,I,11,,12,D,,,,,C,Y,N,A,2,0,0,0,21453.0,2,34.22228002,-119.03905014,4
2016,2016-11-23,1246,11,3,12,3,N,A,N,-,-,A,A,01,E,03,C,,,,,C,Y,N,A,2,0,0,0,22350.0,3,34.20558583,-119.06692846,3
2016,2016-11-23,1247,11,3,12,3,N,A,N,A,H,A,A,07,E,03,C,,,,,C,Y,N,A,3,0,0,0,22350.0,4,34.20558705,-119.06703746,3
2016,2016-12-02,1455,12,4,14,5,Y,A,N,A,H,A,A,07,,09,H,,,,,C,Y,N,A,1,0,0,0,21801.0,2,34.21656009,-119.06741005,4
2016,2016-12-12,1255,12,4,12,1,Y,A,N,A,H,A,-,,,09,D,,,,,C,Y,N,A,1,0,0,0,21801.0,2,34.25410009,-119.25955989,4
2016,2016-12-10,924,12,4,9,6,N,B,N,A,H,A,-,,S,09,D,,,,,C,Y,N,D,1,0,0,0,21804.0,2,34.26393544,-119.21988182,4
2016,2016-12-11,1715,12,4,17,7,Y,A,N,A,H,C,-,- ,,00,D,,,,,C,Y,N,A,1,0,0,0,,2,34.27954001,-119.29154988,4
2016,2016-12-11,1104,12,4,11,7,N,B,N,A,H,A,-,,E,03,C,,,,,C,N,N,A,1,0,0,0,22350.0,2,34.26187103,-119.26434078,4
2016,2016-12-06,1654,12,4,16,2,N,A,N,A,H,B,-,,W,09,D,,Y,,,G,N,N,D,1,0,1,0,21804.0,2,34.27951585,-119.3014181,3
2016,2016-12-16,1146,12,4,11,5,Y,A,N,A,H,A,-,,,17,D,,,,,C,N,N,A,2,0,0,0,21461.0,2,34.25734006,-119.23017993,4
2016,2016-12-14,623,12,4,6,3,N,B,N,A,H,B,-,,S,10,-,Y,,,,B,N,N,A,1,1,0,0,21950.0,2,34.25575761,-119.2105028,4
2016,2016-12-12,1224,12,4,12,1,Y,A,N,A,H,A,-,,,12,D,,,,,C,Y,N,A,2,0,0,0,21453.0,4,34.26631002,-119.20647002,3
2016,2016-12-07,0,12,4,0,3,N,A,N,A,H,C,A,01,E,01,E,,,,,I,Y,N,D,1,0,0,0,23152.0,1,34.2122571,-118.89160307,3
2017,2017-01-02,1500,1,4,15,1,Y,B,N,A,H,A,-,,,01,-,,,,,C,Y,N,A,2,0,0,0,23152.0,2,34.27110008,-119.18914013,3
2017,2017-01-12,1056,1,4,10,4,N,B,N,B,H,A,-,,W,08,D,,,,,C,Y,N,D,2,0,0,0,22107.0,2,34.27828168,-119.21270591,3
2017,2017-01-19,739,1,4,7,4,N,B,N,B,H,A,J,48,W,22,E,,,,,I,N,N,A,1,0,0,0,,1,,,4
2016,2016-12-12,1749,12,4,17,1,Y,A,N,A,H,C,A,08,,09,H,,,,,C,Y,N,A,2,0,0,0,21801.0,2,34.23075001,-119.06329008,4
2016,2016-11-14,450,11,3,4,1,Y,A,N,A,H,C,-,99,,09,D,,Y,,,G,N,F,A,1,0,1,0,21453.0,2,34.24429007,-119.25675992,3
2016,2016-11-23,1326,11,3,13,3,N,A,N,A,H,A,L,04,W,03,D,,Y,,,G,N,N,D,1,0,1,0,22350.0,2,34.26528713,-119.21359721,4
2016,2016-12-09,946,12,4,9,5,N,A,N,A,H,A,A,01,S,01,H,,Y,,,G,N,F,D,1,0,1,0,23152.0,2,34.27361814,-118.90085736,2
2016,2016-12-02,1251,12,4,12,5,Y,A,N,A,H,A,C,02,,03,C,,,Y,,D,Y,N,D,1,0,0,1,22350.0,2,34.28467006,-118.8885301,4
2016,2016-12-06,1700,12,4,17,2,N,A,Y,A,H,C,A,01,S,10,G,Y,,,,B,Y,N,D,1,1,0,0,21950.0,2,34.28190866,-118.88213188,3
2016,2016-12-07,1942,12,4,19,3,Y,A,Y,A,H,C,A,01,,12,D,,,,,C,Y,N,A,1,0,0,0,21453.0,2,34.15444546,-118.82730847,4
2016,2016-12-10,1158,12,4,11,6,Y,A,Y,A,H,A,-,,,10,D,Y,,,,B,N,N,A,1,1,0,0,21950.0,2,34.44774009,-119.24630144,2
2016,2016-11-01,1525,11,3,15,2,Y,A,N,A,H,A,A,07,,12,H,,,,,C,Y,N,A,2,0,0,0,21453.0,2,34.26364008,-118.88669002,3
2016,2016-11-10,1437,11,3,14,4,N,A,N,A,H,A,A,01,E,09,D,,,,,C,Y,N,D,1,0,0,0,21802.0,2,34.17606,-119.21797483,4
2016,2016-12-08,700,12,4,7,4,Y,A,N,A,H,A,A,08,,09,D,,,,,C,Y,N,D,1,0,0,0,21804.0,2,34.28109003,-118.87473001,4
2016,2016-12-18,1114,12,4,11,7,Y,A,N,A,H,A,A,07,,12,D,,,,,D,Y,N,A,2,0,0,0,21453.0,2,34.22877009,-118.99718005,3
2016,2016-12-03,256,12,4,2,6,N,A,Y,A,H,C,A,08,E,01,C,,,,Y,C,Y,N,D,1,0,0,0,23152.0,2,34.39511548,-118.92565903,3
2016,2016-12-08,1045,12,4,10,4,Y,A,N,A,H,A,-,- ,,12,D,,,,Y,D,Y,N,A,2,0,0,0,21453.0,2,34.17660001,-118.91118003,4
2016,2016-12-08,1000,12,4,10,4,Y,A,Y,A,H,A,-,- ,,12,H,,,,,C,Y,N,A,3,0,0,0,21453.0,2,34.18438169,-118.89344523,3
2016,2016-11-29,1320,11,3,13,2,Y,A,Y,A,H,A,A,08,,21,C,,,,,C,N,N,A,1,0,0,0,22106.0,2,34.21936883,-119.03162733,4
2016,2016-11-28,1412,11,3,14,1,Y,A,N,A,H,A,A,01,,09,D,,,,,D,Y,N,D,3,0,0,0,21802.0,2,34.17367009,-118.83557003,3
2016,2016-12-06,725,12,4,7,2,Y,A,N,A,H,A,A,07,,09,D,,,,,D,Y,N,D,1,0,0,0,21804.0,2,34.18392007,-118.87423001,4
2016,2016-12-07,1530,12,4,15,3,N,A,N,A,H,A,-,- ,W,00,H,,,Y,,C,N,N,D,1,0,0,1,,2,34.21793556,-118.86935778,3
2016,2016-12-07,1609,12,4,16,3,N,A,N,A,H,A,A,01,E,07,B,,,,,C,N,N,D,1,0,0,0,21658.0,2,34.17924083,-118.8739637,4
2016,2016-12-06,1930,12,4,19,2,Y,A,N,A,H,C,-,- ,,00,H,,,,,C,Y,N,A,1,0,0,0,,2,34.20609005,-118.88654005,4
2016,2016-12-10,820,12,4,8,6,N,B,N,B,H,A,A,01,S,05,D,,,,,C,Y,N,A,1,0,0,0,21460.0,3,34.2422442,-119.01049217,3
2016,2016-12-04,1721,12,4,17,7,N,A,N,A,H,C,A,01,S,09,H,,,,,C,Y,N,A,1,0,0,0,21801.0,2,34.23486576,-119.04620695,3
2016,2016-12-08,2009,12,4,20,4,Y,A,N,A,H,C,A,01,,09,H,,,,,C,Y,N,D,2,0,0,0,21801.0,2,34.22155001,-119.06749014,3
2016,2016-12-12,1142,12,4,11,1,Y,A,N,A,H,A,A,08,,08,H,,,,,C,Y,N,A,2,0,0,0,22100.0,3,34.18575003,-118.89225007,4
2016,2016-12-12,1637,12,4,16,1,N,B,N,A,H,B,A,08,S,05,A,,,,,C,Y,N,D,2,0,0,0,21460.0,2,34.24621,-118.86858,4
2016,2016-12-12,932,12,4,9,1,Y,A,N,A,H,A,A,07,,09,D,,,,,D,Y,N,D,2,0,0,0,21802.0,2,34.21163004,-118.87577011,4
2016,2016-12-15,1857,12,4,18,4,N,C,N,B,H,C,A,07,S,05,E,,,,,I,N,N,D,1,0,0,0,21650.0,1,34.20542725,-118.83948502,3
2016,2016-12-17,1607,12,4,16,6,N,A,N,A,H,A,A,01,W,08,C,,,,,C,N,N,A,1,0,0,0,22107.0,2,34.14940423,-118.82293094,4
2016,2016-12-06,707,12,4,7,2,N,A,N,B,H,A,-,- ,S,18,F,,Y,,,A,N,N,D,1,0,1,0,,1,34.19409506,-118.8728979,3
2016,2016-11-12,1644,11,3,16,6,N,A,Y,A,H,A,D,22,W,01,C,,,,,C,Y,F,D,2,0,0,0,23152.0,2,34.27887906,-118.88896272,3
2016,2016-12-06,700,12,4,7,2,N,A,Y,A,H,A,D,22,S,03,C,,,,,C,N,F,A,2,0,0,0,22350.0,2,34.29280121,-118.85404274,4
2016,2016-11-10,1727,11,3,17,4,N,A,Y,A,H,C,A,01,E,03,C,,,,,C,Y,F,D,1,0,0,0,22350.0,2,34.27895114,-118.90319661,4
2016,2016-11-22,1650,11,3,16,2,N,A,Y,A,H,A,A,01,E,03,C,,,,,C,Y,N,D,1,0,0,0,22350.0,3,34.27891978,-118.91552251,3
2017,2017-02-19,915,2,4,9,7,Y,A,N,A,H,A,A,01,,09,D,,,,,C,Y,N,B,1,0,0,0,21800.0,2,34.23488005,-119.04615012,4
2017,2017-02-13,1540,2,4,15,1,Y,A,N,A,H,A,A,01,,09,H,,,Y,,C,Y,N,A,1,0,0,1,21801.0,2,34.21949012,-119.03900013,4
2017,2017-03-01,1234,3,1,12,3,Y,A,N,A,H,A,A,01,,01,H,,,,,C,Y,N,D,1,0,0,0,23152.0,2,34.21510007,-119.00297011,3
2017,2017-03-07,1633,3,1,16,2,N,A,N,A,H,A,L,04,E,05,H,,Y,,,G,N,N,D,1,0,1,0,21650.0,2,34.17812415,-118.85583456,3
2017,2017-03-07,1748,3,1,17,2,Y,A,N,A,H,B,A,01,,09,D,,,,,C,Y,N,D,1,0,0,0,21802.0,2,34.22245001,-118.87564013,4
2017,2017-03-07,818,3,1,8,2,Y,A,Y,A,H,A,-,- ,,00,H,,Y,,Y,G,N,N,A,1,0,1,0,,2,34.16470562,-118.83599712,4
2017,2017-03-01,1154,3,1,11,3,Y,A,N,A,H,A,A,01,,09,H,,,,,C,N,F,A,1,0,0,0,21801.0,2,34.16327004,-118.8274001,4
2016,2016-12-21,854,12,4,8,3,N,A,N,A,H,A,A,01,E,08,C,,,,,C,Y,N,A,3,0,0,0,22107.0,2,34.25577259,-118.79848099,3
2016,2016-12-21,1732,12,4,17,3,N,A,N,A,H,C,-,- ,W,18,B,,Y,,,G,N,N,D,1,0,1,0,,2,34.28237476,-118.79767961,4
2016,2016-12-08,1810,12,4,18,4,N,A,N,A,H,C,D,22,N,03,C,,,,,C,N,N,A,1,0,0,0,22350.0,2,34.27913216,-118.69146518,4
2016,2016-12-13,1246,12,4,12,2,N,A,N,A,H,A,D,22,E,08,E,,,,,I,Y,N,D,1,0,0,0,22107.0,1,34.27900665,-118.77435605,4
2016,2016-12-17,1741,12,4,17,6,Y,A,Y,A,H,C,D,22,,12,D,,,,,C,Y,N,A,1,0,0,0,21453.0,2,34.28213055,-118.78192418,4
2016,2016-12-17,1748,12,4,17,6,N,A,N,A,H,C,A,01,W,08,C,,,,,E,Y,N,D,1,0,0,0,22107.0,2,34.25722001,-118.75532687,4
2016,2016-12-20,800,12,4,8,2,N,A,N,A,H,A,A,07,S,03,B,,,,,C,N,N,A,1,0,0,0,22350.0,2,34.26077769,-118.77900071,4
2016,2016-12-08,1657,12,4,16,4,Y,A,N,A,H,B,A,01,,09,D,,,,,C,Y,N,A,1,0,0,0,21801.0,2,34.26843001,-118.76141004,4
2016,2016-12-26,2018,12,4,20,1,Y,A,N,A,H,C,A,01,,09,D,,,,,C,Y,N,D,1,0,0,0,21804.0,2,34.27902008,-118.74474,4
2016,2016-12-08,1154,12,4,11,4,N,A,N,A,H,A,L,04,E,09,D,,Y,,,G,N,N,A,1,0,1,0,21804.0,2,34.28473,-118.76132372,4
2016,2016-12-23,1708,12,4,17,5,Y,C,N,B,H,C,A,01,,09,A,,,,,C,Y,N,A,1,0,0,0,21801.0,2,34.2717401,-118.67840008,3
2016,2016-12-03,1339,12,4,13,6,N,A,N,A,H,A,A,01,W,08,B,,,,,E,Y,N,D,1,0,0,0,22107.0,2,34.27764001,-118.73860048,2
2016,2016-12-21,1709,12,4,17,3,Y,B,N,A,H,C,A,01,,03,C,,,,,C,Y,N,D,2,0,0,0,22350.0,2,34.27449003,-118.67846014,4
2016,2016-12-21,954,12,4,9,3,N,B,N,A,H,A,A,07,E,09,D,,,,,C,N,N,D,1,0,0,0,21804.0,2,34.27902859,-118.76300772,4
2016,2016-12-15,1746,12,4,17,4,N,C,N,B,H,C,A,01,W,08,E,,,,,I,Y,N,D,1,0,0,0,22107.0,1,34.28334713,-118.77613233,4
2016,2016-12-15,749,12,4,7,4,N,A,N,B,H,A,A,01,W,08,D,,,,,C,Y,N,A,1,0,0,0,22107.0,2,34.2753895,-118.76142313,4
2016,2016-12-08,1646,12,4,16,4,N,A,N,A,H,A,A,07,E,09,D,,,,,C,Y,N,D,2,0,0,0,21804.0,2,34.27168928,-118.72989887,4
2016,2016-10-29,48,10,3,0,6,N,A,N,A,H,C,A,07,W,03,F,,,,,A,Y,N,A,2,0,0,0,22350.0,1,34.30550848,-118.89822447,3
2016,2016-10-25,1240,10,3,12,2,N,A,Y,A,H,A,A,01,E,08,B,,,,,C,N,N,A,1,0,0,0,22100.0,2,34.27885955,-118.87289834,4
2016,2016-12-23,1040,12,4,10,5,N,B,N,A,H,B,A,07,N,09,H,,,,,C,Y,N,D,1,0,0,0,21801.0,2,34.24435844,-119.01913754,4
2016,2016-12-19,1738,12,4,17,1,N,A,N,A,H,C,-,,S,03,C,,,,,C,Y,N,A,1,0,0,0,22350.0,2,34.28606648,-119.15329927,4
2016,2016-12-24,1202,12,4,12,6,N,A,N,A,H,A,-,,S,08,D,,Y,,,B,N,N,A,1,0,1,0,22107.0,2,34.27234866,-119.26031622,4
2016,2016-12-20,1722,12,4,17,2,Y,B,N,A,H,C,A,01,,09,H,,,,,C,Y,N,A,1,0,0,0,21801.0,2,34.22371006,-119.06977008,3
2016,2016-12-24,1639,12,4,16,6,Y,A,N,A,H,A,A,07,,09,H,,,,,C,Y,N,D,1,0,0,0,21801.0,2,34.21785205,-119.05478579,2
2016,2016-12-15,1303,12,4,13,4,Y,B,N,B,H,A,A,07,,09,H,,,,,C,Y,N,A,1,0,0,0,21802.0,2,34.21775009,-119.05755013,3
2016,2016-12-27,1531,12,4,15,2,Y,A,N,A,H,A,-,,,12,B,,,,,C,N,N,A,1,0,0,0,21453.0,2,34.25849008,-119.21108991,4
2016,2016-12-08,1327,12,4,13,4,N,A,N,A,H,A,-,,S,03,C,,,,,C,Y,N,A,1,0,0,0,22350.0,2,34.30072076,-119.29495318,4
2016,2016-12-19,2030,12,4,20,1,N,A,N,A,H,C,-,,W,08,B,,Y,,,G,N,F,D,1,0,1,0,22107.0,2,34.2821138,-119.29709242,3
2016,2016-12-22,1253,12,4,12,4,N,A,N,A,H,A,-,,N,12,G,Y,,,,B,N,F,A,1,1,0,0,21453.0,2,34.26299009,-119.23556128,3
2016,2016-12-16,1430,12,4,14,5,N,A,N,A,H,A,-,,E,09,D,,,,,C,N,F,A,1,0,0,0,21802.0,2,34.28213,-119.29344394,4