ACCIDENT_YEAR,COLLISION_DATE,COLLISION_TIME,MONTH,SEASON,24HOURS,DAY_OF_WEEK,INTERSECTION,WEATHER_1,STATE_HWY_IND,ROAD_SURFACE,ROAD_COND_1,LIGHTING,STWD_VEHTYPE_AT_FAULT,CHP_VEHTYPE_AT_FAULT,DIRECTION,PCF_VIOL_CATEGORY,TYPE_OF_COLLISION,PEDESTRIAN_ACCIDENT,BICYCLE_ACCIDENT,MOTORCYCLE_ACCIDENT,TRUCK_ACCIDENT,MVIW,TOW_AWAY,HIT_AND_RUN,CONTROL_DEVICE,NUMBER_INJURED,COUNT_PED_INJURED,COUNT_BICYCLIST_INJURED,COUNT_MC_INJURED,PCF_VIOLATION,PARTY_COUNT,POINT_Y,POINT_X,COLLISION_SEVERITY
2017,2017-01-26,1002,1,4,10,4,Y,A,N,A,H,A,D,22,,09,D,,,,,C,Y,N,A,1,0,0,0,21801.0,2,34.26364011,-118.76138004,4
2017,2017-02-01,1818,2,4,18,3,N,A,N,A,H,C,L,04,W,05,D,,Y,,,G,N,N,D,1,0,1,0,21650.0,2,34.27886406,-118.79939653,4
2017,2017-01-20,844,1,4,8,5,Y,B,N,B,H,A,A,01,,12,D,,,,Y,C,Y,N,D,1,0,0,0,21453.0,2,34.26264004,-118.73905002,4
2017,2017-01-26,1201,1,4,12,4,Y,A,N,A,H,A,-,,,03,C,,,,,C,N,N,A,1,0,0,0,22350.0,2,34.26106007,-119.21164992,4
2017,2017-01-31,1101,1,4,11,2,N,A,N,A,H,A,-,,E,21,C,Y,,,,E,N,N,A,3,2,0,0,22106.0,5,34.28081311,-119.29592549,4
2017,2017-01-24,1726,1,4,17,2,Y,A,N,A,H,B,A,01,,08,A,,,,,C,Y,N,A,1,0,0,0,22107.0,2,34.2557901,-119.21050998,4
2017,2017-01-25,1640,1,4,16,3,Y,A,N,A,H,A,-,,,12,A,,,,,C,Y,N,A,1,0,0,0,21453.0,2,34.2643601,-119.21996996,4
2017,2017-01-27,1726,1,4,17,5,Y,A,N,A,H,B,A,01,,08,B,,,,,C,Y,N,A,1,0,0,0,22100.0,2,34.25849008,-119.21108991,4
2017,2017-01-25,1710,1,4,17,3,N,A,N,A,H,A,-,,N,09,D,,,,,C,Y,N,A,1,0,0,0,21801.0,2,34.25232277,-119.19707099,4
2017,2017-01-26,914,1,4,9,4,N,A,N,A,H,A,A,01,E,03,C,,,,,C,Y,N,D,2,0,0,0,22350.0,2,34.25561,-118.80029929,4
2017,2017-01-25,720,1,4,7,3,Y,A,N,A,H,A,A,01,,09,D,,,,,C,Y,N,A,1,0,0,0,21802.0,2,34.26988011,-118.66205005,4
2017,2017-01-31,1933,1,4,19,2,Y,A,N,A,H,C,A,01,,09,A,,,,,C,Y,N,A,1,0,0,0,21801.0,2,34.27168003,-118.73053012,4
2017,2017-01-26,1110,1,4,11,4,N,A,N,A,H,A,A,01,E,03,C,,,,,C,Y,N,A,1,0,0,0,22350.0,2,34.25577045,-118.79848707,4
2017,2017-01-30,1811,1,4,18,1,N,A,N,A,H,A,A,07,W,03,C,,,,,C,Y,N,D,1,0,0,0,22350.0,3,34.2718,-118.76374502,4
2017,2017-01-31,1620,1,4,16,2,N,A,N,A,H,A,A,01,N,21,C,,,,,C,N,M,A,1,0,0,0,22106.0,2,34.27003213,-118.77011093,4
2017,2017-01-20,1955,1,4,19,5,N,A,N,A,H,C,A,01,W,09,D,,,Y,,C,N,N,D,1,0,0,1,21804.0,2,34.27165,-118.784476,3
2017,2017-01-12,1312,1,4,13,4,Y,B,N,B,H,A,A,08,,12,D,,,,,C,Y,N,A,1,0,0,0,21453.0,2,34.26364011,-118.76138004,3
2017,2017-01-19,743,1,4,7,4,Y,A,N,B,H,A,A,01,,09,D,,,,,C,Y,N,A,1,0,0,0,21801.0,3,34.26442005,-118.78760001,4
2017,2017-01-29,2329,1,4,23,7,N,A,N,A,H,C,D,22,E,01,-,,,,,I,N,N,D,1,0,0,0,23152.0,1,,,4
2017,2017-01-28,1650,1,4,16,6,Y,A,Y,A,H,A,A,01,,12,D,,,,,C,Y,N,A,1,0,0,0,21453.0,2,34.28202,-118.72142328,4
2017,2017-02-01,745,2,4,7,3,N,A,N,A,H,A,A,01,W,04,C,,,,,C,Y,N,D,1,0,0,0,21703.0,2,34.2084338,-118.86352593,4
2017,2017-02-01,1400,2,4,14,3,N,A,N,A,H,A,L,04,E,07,H,,Y,,,G,N,N,D,1,0,1,0,21658.0,2,34.14874336,-118.83840809,3
2017,2017-01-17,1102,1,4,11,2,Y,A,Y,A,H,A,A,01,,03,C,,,,,C,Y,N,A,2,0,0,0,22350.0,2,34.44239949,-119.26552092,4
2017,2017-01-18,1530,1,4,15,3,Y,A,N,A,H,A,A,07,,09,D,,,,,C,Y,N,A,2,0,0,0,21802.0,2,34.22924004,-119.04284004,4
2016,2016-12-12,1057,12,4,10,1,N,A,N,A,H,A,-,,N,03,C,,,,,C,N,N,D,1,0,0,0,22350.0,2,34.28480615,-119.29978725,4
2017,2017-02-06,1420,2,4,14,1,Y,A,Y,A,H,A,-,,,12,B,,,,,C,Y,N,A,1,0,0,0,21453.0,3,34.27619767,-119.28908223,4
2016,2016-06-15,1649,6,2,16,3,N,A,N,A,H,A,J,49,S,03,D,,,,,C,Y,N,A,1,0,0,0,22350.0,2,34.27163231,-118.71732106,2
2017,2017-03-11,1909,3,1,19,6,Y,A,N,A,H,C,-,,,08,E,,Y,,,G,N,N,A,1,0,1,0,22107.0,2,34.27224004,-119.17057008,3
2017,2017-03-15,2353,3,1,23,3,N,-,N,A,H,C,-,,,01,-,,,,,E,Y,N,A,1,0,0,0,23152.0,3,34.28216004,-119.28245988,4
2017,2017-02-01,1313,2,4,13,3,N,A,N,A,H,A,F,25,N,21,C,,,,Y,C,N,N,D,1,0,0,0,22106.0,2,34.19994167,-118.86850876,4
2017,2017-01-26,734,1,4,7,4,N,A,N,A,H,A,A,01,W,08,B,,,,,E,Y,N,D,1,0,0,0,22107.0,3,34.17430094,-118.9867929,4
2017,2017-01-30,832,1,4,8,1,N,A,N,A,H,A,A,01,W,21,C,,,,,C,N,N,A,1,0,0,0,22106.0,2,34.14174346,-118.85019422,4
2017,2017-01-26,804,1,4,8,4,Y,A,N,A,H,A,A,01,,09,H,,,,Y,C,Y,N,A,4,0,0,0,21801.0,3,34.21121214,-118.84258211,3
2017,2017-01-22,2341,1,4,23,7,N,C,N,B,C,E,-,- ,W,18,E,,,,,I,Y,N,D,1,0,0,0,,1,34.18105088,-118.876973,3
2017,2017-01-31,931,1,4,9,2,Y,A,Y,A,H,A,D,22,,12,D,,,,,D,Y,N,A,1,0,0,0,21453.0,2,34.20197852,-118.85585818,3
2017,2017-02-03,1413,2,4,14,5,N,A,N,B,H,A,A,01,E,09,D,,,,,C,Y,N,D,1,0,0,0,21804.0,2,34.15966566,-118.83696195,4
2017,2017-02-01,808,2,4,8,3,N,A,N,A,H,C,A,01,N,07,B,,,,,C,N,N,D,1,0,0,0,21658.0,2,34.16758347,-118.83703454,4
2016,2016-12-21,1533,12,4,15,3,N,A,N,A,H,A,A,01,W,03,C,,,,,C,N,N,A,1,0,0,0,22350.0,2,34.17578747,-119.19518701,4
2017,2017-02-08,1730,2,4,17,3,N,A,N,A,H,B,A,01,E,04,C,,,,,C,N,N,A,1,0,0,0,21703.0,2,34.17930633,-118.94407252,4
2017,2017-02-09,1017,2,4,10,4,N,A,N,A,H,A,A,01,E,04,C,,,,,C,Y,N,A,1,0,0,0,21703.0,3,34.18116,-118.87607,4
2017,2017-02-08,748,2,4,7,3,N,C,N,B,H,A,A,07,W,03,E,,,,,I,Y,N,D,1,0,0,0,22350.0,1,34.17929467,-118.96388038,3
2017,2017-02-06,1701,2,4,17,1,Y,C,N,B,H,B,A,07,,09,H,,,,,C,Y,N,A,2,0,0,0,21801.0,2,34.22371006,-119.06977008,3
2017,2017-02-08,1349,2,4,13,3,Y,A,N,A,H,A,A,08,,09,D,,,Y,,C,Y,N,A,1,0,0,1,21802.0,2,34.21648001,-119.03868009,4
2017,2017-02-10,1506,2,4,15,5,N,C,N,D,H,A,A,01,W,09,D,,,,,C,Y,N,D,3,0,0,0,21804.0,2,34.21926884,-119.06516866,4
2017,2017-02-07,1825,2,4,18,2,Y,B,Y,A,H,C,A,01,,10,G,Y,,,,B,N,N,A,1,1,0,0,21950.0,2,34.44849619,-119.23601767,2
2017,2017-01-26,1630,1,4,16,4,N,A,Y,A,H,A,A,01,S,09,D,,Y,,,G,N,N,D,1,0,1,0,21801.0,2,34.44787403,-119.24512383,3
2017,2017-02-14,1744,2,4,17,2,Y,A,N,A,H,C,A,01,,09,H,,,,,C,Y,N,A,4,0,0,0,21801.0,2,34.22161002,-119.0008701,3
2017,2017-02-16,1245,2,4,12,4,N,A,N,A,H,A,A,01,W,03,C,,,,Y,C,Y,N,D,1,0,0,0,22350.0,2,34.20553,-119.05497,3
2017,2017-01-28,1115,1,4,11,6,N,A,N,A,H,A,A,01,S,09,-,,,,,C,Y,N,A,2,0,0,0,21804.0,2,34.22500741,-119.03907,3
2017,2017-02-15,1218,2,4,12,3,Y,A,Y,A,H,A,A,01,,01,D,,,,,C,Y,N,A,2,0,0,0,23153.0,2,34.39564899,-118.92254019,4
2017,2017-02-10,2152,2,4,21,5,Y,A,N,B,H,C,A,01,,01,H,,,,,C,Y,N,A,1,0,0,0,23152.0,2,34.21782002,-119.03901012,3
2017,2017-02-14,1921,2,4,19,2,Y,A,N,A,H,C,A,08,,12,D,,,,,C,Y,N,A,2,0,0,0,21453.0,2,34.22363009,-119.03904007,4
2017,2017-02-16,1534,2,4,15,4,Y,B,Y,A,H,A,A,01,,12,D,,,,,D,Y,N,A,2,0,0,0,21453.0,2,34.23926174,-118.84061347,3
2017,2017-02-04,1800,2,4,18,6,N,A,N,A,H,C,A,01,N,08,G,,Y,,,J,N,N,A,1,0,1,0,22107.0,2,34.1982764,-118.86957797,3
2017,2017-02-23,1238,2,4,12,4,Y,A,N,A,H,A,A,07,,09,H,,,,,C,Y,N,A,2,0,0,0,21801.0,2,34.2055901,-119.06968006,4
2017,2017-02-18,1230,2,4,12,6,N,A,N,A,H,A,A,01,S,08,C,,,,,E,Y,N,D,1,0,0,0,22107.0,2,34.22169479,-119.04297861,3
2017,2017-02-25,1423,2,4,14,6,N,B,N,A,H,A,A,01,S,05,E,,,,,I,Y,N,D,1,0,0,0,21651.0,1,34.22708665,-118.99633518,4
2017,2017-02-12,1147,2,4,11,7,N,A,N,A,H,A,A,01,S,03,C,,,,,C,N,N,A,2,0,0,0,22350.0,2,34.18568266,-118.89219302,4
2017,2017-02-10,1536,2,4,15,5,N,B,N,B,H,A,A,01,E,08,C,,,,,C,Y,N,D,2,0,0,0,22107.0,2,34.18116,-118.87607,3
2017,2017-02-12,1600,2,4,16,7,N,A,N,A,H,A,-,,S,03,C,,,,,C,Y,N,A,2,0,0,0,22350.0,2,34.26520331,-119.21250483,3
2017,2017-01-01,553,1,4,5,7,N,A,N,A,H,C,-,,E,08,E,,,,,I,Y,N,D,1,0,0,0,22107.0,1,34.27553728,-119.16499711,4
2017,2017-02-10,1144,2,4,11,5,Y,C,N,B,H,A,-,,,03,C,,,,,C,N,F,D,1,0,0,0,22350.0,2,34.27627006,-119.25160989,4
2017,2017-02-06,908,2,4,9,1,Y,B,Y,B,H,A,D,22,,12,D,,,,,C,Y,N,A,1,0,0,0,21453.0,2,34.28202,-118.72142328,4
2017,2017-02-16,1044,2,4,10,4,N,A,N,A,H,A,-,- ,W,18,A,,,,Y,C,Y,N,A,1,0,0,0,,2,34.28627,-118.69803958,3
2017,2017-02-27,1627,2,4,16,1,Y,B,N,A,H,A,D,22,,09,D,,,,,C,Y,N,A,1,0,0,0,21804.0,2,34.286328,-118.7148285,4
2017,2017-02-16,1701,2,4,17,4,Y,A,N,A,H,A,A,01,,12,D,,,,Y,C,Y,M,A,1,0,0,0,21453.0,2,34.29353009,-118.71762012,4
2017,2017-02-22,755,2,4,7,3,Y,A,N,A,H,A,D,22,,09,A,,,,,C,Y,N,A,2,0,0,0,21801.0,2,34.27168003,-118.73053012,3
2017,2017-02-26,1141,2,4,11,7,N,A,N,A,H,A,A,01,N,07,D,,,,,C,Y,N,D,1,0,0,0,21658.0,2,34.27174,-118.7963,4
2017,2017-01-28,1607,1,4,16,6,Y,A,N,A,H,A,A,01,,12,D,,,,,C,Y,N,D,2,0,0,0,22450.0,2,34.28319008,-118.77468008,4
2017,2017-02-21,1542,2,4,15,2,N,B,N,B,H,A,A,01,W,04,C,,,,,C,N,N,D,1,0,0,0,21703.0,2,34.27825007,-118.79648003,4
2017,2017-02-17,1908,2,4,19,5,N,C,N,B,H,C,-,,W,09,D,,,,,C,Y,N,D,1,0,0,0,21801.0,2,34.26406463,-118.762343,4
2017,2017-02-04,1955,2,4,19,6,Y,A,N,A,H,C,A,01,,09,D,,,,,C,Y,N,D,1,0,0,0,21801.0,2,34.2717401,-118.67840008,4
2017,2017-02-07,2007,2,4,20,2,N,B,N,A,H,C,A,07,N,01,C,,,,,C,N,N,A,1,0,0,0,23153.0,2,34.26453187,-118.77900977,4
2017,2017-02-13,1726,2,4,17,1,Y,A,N,A,H,A,A,01,,12,D,,,,,C,Y,N,A,1,0,0,0,21453.0,2,34.27180005,-118.76854,4
2017,2017-02-10,1602,2,4,16,5,N,C,N,B,H,A,A,01,W,03,C,,,,,C,Y,N,D,2,0,0,0,22350.0,3,34.27216495,-118.70096845,4
2017,2017-02-11,1926,2,4,19,6,Y,A,N,A,H,C,A,01,,09,D,,,,,C,Y,N,A,2,0,0,0,21801.0,2,34.26445006,-118.77902009,3
2017,2017-02-09,1617,2,4,16,4,Y,A,N,A,H,A,A,01,,09,D,,,,,C,N,N,D,1,0,0,0,21800.0,2,34.2726301,-118.66653011,3
2017,2017-02-08,1624,2,4,16,3,N,A,N,A,H,A,A,01,W,03,B,,,,,C,Y,N,A,2,0,0,0,22350.0,3,34.27901,-118.73907736,4
2017,2017-02-06,545,2,4,5,1,N,C,N,B,H,C,-,,S,03,B,Y,,,,B,N,F,D,1,1,0,0,22350.0,2,34.27150978,-119.20171916,3
2017,2017-02-09,1831,2,4,18,4,N,A,N,A,H,C,-,,E,03,C,,,,,C,N,F,A,1,0,0,0,22350.0,2,34.26367432,-119.22459725,4
2017,2017-02-15,2009,2,4,20,3,N,A,N,A,H,C,L,04,S,09,D,,Y,,,G,Y,N,D,2,0,1,0,21804.0,2,34.26277451,-119.23962554,3
2017,2017-02-13,1950,2,4,19,1,Y,B,N,A,H,E,-,,,08,G,Y,,,,B,N,N,D,1,1,0,0,22107.0,2,34.29473001,-119.16922011,4
2017,2017-02-12,1810,2,4,18,7,Y,A,N,A,B,C,-,,,03,-,,,,,A,N,N,D,1,0,0,0,22350.0,1,34.26416002,-119.24984986,4
2017,2017-02-12,1150,2,4,11,7,N,A,N,A,H,A,-,,W,03,A,,,,,I,Y,N,D,1,0,0,0,22350.0,1,34.27734456,-119.21949346,3
2017,2017-02-19,2221,2,4,22,7,N,C,N,B,H,C,-,,W,01,C,,,,,E,Y,N,D,1,0,0,0,23152.0,2,34.30504561,-119.28897581,4
2017,2017-02-20,1403,2,4,14,1,Y,B,N,B,H,A,-,,,08,D,,,,,C,Y,N,A,1,0,0,0,22107.0,2,34.25460001,-119.19761006,4
2017,2017-02-20,1908,2,4,19,1,N,C,N,B,H,C,-,,W,08,G,Y,,,,B,N,N,A,1,1,0,0,22107.0,2,34.28961452,-119.29833829,4
2017,2017-02-17,128,2,4,1,5,N,C,N,B,H,C,A,01,W,01,E,,,,,I,Y,N,D,1,0,0,0,23152.0,1,34.18699531,-118.93185838,2
2017,2017-02-15,1449,2,4,14,3,N,A,N,A,H,A,A,01,W,04,C,,,,,C,Y,N,D,1,0,0,0,21703.0,2,34.14317949,-118.85316131,4
2017,2017-02-13,1729,2,4,17,1,Y,A,N,A,H,B,A,07,,09,H,,,,,C,Y,N,A,1,0,0,0,21801.0,2,34.15855005,-118.83515011,3
2017,2017-02-21,1912,2,4,19,2,Y,E,N,B,H,C,L,04,,12,D,,Y,,,G,Y,N,A,1,0,1,0,21453.0,2,34.27826008,-119.29772987,2
2017,2017-02-17,1054,2,4,10,5,N,B,N,B,H,A,-,,E,08,D,,,,,C,Y,N,D,1,0,0,0,22107.0,2,34.26081898,-119.2131832,4
2017,2017-02-17,1834,2,4,18,5,Y,B,N,B,H,C,-,,,10,G,Y,,,,B,N,N,D,1,1,0,0,21950.0,2,34.28668008,-119.30249989,4
2017,2017-02-19,1659,2,4,16,7,N,C,N,B,H,A,-,,E,09,D,,,,,C,Y,N,A,2,0,0,0,21804.0,2,34.26291831,-119.26670883,4
2017,2017-02-16,1426,2,4,14,4,N,A,N,A,H,A,-,,N,03,C,,,,,C,Y,N,A,1,0,0,0,22350.0,2,34.27126227,-119.18917381,4
2017,2017-02-25,1851,2,4,18,6,N,A,N,A,H,A,A,01,E,05,B,,,,,C,Y,N,D,1,0,0,0,21460.0,2,34.25324403,-119.20579783,4
2017,2017-02-22,1238,2,4,12,3,N,A,N,A,H,A,A,01,N,09,D,,,,,C,Y,N,D,2,0,0,0,21801.0,2,34.28426249,-119.28633862,3
2017,2017-02-25,1445,2,4,14,6,N,B,N,A,H,A,A,01,W,03,C,,,,,C,N,N,A,1,0,0,0,22350.0,3,34.27915642,-119.27470207,4
2017,2017-01-26,1623,1,4,16,4,N,A,N,A,H,A,-,- ,N,03,C,,,,,C,Y,N,A,1,0,0,0,22350.0,2,34.2571357,-119.21083325,4
2017,2017-01-17,2227,1,4,22,2,N,A,N,A,H,C,-,,S,03,C,,,,,C,N,F,D,1,0,0,0,22350.0,2,34.26400106,-119.24282823,4
2017,2017-02-24,2303,2,4,23,5,N,A,N,A,H,C,L,04,,09,D,,Y,,,G,N,N,A,1,0,1,0,21804.0,2,34.24909006,-119.25799989,3
2017,2017-02-21,1753,2,4,17,2,N,A,N,A,H,A,-,,N,03,-,,,,,C,N,N,A,1,0,0,0,22350.0,2,34.27182513,-119.18931986,4
2017,2017-02-16,1655,2,4,16,4,N,A,N,A,H,B,-,,S,08,D,,,,,C,Y,N,D,2,0,0,0,22107.0,2,34.24513204,-119.20046564,4
2017,2017-02-28,1341,2,4,13,2,Y,A,N,A,H,A,-,,,12,D,,,,,C,Y,N,A,1,0,0,0,21453.0,2,34.26359001,-119.22514996,4
2017,2017-02-28,735,2,4,7,2,N,A,N,A,H,A,-,,S,09,D,,,,,C,N,M,A,2,0,0,0,21804.0,2,34.24607802,-119.19348478,4
2017,2017-02-22,1640,2,4,16,3,Y,A,N,A,H,A,A,01,,09,H,,,,,C,N,N,D,1,0,0,0,21801.0,2,34.17253001,-118.84048009,4
2017,2017-02-20,1346,2,4,13,1,N,B,N,B,H,A,A,01,N,03,C,,,,,C,Y,N,A,2,0,0,0,22350.0,2,34.18875778,-118.82196241,4
2017,2017-02-15,1820,2,4,18,3,N,A,N,A,H,C,-,- ,S,18,H,,,,,A,N,N,D,1,0,0,0,,2,34.18211046,-118.89690171,3
2017,2017-02-25,204,2,4,2,6,N,A,N,A,H,D,C,02,E,08,E,,,Y,,I,Y,N,D,1,0,0,1,22107.0,1,34.20871253,-118.86500196,3
2017,2017-02-23,1615,2,4,16,4,N,A,N,A,H,A,A,01,S,03,C,,,,,C,Y,N,A,1,0,0,0,22350.0,3,34.19813049,-118.86969553,4
2017,2017-02-12,1843,2,4,18,7,Y,A,N,A,H,C,A,01,,09,A,,,,,C,N,N,D,1,0,0,0,21801.0,2,34.15651001,-119.19527012,4
2017,2017-02-07,2251,2,4,22,2,Y,A,N,A,H,C,A,01,,12,D,,,,,C,Y,N,A,1,0,0,0,21453.0,2,34.22371006,-119.06977008,3
2017,2017-02-22,1700,2,4,17,3,N,A,N,A,H,A,A,01,W,12,H,,,,,C,N,N,A,1,0,0,0,21453.0,2,34.21619404,-119.03596569,4
2017,2017-02-28,1701,2,4,17,2,Y,A,N,A,H,A,A,01,,01,D,,,,,C,Y,N,A,1,0,0,0,23152.0,2,34.23350007,-119.05154009,4
2017,2017-02-11,2232,2,4,22,6,N,B,N,A,H,C,A,01,N,08,E,,,,,I,Y,M,D,1,0,0,0,22107.0,1,34.2356338,-119.09083124,3
2017,2017-01-16,1417,1,4,14,1,Y,A,N,A,H,A,A,01,,09,H,,Y,,,G,N,N,A,1,0,1,0,21801.0,2,34.22228002,-119.03905014,4
2017,2017-01-28,1900,1,4,19,6,N,A,N,A,H,C,A,07,E,01,A,,,,,C,Y,F,D,3,0,0,0,23152.0,2,34.23251845,-119.02104376,2
2017,2017-02-06,837,2,4,8,1,N,C,Y,B,H,A,A,01,N,05,B,,,,,C,Y,N,D,1,0,0,0,21460.0,2,34.30703455,-118.87944119,4
2017,2017-02-23,1413,2,4,14,4,N,A,Y,A,H,A,A,01,E,09,D,,,,,C,Y,N,D,2,0,0,0,21801.0,3,,,4
2017,2017-02-07,825,2,4,8,2,N,B,N,B,H,A,A,01,N,03,C,,,,,C,Y,N,D,2,0,0,0,22350.0,3,34.29298511,-118.84299517,4
2017,2017-02-03,803,2,4,8,5,Y,C,N,B,H,A,-,- ,,00,D,,,,,C,Y,N,A,1,0,0,0,,2,34.26421003,-118.85514013,4
2017,2017-01-28,2219,1,4,22,6,Y,A,N,A,H,C,A,01,,01,D,,,,,C,Y,N,D,1,0,0,0,23152.0,2,34.27948007,-118.87526009,4
2017,2017-01-28,2220,1,4,22,6,N,A,N,A,H,C,A,01,E,01,C,,,,,E,Y,N,D,1,0,0,0,23152.0,2,34.27948,-118.87526,4
2017,2017-01-01,1505,1,4,15,7,Y,A,N,A,H,A,-,- ,,00,D,,,,,C,Y,N,A,1,0,0,0,,2,34.26320001,-118.86446003,4
2017,2017-01-18,748,1,4,7,3,Y,A,N,A,H,A,A,07,,12,D,,,,,C,Y,N,A,2,0,0,0,21453.0,2,34.26761007,-118.89300002,4
2017,2017-01-03,641,1,4,6,2,N,A,N,A,H,A,A,01,E,05,A,,,,,E,Y,N,D,1,0,0,0,21650.0,2,34.28080281,-118.87832086,3
2016,2016-12-10,1845,12,4,18,6,N,C,Y,B,H,A,A,01,W,05,C,,,,,C,Y,N,A,2,0,0,0,21650.0,2,34.27993336,-118.86789832,4
2017,2017-02-09,932,2,4,9,4,N,A,N,A,H,A,A,01,E,05,B,,,,,C,Y,N,D,1,0,0,0,21650.0,3,34.28636955,-118.86930697,4
2017,2017-01-15,1044,1,4,10,7,N,A,Y,A,H,A,D,22,W,03,C,,,,,C,Y,N,A,1,0,0,0,22350.0,2,34.26915834,-118.85341878,4
2017,2017-03-02,1349,3,1,13,4,N,A,Y,A,H,A,A,01,W,03,C,,,,,C,Y,N,A,1,0,0,0,22350.0,2,34.27887397,-118.88280477,4
2017,2017-03-06,1934,3,1,19,1,N,A,Y,A,H,C,-,,E,08,B,,,,,C,Y,N,D,1,0,0,0,22107.0,3,34.26267309,-119.24640326,4
2017,2017-03-15,204,3,1,2,3,Y,A,Y,A,H,C,-,,,09,D,,,,,C,Y,F,A,2,0,0,0,21801.0,2,34.26737831,-119.27127258,4
2017,2017-03-10,1546,3,1,15,5,N,A,Y,A,H,A,-,,N,03,C,,,,,C,N,N,D,1,0,0,0,22350.0,2,34.24379482,-119.19364568,4
2017,2017-03-03,640,3,1,6,5,N,A,N,A,H,A,-,,W,08,D,,,,,C,Y,N,A,1,0,0,0,22107.0,2,34.27534016,-119.2579051,4
2017,2017-03-01,1635,3,1,16,3,N,A,N,A,H,A,-,,W,03,C,,,,,C,Y,N,A,1,0,0,0,22350.0,2,34.26348781,-119.22590368,4
2017,2017-03-04,2053,3,1,20,6,Y,A,Y,A,H,C,-,,,00,A,,,,,C,Y,N,A,3,0,0,0,22453.0,2,34.25386751,-119.21292822,3
2017,2017-03-03,1654,3,1,16,5,Y,A,N,A,H,A,-,,,09,A,,,,,C,Y,N,A,1,0,0,0,21801.0,2,34.27237004,-119.26030986,4
2017,2017-02-28,1410,2,4,14,2,Y,A,N,A,H,A,A,01,,09,D,,,,,D,Y,N,A,1,0,0,0,21802.0,2,34.1723101,-118.83633011,4
2017,2017-02-27,1017,2,4,10,1,Y,B,N,A,H,A,A,07,,09,D,,,,,D,Y,N,D,2,0,0,0,21802.0,4,34.16015,-118.82771003,4
2017,2017-02-15,1915,2,4,19,3,N,A,N,A,H,C,N,60,N,11,G,Y,,,,B,Y,N,A,1,1,0,0,21461.0,2,34.20226116,-118.86836,2
2017,2017-03-07,1503,3,1,15,2,N,A,N,A,H,A,A,01,W,03,C,,,,,C,Y,N,A,1,0,0,0,22350.0,2,34.16440254,-118.82960383,4
2017,2017-03-04,1855,3,1,18,6,N,A,N,A,H,D,-,,N,21,C,Y,,,,B,N,N,D,2,2,0,0,22106.0,4,34.28152982,-119.29156603,4
2017,2017-03-05,1358,3,1,13,7,Y,A,N,A,H,A,-,,,12,D,,,,,C,Y,N,A,4,0,0,0,21453.0,2,34.26810003,-119.21303994,4
2017,2017-03-06,800,3,1,8,1,N,A,N,A,H,A,L,04,W,13,B,,Y,,,I,Y,N,D,1,0,1,0,22515.0,1,34.30370019,-119.28408673,3
2017,2017-03-06,1451,3,1,14,1,Y,A,N,A,H,A,-,,,09,A,,,,,C,Y,N,A,2,0,0,0,21801.0,2,34.26115002,-119.21085988,4
2017,2017-03-06,1735,3,1,17,1,Y,A,N,A,H,B,-,,,10,G,Y,,,,B,N,N,D,1,1,0,0,21950.0,2,34.26793008,-119.19516002,4
2017,2017-03-07,1131,3,1,11,2,N,A,N,A,H,A,-,,W,03,C,,,,,C,N,N,A,1,0,0,0,22350.0,2,34.26202392,-119.23225767,4
2017,2017-02-27,1759,2,4,17,1,Y,A,N,A,H,A,A,01,,09,D,,,,,C,Y,N,A,2,0,0,0,21801.0,2,,,3
2017,2017-02-16,1427,2,4,14,4,N,A,N,A,H,A,A,01,N,09,H,,,,,C,Y,N,D,1,0,0,0,21801.0,2,34.22377,-119.06806264,4
2017,2017-01-26,1303,1,4,13,4,N,A,Y,A,H,A,A,07,S,03,C,,,,,C,Y,N,A,2,0,0,0,22350.0,2,34.21413355,-119.00936704,4
2017,2017-01-26,700,1,4,7,4,N,A,Y,A,H,A,A,01,W,08,E,,,,,I,Y,N,D,1,0,0,0,22107.0,1,34.20541583,-119.04075133,4
2017,2017-03-08,2021,3,1,20,3,Y,A,N,A,H,C,A,07,,10,G,Y,,,,B,N,N,A,1,1,0,0,21950.0,2,34.23727002,-119.03622008,3
2017,2017-03-13,2311,3,1,23,1,Y,B,N,A,H,C,L,04,,17,D,,Y,,,G,N,F,A,1,0,1,0,21200.0,2,34.27825008,-119.29305992,4
2017,2017-03-14,1728,3,1,17,2,Y,A,N,A,H,A,-,,,09,A,,,,,C,Y,N,A,2,0,0,0,21801.0,2,34.26793008,-119.19516002,4
2017,2017-03-15,1035,3,1,10,3,N,A,N,A,H,A,-,,S,09,C,,,,,C,N,N,D,1,0,0,0,21802.0,2,34.28695738,-119.29913279,3
2017,2017-03-12,1506,3,1,15,7,N,A,N,A,H,A,N,60,W,11,G,Y,,,,B,Y,N,D,1,1,0,0,21954.0,2,34.2729186,-119.24889696,4
2017,2017-03-12,1439,3,1,14,7,N,A,N,A,H,A,-,,N,09,B,,,,,C,Y,N,A,2,0,0,0,21453.0,2,34.26614735,-119.24908562,4
2017,2017-03-10,1228,3,1,12,5,N,A,N,A,H,A,-,,N,03,C,,,,,C,Y,N,A,4,0,0,0,22350.0,3,34.27995638,-119.30077856,4
2017,2017-03-10,1914,3,1,19,5,Y,A,N,A,H,C,-,,,01,G,Y,,,,B,Y,F,A,2,2,0,0,23153.0,3,34.27478011,-119.26152998,3
2017,2017-03-11,1744,3,1,17,6,N,A,N,A,H,A,-,,S,03,C,,,,,C,N,N,A,1,0,0,0,22350.0,2,34.27299893,-119.24780263,4
2017,2017-03-06,1420,3,1,14,1,Y,A,N,A,H,A,-,,,12,D,,,,,C,Y,N,A,1,0,0,0,21453.0,2,34.26486003,-119.27023993,4
2017,2017-03-03,1640,3,1,16,5,Y,A,N,A,H,A,A,01,,09,D,,,,,C,Y,N,D,2,0,0,0,21801.0,2,34.27391004,-118.73053003,3