ACCIDENT_YEAR,COLLISION_DATE,COLLISION_TIME,MONTH,SEASON,24HOURS,DAY_OF_WEEK,INTERSECTION,WEATHER_1,STATE_HWY_IND,ROAD_SURFACE,ROAD_COND_1,LIGHTING,STWD_VEHTYPE_AT_FAULT,CHP_VEHTYPE_AT_FAULT,DIRECTION,PCF_VIOL_CATEGORY,TYPE_OF_COLLISION,PEDESTRIAN_ACCIDENT,BICYCLE_ACCIDENT,MOTORCYCLE_ACCIDENT,TRUCK_ACCIDENT,MVIW,TOW_AWAY,HIT_AND_RUN,CONTROL_DEVICE,NUMBER_INJURED,COUNT_PED_INJURED,COUNT_BICYCLIST_INJURED,COUNT_MC_INJURED,PCF_VIOLATION,PARTY_COUNT,POINT_Y,POINT_X,COLLISION_SEVERITY
2017,2017-03-02,1806,3,1,18,4,Y,A,N,A,H,B,A,01,,09,D,,,,,C,Y,N,A,1,0,0,0,21801.0,2,34.28633005,-118.74381012,3
2017,2017-03-02,703,3,1,7,4,N,A,N,A,H,A,A,01,E,09,D,,,,,C,Y,N,D,1,0,0,0,21804.0,2,34.27902638,-118.76344477,4
2017,2017-02-25,2345,2,4,23,6,N,A,N,A,H,C,A,01,N,08,C,,,,,E,Y,N,D,1,0,0,0,22107.0,3,34.28986217,-118.70891,3
2017,2017-03-12,1332,3,1,13,7,Y,A,N,A,H,A,A,07,,12,D,,,,,C,N,N,D,1,0,0,0,22450.0,2,34.22360005,-119.06149006,4
2017,2017-03-15,1630,3,1,16,3,N,A,N,A,H,A,-,,E,10,D,,Y,,,G,N,F,A,1,0,1,0,21950.0,2,34.27956,-119.28546347,3
2017,2017-03-12,1654,3,1,16,7,N,A,N,A,H,A,-,,S,01,E,Y,,,,B,Y,N,A,2,1,0,0,23153.0,2,34.28192413,-119.29619,2
2017,2017-03-07,928,3,1,9,2,Y,A,N,A,H,A,A,07,,12,D,,,,,C,Y,N,A,1,0,0,0,21453.0,2,34.17601012,-119.21272011,4
2017,2017-02-09,1732,2,4,17,4,N,A,N,A,H,B,N,60,W,11,G,Y,,,,B,N,N,D,1,1,0,0,21950.0,2,34.26605512,-118.72508193,4
2017,2017-03-17,1448,3,1,14,5,Y,A,N,A,H,A,A,01,,09,A,,,,,C,Y,N,A,3,0,0,0,21801.0,2,34.22931008,-119.01694009,2
2017,2017-03-10,1345,3,1,13,5,N,A,N,A,H,A,A,01,N,21,C,,,,,C,N,N,A,2,0,0,0,22106.0,2,34.22165435,-119.00078416,4
2017,2017-03-06,1758,3,1,17,1,N,A,N,A,H,A,N,60,E,11,G,Y,,,,B,N,N,D,1,1,0,0,21954.0,2,34.20342524,-119.00729922,4
2017,2017-03-12,510,3,1,5,7,N,A,N,A,H,C,A,01,E,08,B,,,,,I,Y,N,D,1,0,0,0,22107.0,1,34.23399845,-119.04941253,4
2017,2017-03-23,1405,3,1,14,4,N,A,N,A,H,A,A,01,W,09,H,,,,,C,N,N,D,1,0,0,0,21801.0,2,34.18395,-118.91856209,3
2017,2017-03-24,833,3,1,8,5,Y,A,N,A,H,A,A,07,,12,D,,,,,D,Y,N,A,1,0,0,0,21453.0,2,34.15045003,-118.82534002,4
2016,2016-10-24,1750,10,3,17,1,N,A,N,A,H,B,A,01,E,03,C,,,,,C,N,N,A,2,0,0,0,22350.0,2,34.18816611,-118.91074993,4
2017,2017-03-24,1322,3,1,13,5,Y,A,N,A,H,A,-,- ,,00,H,,,,,C,Y,N,A,2,0,0,0,,2,34.22371006,-119.06977008,3
2017,2017-03-30,1754,3,1,17,4,Y,A,N,A,H,A,A,01,,09,H,,,,,C,Y,N,A,2,0,0,0,21801.0,4,34.23350007,-119.05154009,3
2017,2017-03-30,1956,3,1,19,4,Y,A,N,A,D,C,D,22,,09,H,,,Y,,C,Y,N,A,1,0,0,1,21801.0,2,34.22400007,-119.10377011,3
2017,2017-03-22,1756,3,1,17,3,N,A,N,A,H,A,A,01,,21,B,,,,,C,N,N,D,1,0,0,0,22106.0,2,34.22886008,-119.04672004,4
2017,2017-03-29,1416,3,1,14,3,N,A,N,A,D,A,A,01,W,03,C,,,,,C,Y,N,A,1,0,0,0,22350.0,2,34.23755863,-119.03500565,4
2017,2017-03-31,2306,3,1,23,5,Y,A,N,A,H,C,A,01,,09,H,,,,,C,Y,N,A,3,0,0,0,21801.0,2,34.22184001,-119.06979004,3
2017,2017-03-29,1720,3,1,17,3,N,A,N,A,H,A,A,01,S,21,C,,,,,C,N,N,A,1,0,0,0,22106.0,2,34.21754205,-119.03913338,4
2017,2017-03-04,1144,3,1,11,6,N,A,N,A,H,A,A,07,N,08,D,,,,,C,Y,N,D,1,0,0,0,22100.0,2,34.22403917,-119.03030932,4
2017,2017-03-11,1956,3,1,19,6,N,A,N,A,H,C,A,07,S,01,E,,,,,I,Y,N,D,1,0,0,0,23152.0,1,34.40336813,-118.91968239,3
2017,2017-03-10,1915,3,1,19,5,Y,A,N,A,H,C,A,07,,10,G,Y,,,,B,N,N,A,1,1,0,0,21950.0,2,34.22184001,-119.06979004,4
2017,2017-03-16,919,3,1,9,4,Y,A,N,A,H,A,A,07,,09,D,,,,,C,Y,N,D,1,0,0,0,21801.0,2,34.26921001,-119.24516989,4
2017,2017-03-20,1045,3,1,10,1,Y,A,N,A,H,A,A,01,,12,D,,,,,C,Y,N,A,2,0,0,0,21453.0,2,34.26103006,-119.19920002,4
2017,2017-03-18,1502,3,1,15,6,N,A,N,A,H,A,A,01,N,03,C,,,,,C,N,N,A,1,0,0,0,22350.0,2,34.26114093,-119.21166827,4
2017,2017-03-16,1725,3,1,17,4,N,A,N,A,H,A,-,- ,N,00,E,,,,,I,Y,N,A,1,0,0,0,,1,34.28664773,-119.15379801,3
2017,2017-03-16,656,3,1,6,4,N,A,N,A,H,A,-,,W,08,G,Y,,,,B,N,F,D,1,1,0,0,22107.0,2,34.28359315,-119.29589388,4
2017,2017-03-21,1759,3,1,17,2,N,C,N,B,H,A,A,01,S,09,D,,,,,C,Y,N,D,2,0,0,0,21804.0,2,34.24666007,-119.19445399,4
2016,2016-08-17,1130,8,2,11,3,N,A,N,A,A,A,L,04,E,03,E,,Y,,,J,N,N,D,1,0,1,0,22350.0,1,34.24993526,-118.85131156,2
2016,2016-10-24,1830,10,3,18,1,N,A,N,A,H,C,A,01,N,03,C,,,,,C,N,N,A,2,0,0,0,22350.0,2,34.18511131,-118.78643017,4
2017,2017-03-02,1552,3,1,15,4,N,A,Y,A,H,A,A,01,E,03,C,,,,,C,N,N,A,1,0,0,0,22350.0,2,34.44786853,-119.24522081,4
2017,2017-03-12,1505,3,1,15,7,N,A,N,A,H,A,A,01,E,03,C,,,,,C,Y,N,D,1,0,0,0,22350.0,3,34.16214253,-118.82523471,4
2017,2017-03-07,1735,3,1,17,2,N,A,N,A,H,A,A,01,E,03,C,,,,,C,N,N,A,1,0,0,0,22350.0,3,34.21801763,-119.03625752,4
2017,2017-03-12,1855,3,1,18,7,N,A,N,A,H,A,-,- ,W,18,H,,Y,,,A,N,N,D,1,0,1,0,,1,34.2364523,-118.85444813,4
2017,2017-02-17,1432,2,4,14,5,N,C,N,B,H,A,A,01,E,10,G,Y,,,,B,N,N,A,1,1,0,0,21950.0,2,34.16241403,-118.82573892,4
2017,2017-03-16,1027,3,1,10,4,N,A,Y,-,A,A,D,22,N,07,H,,Y,,,G,N,N,A,1,0,1,0,21658.0,2,,,3
2017,2017-03-01,908,3,1,9,3,N,A,Y,A,H,A,D,22,E,08,H,,Y,,,G,N,N,D,1,0,1,0,22107.0,2,34.24154212,-118.84000054,3
2017,2017-03-15,1552,3,1,15,3,N,A,N,A,H,A,L,04,E,05,H,,Y,,,G,N,N,A,1,0,1,0,21650.0,2,34.17818,-118.85246654,4
2017,2017-03-15,1453,3,1,14,3,N,A,N,A,H,A,A,01,N,03,E,,,,,I,Y,N,A,1,0,0,0,22350.0,1,34.20799919,-118.88531465,4
2017,2017-03-11,1355,3,1,13,6,N,A,N,A,H,A,A,01,S,03,C,,,,,C,Y,N,A,1,0,0,0,22350.0,2,34.24626713,-118.83383572,4
2017,2017-03-10,1346,3,1,13,5,N,B,N,A,H,A,-,- ,E,- ,D,,,,,J,N,N,A,1,0,0,0,,2,34.27357207,-119.26635149,3
2017,2017-03-11,651,3,1,6,6,N,A,N,A,H,A,A,07,W,08,-,,,,,C,Y,N,D,3,0,0,0,22107.0,3,34.27839003,-119.21194995,3
2017,2017-03-16,748,3,1,7,4,-,A,N,A,H,A,A,,,21,B,,,,,C,Y,N,D,1,0,0,0,22106.0,2,34.28115533,-119.24734529,3
2017,2017-03-17,110,3,1,1,5,N,A,N,A,H,C,-,- ,,- ,H,,,,,I,Y,F,A,1,0,0,0,,1,34.25422005,-119.21239988,3
2017,2017-04-07,629,4,1,6,5,N,A,N,A,H,B,-,,S,09,-,,,,,C,Y,N,A,1,0,0,0,21801.0,2,34.27350573,-119.26641382,4
2017,2017-04-04,1000,4,1,10,2,N,A,N,A,H,A,A,07,W,03,C,,,,,C,Y,N,A,2,0,0,0,22350.0,3,34.16343961,-118.82772791,4
2017,2017-05-05,1700,5,1,17,5,Y,B,N,A,H,A,-,,,01,C,,,,,C,Y,F,A,2,0,0,0,23152.0,3,34.29417,-119.29694992,4
2017,2017-04-29,1308,4,1,13,6,Y,A,N,A,H,A,-,,,03,H,,,,,J,Y,N,A,1,0,0,0,22350.0,1,34.27328,-119.27257988,3
2017,2017-03-21,1459,3,1,14,2,Y,C,N,B,H,A,D,22,,03,D,,,,,C,N,N,A,2,0,0,0,22350.0,2,34.21782002,-119.03901012,4
2017,2017-03-22,757,3,1,7,3,Y,B,N,B,H,A,A,01,,09,H,,,,,C,Y,N,A,3,0,0,0,21801.0,3,34.20222001,-118.86836006,4
2017,2017-03-14,1459,3,1,14,2,N,A,N,D,B,A,L,04,E,03,H,,Y,,,G,N,N,D,1,0,1,0,22350.0,1,34.23296468,-119.0541329,3
2017,2017-03-18,2034,3,1,20,6,Y,A,N,A,H,A,A,01,,09,H,,,,,C,Y,N,A,2,0,0,0,21801.0,2,34.22382007,-118.99435013,4
2017,2017-03-22,1707,3,1,17,3,N,A,N,A,H,A,A,01,E,21,C,,,,,C,N,N,B,1,0,0,0,22106.0,2,34.22362733,-119.05482814,4
2017,2017-03-20,1449,3,1,14,1,N,A,N,A,H,A,A,07,N,04,C,,,,,C,Y,N,D,1,0,0,0,21703.0,3,34.16786324,-118.83689836,4
2017,2017-03-22,1945,3,1,19,3,Y,A,N,A,H,C,A,01,,09,H,,,Y,,C,Y,N,A,1,0,0,1,21801.0,2,34.18120006,-118.86840013,4
2017,2017-03-09,1444,3,1,14,4,Y,A,N,A,H,A,A,07,,09,H,,,,,C,Y,N,D,3,0,0,0,21801.0,2,34.19161001,-118.95006002,3
2017,2017-03-23,644,3,1,6,4,N,A,N,A,H,A,-,,E,03,C,,,,,C,Y,N,A,1,0,0,0,22350.0,2,34.26713684,-119.2007411,4
2017,2017-03-24,1248,3,1,12,5,N,A,N,A,H,A,-,,S,03,C,,,,,C,N,N,A,2,0,0,0,22350.0,2,34.27280976,-119.24776209,3
2017,2017-03-30,350,3,1,3,4,Y,A,N,A,H,C,-,,,09,D,,,,,C,Y,N,A,1,0,0,0,21453.0,2,34.26887009,-119.18866009,4
2017,2017-03-30,2001,3,1,20,4,N,A,N,A,H,C,L,04,S,17,H,,Y,,,-,N,N,D,1,0,1,0,21200.0,1,34.27137542,-119.25856973,2
2017,2017-03-30,808,3,1,8,4,Y,A,N,A,H,A,-,,,12,D,,,,,C,Y,N,A,2,0,0,0,21453.0,2,34.27953006,-119.29466992,4
2017,2017-03-29,753,3,1,7,3,Y,A,N,A,H,A,-,,,03,C,,,,,C,Y,N,A,3,0,0,0,22350.0,2,34.26810003,-119.21303994,4
2017,2017-04-07,1035,4,1,10,5,Y,A,N,A,H,A,A,07,,12,A,,,,,C,Y,N,A,1,0,0,0,21453.0,2,34.26331007,-119.23947991,4
2017,2017-04-05,1545,4,1,15,3,N,A,N,A,H,A,A,07,S,03,C,,,,,C,Y,N,A,1,0,0,0,22350.0,2,34.18103257,-118.8602967,4
2017,2017-03-25,1425,3,1,14,6,Y,A,Y,A,H,A,-,,,03,C,,,,,C,N,F,A,1,0,0,0,22350.0,2,34.27619767,-119.28908223,4
2017,2017-03-08,1614,3,1,16,3,N,A,N,A,H,A,A,01,W,09,D,,,,,C,Y,N,D,1,0,0,0,21804.0,2,34.27901,-118.73794038,3
2017,2017-03-09,1826,3,1,18,4,Y,A,N,A,H,C,A,01,,09,D,,,,,C,Y,N,A,1,0,0,0,21801.0,2,34.27367011,-118.77898005,4
2017,2017-02-23,728,2,4,7,4,N,A,N,A,H,A,D,22,W,03,C,,,,,C,Y,N,A,1,0,0,0,22350.0,2,34.27208721,-118.70115069,4
2017,2017-04-02,1755,4,1,17,7,Y,A,N,A,H,A,I,11,,12,D,,,,,C,Y,N,A,2,0,0,0,21453.0,2,34.27651008,-119.28115986,4
2017,2017-03-24,1500,3,1,15,5,N,A,N,A,H,A,A,01,W,03,C,,,,,C,N,N,A,1,0,0,0,22350.0,2,34.22101011,-119.05070012,4
2017,2017-04-02,1724,4,1,17,7,Y,A,N,A,H,A,D,22,,09,H,,,Y,,C,Y,N,A,2,0,0,2,21801.0,2,34.23658007,-119.03908002,4
2017,2017-03-28,1310,3,1,13,2,Y,A,N,A,H,A,A,01,,09,D,,,,,C,Y,N,A,1,0,0,0,21801.0,2,34.28633005,-118.74381012,4
2017,2017-03-20,1431,3,1,14,1,N,A,N,A,H,A,A,07,,08,E,,,,,I,Y,N,D,1,0,0,0,22107.0,1,,,2
2017,2017-03-30,1928,3,1,19,4,N,A,N,A,H,A,C,02,W,03,C,,,Y,,C,N,N,D,1,0,0,1,22350.0,2,34.22611511,-118.98858292,3
2017,2017-04-10,1535,4,1,15,1,Y,A,N,A,H,A,-,,,09,D,,,,,C,Y,N,D,2,0,0,0,21802.0,2,34.25366002,-119.20346007,4
2017,2017-04-06,1100,4,1,11,4,N,A,N,A,H,A,A,01,W,05,A,,,,,E,Y,N,D,1,0,0,0,21650.0,3,34.2063627,-118.86093392,4
2017,2017-04-01,1812,4,1,18,6,Y,A,N,A,H,A,D,22,,09,D,,,,,C,N,N,D,1,0,0,0,21804.0,2,34.18392007,-118.87423001,4
2017,2017-04-03,1121,4,1,11,1,N,A,N,A,H,A,A,01,S,09,D,,,,,C,N,N,D,1,0,0,0,21804.0,2,34.1834045,-118.87942906,4
2017,2017-03-28,2346,3,1,23,2,N,A,Y,A,H,D,A,07,S,08,E,,,,,I,Y,N,D,1,0,0,0,22107.0,1,34.15051986,-118.83090495,4
2017,2017-04-04,1435,4,1,14,2,Y,A,N,A,H,A,A,07,,09,H,,,,,C,Y,N,A,1,0,0,0,21801.0,2,34.20788001,-118.83962008,3
2017,2017-03-22,1009,3,1,10,3,Y,A,N,B,H,A,A,01,,12,D,,,,,D,Y,N,A,2,0,0,0,21453.0,2,34.23862002,-118.84798011,3
2017,2017-03-21,1417,3,1,14,2,N,B,N,A,H,A,A,01,W,04,C,,,,,C,Y,N,D,2,0,0,0,21703.0,2,34.17937885,-118.94430427,4
2017,2017-03-29,1748,3,1,17,3,N,A,N,A,H,A,A,01,W,21,C,,,,,C,N,N,A,1,0,0,0,22106.0,2,34.22763,-118.86989,4
2017,2017-03-26,1110,3,1,11,7,Y,A,N,A,H,A,A,01,,12,H,,,,,C,Y,N,A,1,0,0,0,21453.0,2,34.15726004,-118.81293004,4
2017,2017-04-04,2258,4,1,22,2,N,A,N,A,H,C,A,01,E,03,E,,,,,I,Y,N,D,1,0,0,0,22350.0,1,34.16844323,-118.95878864,4
2017,2017-03-16,1221,3,1,12,4,N,A,N,A,H,A,A,01,N,07,C,,,,,C,Y,N,D,1,0,0,0,21658.0,2,34.25196901,-118.82149907,4
2017,2017-03-18,138,3,1,1,6,N,A,N,A,H,C,C,02,S,01,E,,,Y,,I,Y,N,D,1,0,0,1,23152.0,1,34.25013718,-118.73150431,4
2017,2017-03-08,728,3,1,7,3,N,A,N,A,H,A,A,07,W,08,E,,,,,I,Y,N,D,1,0,0,0,22107.0,1,34.25404896,-118.80419761,4
2017,2017-03-19,1814,3,1,18,7,Y,A,N,A,H,A,A,07,,12,D,,,,,C,Y,N,A,1,0,0,0,21453.0,2,34.27907,-118.71110004,3
2017,2017-03-08,1905,3,1,19,3,N,A,N,A,H,C,A,07,W,21,C,,,,,C,N,N,A,2,0,0,0,22106.0,2,34.27899241,-118.74207437,4
2017,2017-03-23,1327,3,1,13,4,N,A,N,A,H,A,A,01,E,03,C,,,,,C,N,N,A,1,0,0,0,22350.0,2,34.25171207,-118.82217873,4
2017,2017-03-08,1817,3,1,18,3,N,A,N,A,H,C,-,,E,04,C,,,,,C,Y,N,D,1,0,0,0,21703.0,2,34.26447695,-118.76799114,3
2017,2017-03-23,1938,3,1,19,4,Y,A,Y,A,H,C,-,- ,,00,D,,,,,C,Y,N,A,1,0,0,0,,2,34.28182363,-118.71423117,3
2017,2017-03-10,534,3,1,5,5,Y,A,N,A,H,C,A,01,,04,C,,Y,,,G,Y,N,A,1,0,1,0,21703.0,2,34.27175006,-118.76140008,2
2017,2017-03-31,2359,3,1,23,5,N,A,N,A,H,C,C,02,S,03,E,,,Y,,I,Y,N,A,1,0,0,1,22350.0,1,34.26166143,-119.19215465,4
2017,2017-03-30,2136,3,1,21,4,N,A,N,A,H,C,-,,E,08,D,,,,,I,Y,N,D,1,0,0,0,22107.0,1,34.2638663,-119.27179695,3
2017,2017-03-31,1405,3,1,14,5,Y,A,N,A,H,A,D,22,,03,C,,,,,C,N,N,A,2,0,0,0,22350.0,2,34.29950005,-119.29532996,4
2017,2017-03-29,1552,3,1,15,3,Y,A,N,A,H,A,-,,,12,D,,,,,C,Y,N,A,3,0,0,0,21453.0,2,34.27595001,-119.19132011,3
2017,2017-04-05,1714,4,1,17,3,N,A,N,A,H,A,-,,N,08,C,,,,,C,N,N,A,1,0,0,0,22107.0,2,34.24429921,-119.25694,4
2017,2017-04-03,1422,4,1,14,1,N,A,N,A,H,A,-,,N,03,B,,,,,C,Y,N,D,1,0,0,0,22350.0,3,34.26506007,-119.24604991,4
2017,2017-04-01,1551,4,1,15,6,N,A,N,A,H,A,L,04,E,09,D,,Y,,,G,N,N,D,1,0,1,0,21804.0,2,34.26528459,-119.21361247,4
2017,2017-04-02,1032,4,1,10,7,N,A,N,A,H,A,-,,E,03,E,,,,,I,N,N,A,1,0,0,0,22350.0,1,34.24411315,-119.2149893,4
2017,2017-04-02,2236,4,1,22,7,Y,A,N,A,H,C,A,01,,10,G,Y,,,,B,N,N,A,1,1,0,0,21950.0,2,34.269417,-119.1618315,4
2017,2017-04-05,2115,4,1,21,3,Y,A,N,A,H,C,-,,,00,G,Y,,,,B,N,F,A,1,1,0,0,21450.0,2,34.26106007,-119.21164992,4
2017,2017-04-10,1620,4,1,16,1,N,A,N,A,H,A,-,,N,03,C,,,,,C,Y,N,D,1,0,0,0,22350.0,3,34.24720839,-119.21371358,4
2017,2017-04-11,752,4,1,7,2,N,A,N,A,H,A,-,,N,03,C,,,,,C,Y,N,D,2,0,0,0,22350.0,2,34.30132125,-119.29477962,3
2017,2017-04-11,758,4,1,7,2,Y,A,N,A,H,A,-,,,08,D,,,,,C,Y,N,D,1,0,0,0,22107.0,2,34.2821301,-119.29618986,4
2017,2017-04-11,1520,4,1,15,2,N,A,N,A,H,A,-,,W,08,E,,,,,D,Y,N,D,3,0,0,0,22107.0,2,34.26787125,-119.19560066,3
2017,2017-04-07,1427,4,1,14,5,N,A,N,A,H,A,-,,W,12,C,,,,,C,N,N,A,1,0,0,0,21453.0,2,34.27237703,-119.26034196,4
2017,2017-04-12,2059,4,1,20,3,Y,A,N,A,H,C,-,,,09,D,,,,,C,Y,N,A,1,0,0,0,21801.0,2,34.26106007,-119.21164992,4
2017,2017-04-13,1601,4,1,16,4,Y,A,N,A,H,A,N,60,,11,G,Y,,,,B,N,N,A,1,1,0,0,21954.0,2,34.26847011,-119.16499012,4
2017,2017-04-07,1825,4,1,18,5,N,A,N,A,H,A,-,,S,03,-,,,,,C,N,F,A,1,0,0,0,22350.0,2,34.26537893,-119.21254263,4
2017,2017-04-06,1054,4,1,10,4,Y,A,N,A,H,A,-,,,09,D,,,,,C,Y,N,A,2,0,0,0,21801.0,2,34.28196005,-119.21554992,3
2017,2017-04-12,1452,4,1,14,3,N,A,N,A,H,A,-,,E,08,B,,,,,E,N,N,D,1,0,0,0,22107.0,4,34.27938011,-119.23038998,3
2017,2017-04-18,1548,4,1,15,2,Y,A,N,A,H,A,A,01,,09,D,,,,,D,Y,N,A,2,0,0,0,21802.0,2,34.17728005,-118.8393101,3
2017,2017-04-13,1526,4,1,15,4,N,A,N,A,H,A,A,07,S,04,C,,,,,D,Y,N,A,2,0,0,0,21703.0,4,34.20138881,-118.86837,4
2017,2017-03-26,2157,3,1,21,7,Y,A,Y,A,H,C,A,01,,12,D,,,,,C,Y,N,A,2,0,0,0,21453.0,2,34.28182363,-118.71423117,4
2017,2017-04-14,1709,4,1,17,5,N,A,N,A,H,A,A,01,E,01,E,,,,,I,N,N,D,1,0,0,0,23152.0,2,34.27843999,-118.66482445,3
2017,2017-04-07,1140,4,1,11,5,N,A,N,A,H,A,A,01,W,09,D,,,,,C,Y,N,D,2,0,0,0,21804.0,2,34.27168,-118.73281581,4
2017,2017-04-04,738,4,1,7,2,N,A,N,A,H,A,D,22,E,10,G,Y,,,,B,N,N,D,1,1,0,0,21950.0,2,34.26528453,-118.66672142,4
2017,2017-03-26,708,3,1,7,7,Y,A,N,A,H,A,D,22,,12,D,,,,,C,Y,N,A,2,0,0,0,21453.0,3,34.27174005,-118.79630013,3
2017,2017-04-17,1610,4,1,16,1,N,A,N,A,H,A,C,02,W,03,E,,,Y,,I,Y,N,D,1,0,0,1,22350.0,1,34.3091699,-118.74399332,2
2017,2017-03-27,1851,3,1,18,1,N,A,N,A,H,A,A,07,W,09,D,,,,,C,Y,N,D,3,0,0,0,21804.0,2,34.27902,-118.76449578,3
2017,2017-03-24,1255,3,1,12,5,Y,A,N,A,H,A,A,07,,09,A,,,,,C,Y,N,A,1,0,0,0,21801.0,2,34.28644006,-118.73564,4
2017,2017-03-28,1347,3,1,13,2,N,A,N,A,H,A,A,07,S,09,D,,,,,C,Y,N,D,3,0,0,0,21804.0,2,34.28458844,-118.71784,4
2017,2017-04-03,2125,4,1,21,1,Y,A,N,A,H,C,A,01,,09,A,,,,,C,Y,N,A,1,0,0,0,21801.0,2,34.27907002,-118.71787001,3
2017,2017-04-05,2009,4,1,20,3,Y,A,N,A,H,C,C,02,,03,E,,,Y,,I,Y,N,A,2,0,0,2,22350.0,1,34.26016001,-118.76531003,2
2017,2017-04-06,2258,4,1,22,4,Y,A,N,A,H,C,N,60,,11,G,Y,,,,B,N,F,A,1,1,0,0,21456.0,2,34.27901004,-118.7305201,4
2017,2017-04-06,833,4,1,8,4,Y,A,N,A,H,A,C,02,,21,F,,,Y,,A,N,N,D,1,0,0,1,22106.0,1,34.25092011,-118.81768003,4
2017,2017-04-11,1718,4,1,17,2,N,A,N,A,H,A,C,02,W,03,E,,,Y,,I,Y,N,D,1,0,0,1,22350.0,1,34.28076989,-118.66282582,2
2017,2017-04-13,1506,4,1,15,4,N,A,N,A,H,A,A,01,E,08,E,,,,,I,Y,N,D,1,0,0,0,22107.0,1,34.24682559,-118.80551618,3
2017,2017-04-14,1129,4,1,11,5,N,A,N,A,H,A,A,01,W,03,C,,,,,C,Y,N,D,1,0,0,0,22350.0,2,34.26443,-118.78349269,4
2017,2017-04-15,218,4,1,2,6,N,A,N,A,H,C,A,07,S,08,B,,,,,E,N,N,D,1,0,0,0,22107.0,2,34.27423946,-118.75912884,3
2017,2017-04-15,1558,4,1,15,6,Y,A,N,A,H,A,A,07,,09,D,,,Y,,C,Y,N,A,1,0,0,1,21801.0,2,34.25941012,-118.75654013,3
2015,2015-12-27,1017,12,4,10,7,N,A,Y,A,H,A,A,01,E,03,C,,,,,C,Y,F,A,2,0,0,0,22350.0,3,34.18425589,-118.91463717,4
2017,2017-04-05,838,4,1,8,3,N,A,Y,A,H,A,A,01,W,04,C,,,,,D,Y,N,D,1,0,0,0,21703.0,3,34.23926174,-118.84061347,4
2017,2017-04-22,1141,4,1,11,6,N,A,N,A,H,A,-,,E,09,A,,,,,C,Y,N,D,2,0,0,0,21801.0,2,34.27828,-119.28994725,3
2017,2017-04-24,1936,4,1,19,1,Y,A,N,A,H,C,-,,,09,D,,,,,C,Y,N,A,4,0,0,0,21802.0,2,34.27688004,-119.29302996,3
2017,2017-04-21,1720,4,1,17,5,N,A,N,A,H,A,-,,N,09,C,,,,,C,N,N,D,1,0,0,0,21804.0,2,34.26663524,-119.20653259,4
2017,2017-04-13,1417,4,1,14,4,Y,B,N,A,H,A,D,22,,12,D,,,,,C,Y,N,A,1,0,0,0,21453.0,2,34.18408001,-118.87552008,3
2017,2017-04-10,1341,4,1,13,1,Y,A,N,A,H,A,-,- ,,12,D,,,,,D,Y,N,A,2,0,0,0,21453.0,2,34.1626201,-118.82267008,4
2017,2017-03-17,1959,3,1,19,5,N,A,N,A,H,C,A,01,E,10,G,Y,,,,B,N,N,A,2,2,0,0,21950.0,3,34.181539,-118.92539662,4
2017,2017-04-10,1649,4,1,16,1,N,A,N,A,H,A,A,01,E,08,E,,,,,I,Y,N,D,1,0,0,0,22107.0,1,34.22025635,-118.90265017,4
2017,2017-04-10,2155,4,1,21,1,N,A,N,A,H,C,N,60,E,11,G,Y,,,,B,N,N,D,1,1,0,0,21956.0,2,34.17452536,-118.84469223,4
2017,2017-04-13,1128,4,1,11,4,N,A,N,A,H,A,D,22,E,13,H,,,,,I,N,N,D,1,0,0,0,22515.0,1,34.2415375,-118.85008749,3
2017,2017-04-17,1657,4,1,16,1,Y,A,N,A,H,A,A,01,,09,D,,,,,D,Y,N,A,2,0,0,0,21802.0,2,34.21369005,-118.84124012,3
2017,2017-03-24,2108,3,1,21,5,N,B,N,A,H,C,A,01,S,05,E,,,,,I,Y,N,D,1,0,0,0,21650.0,1,34.27556628,-118.90086033,4
2017,2017-03-21,804,3,1,8,2,Y,A,N,A,H,-,A,01,,12,D,,,,,C,Y,N,A,2,0,0,0,21453.0,2,34.26364008,-118.88669002,4
2017,2017-03-05,1006,3,1,10,7,Y,B,N,A,H,A,A,01,,05,A,,,,,-,Y,N,A,1,0,0,0,21650.0,1,34.26421003,-118.85514013,4
2017,2017-04-02,1606,4,1,16,7,Y,A,N,A,H,A,A,01,,13,B,,,,,E,Y,N,D,1,0,0,0,22515.0,3,34.44875005,-119.24598996,2
2017,2017-04-20,1529,4,1,15,4,Y,A,N,A,H,B,A,01,,08,C,,,,,C,Y,N,D,1,0,0,0,22107.0,2,34.23126009,-119.02855,4
2017,2017-04-11,1546,4,1,15,2,Y,A,N,A,H,A,A,07,,09,D,,,,,D,Y,N,D,1,0,0,0,21802.0,2,34.17973004,-118.94739012,4
2017,2017-03-01,2500,3,1,25,3,Y,A,N,A,H,C,A,01,,05,E,,,,,I,Y,M,A,1,0,0,0,21650.0,1,34.28313003,-118.90094011,3
2017,2017-04-01,1846,4,1,18,6,N,A,N,A,H,A,A,01,E,09,H,,,,,C,Y,N,D,1,0,0,0,21801.0,2,34.28281001,-118.87755787,4
2017,2017-04-06,900,4,1,9,4,N,A,N,A,H,A,A,07,E,03,C,,,,,C,N,N,D,1,0,0,0,22350.0,2,34.28734572,-118.86835036,4
2017,2017-04-04,1616,4,1,16,2,N,A,N,A,H,A,A,01,W,03,C,,,,,C,N,N,A,1,0,0,0,22350.0,2,34.26414873,-118.85527668,4
2017,2017-04-02,954,4,1,9,7,Y,A,N,A,H,A,A,01,,12,D,,,,,C,Y,N,A,4,0,0,0,21453.0,3,34.26421003,-118.85514013,4
2017,2017-04-09,333,4,1,3,7,N,B,N,A,H,C,A,01,E,01,E,,,,,I,Y,N,-,2,0,0,0,23152.0,1,34.28672939,-118.86891683,4