ACCIDENT_YEAR,COLLISION_DATE,COLLISION_TIME,MONTH,SEASON,24HOURS,DAY_OF_WEEK,INTERSECTION,WEATHER_1,STATE_HWY_IND,ROAD_SURFACE,ROAD_COND_1,LIGHTING,STWD_VEHTYPE_AT_FAULT,CHP_VEHTYPE_AT_FAULT,DIRECTION,PCF_VIOL_CATEGORY,TYPE_OF_COLLISION,PEDESTRIAN_ACCIDENT,BICYCLE_ACCIDENT,MOTORCYCLE_ACCIDENT,TRUCK_ACCIDENT,MVIW,TOW_AWAY,HIT_AND_RUN,CONTROL_DEVICE,NUMBER_INJURED,COUNT_PED_INJURED,COUNT_BICYCLIST_INJURED,COUNT_MC_INJURED,PCF_VIOLATION,PARTY_COUNT,POINT_Y,POINT_X,COLLISION_SEVERITY
2016,2016-09-16,1355,9,3,13,5,Y,A,N,A,H,A,-,- ,,00,D,,,,,C,N,N,A,1,0,0,0,,2,34.18430003,-119.17046013,4
2017,2017-06-26,2040,6,2,20,1,Y,A,N,A,H,C,-,99,,09,A,,,,Y,C,Y,F,A,2,0,0,0,21801.0,3,34.20836007,-119.1946401,3
2017,2017-10-15,1401,10,3,14,7,N,A,N,A,H,A,A,08,S,03,C,,,,,D,Y,M,A,1,0,0,0,22350.0,2,34.20203,-119.15983,4
2016,2016-09-20,1729,9,3,17,2,Y,A,N,A,H,A,-,- ,,00,B,,,,,C,Y,N,A,1,0,0,0,,2,34.17487007,-119.23163999,4
2017,2017-10-10,1949,10,3,19,2,Y,A,N,A,H,C,A,01,,09,B,,,,,C,Y,N,A,1,0,0,0,21801.0,2,34.19037005,-119.20810014,4
2016,2016-11-19,843,11,3,8,6,N,A,N,A,H,A,D,23,W,00,C,,,,,C,Y,N,A,2,0,0,0,23153.0,2,34.15478,-119.18615952,3
2017,2017-04-13,2048,4,1,20,4,N,A,N,A,-,C,J,48,W,08,B,,,,,C,Y,N,A,1,0,0,0,22100.0,2,34.18124001,-119.20907686,3
2017,2017-02-10,1300,2,4,13,5,N,B,N,A,H,A,D,22,S,04,C,,,,,C,N,F,A,1,0,0,0,21703.0,2,34.21896259,-119.15842839,4
2017,2017-10-09,753,10,3,7,1,N,A,N,A,H,A,N,60,W,11,G,Y,,,,B,N,N,A,1,1,0,0,21954.0,2,34.21603,-119.19160735,3
2017,2017-05-03,1936,5,1,19,3,N,A,N,A,H,B,A,01,S,08,B,,,,Y,C,Y,F,A,3,0,0,0,22107.0,2,34.23788103,-119.19048181,2
2017,2017-10-03,741,10,3,7,2,Y,A,N,A,H,A,D,22,,09,D,,,,,C,Y,F,D,1,0,0,0,21801.0,2,34.20621004,-119.1465501,3
2016,2016-07-01,1430,7,2,14,5,N,A,N,A,H,A,-,- ,E,00,C,,,,,C,N,N,A,1,0,0,0,,2,34.1901485,-119.18114049,4
2017,2017-11-11,1641,11,3,16,6,Y,A,N,A,H,A,A,07,,09,D,,,,,C,Y,N,D,1,0,0,0,21801.0,2,34.19409002,-119.24068999,4
2017,2017-03-03,1009,3,1,10,5,N,A,N,A,H,A,D,22,S,04,C,,,,,C,Y,N,A,1,0,0,0,21703.0,2,34.20291601,-119.17739689,4
2018,2018-01-14,1730,1,4,17,7,N,A,N,A,H,C,A,07,E,01,B,,,,,C,Y,F,D,2,0,0,0,23153.0,2,34.253910064697266,-119.21425628662108,2
2017,2017-05-15,801,5,1,8,1,Y,A,N,A,H,A,A,01,,09,D,,,,,C,Y,N,A,2,0,0,0,21801.0,2,34.16100002,-119.17778011,4
2017,2017-05-18,2349,5,1,23,4,N,A,N,A,H,C,A,01,N,08,E,,,,,I,Y,N,A,1,0,0,0,22107.0,1,34.17599944,-119.22153948,3
2017,2017-05-21,1226,5,1,12,7,N,A,N,A,H,A,A,01,N,04,C,,,,,C,N,N,A,1,0,0,0,21703.0,2,34.20292045,-119.1598016,4
2017,2017-05-24,27,5,1,0,3,N,A,N,A,H,C,A,01,E,03,E,,,,,I,Y,M,A,1,0,0,0,22350.0,1,34.16594,-119.17773,4
2017,2017-05-13,1624,5,1,16,6,N,A,N,A,H,A,A,08,S,08,D,,,,,C,Y,N,A,2,0,0,0,22102.0,2,34.18569582,-119.17219011,4
2017,2017-05-15,1535,5,1,15,1,Y,A,N,A,H,A,A,01,,09,D,,,,,C,Y,N,A,2,0,0,0,21802.0,2,34.20623005,-119.14883001,3
2017,2017-05-19,1740,5,1,17,5,N,A,N,A,H,B,A,01,N,01,C,,,,,C,Y,N,A,1,0,0,0,23152.0,2,34.19775116,-119.19487914,4
2017,2017-05-21,1233,5,1,12,7,N,A,N,A,H,A,A,01,N,03,C,,,,,C,N,N,A,1,0,0,0,22350.0,2,34.21118947,-119.17717437,4
2017,2017-05-13,1918,5,1,19,6,N,A,N,A,H,A,A,01,N,22,A,Y,,,,B,N,N,D,1,1,0,0,,2,34.16607722,-119.17772782,4
2017,2017-05-16,1737,5,1,17,2,N,A,N,A,H,A,A,01,N,04,C,,,,,C,Y,N,D,3,0,0,0,21703.0,3,34.21999887,-119.22128,3
2017,2017-05-19,1500,5,1,15,5,N,A,N,A,H,A,A,01,N,09,D,,,Y,,C,Y,N,D,1,0,0,1,21801.0,2,34.17398873,-119.17764201,4
2017,2017-06-29,2207,6,2,22,4,Y,A,N,A,H,C,A,01,,09,D,,,,,C,N,N,A,1,0,0,0,21802.0,2,34.18066005,-119.16431011,4
2017,2017-05-14,2322,5,1,23,7,Y,A,Y,A,H,C,A,07,,12,D,,,,,C,N,N,A,1,0,0,0,21453.0,2,34.24066974,-119.18430079,4
2017,2017-05-19,801,5,1,8,5,N,A,N,A,H,A,A,01,N,09,D,,,,,C,N,N,D,2,0,0,0,21801.0,3,34.15771889,-119.18412129,4
2017,2017-05-20,1800,5,1,18,6,Y,A,N,A,H,A,A,08,,08,B,,Y,,,G,N,N,D,1,0,1,0,22107.0,2,34.18189003,-119.20200011,3
2017,2017-06-13,646,6,2,6,2,N,A,N,A,H,A,A,01,E,08,E,,,,,I,Y,N,D,2,0,0,0,22107.0,1,,,3
2017,2017-05-14,1033,5,1,10,7,Y,A,N,A,H,A,A,01,,12,D,,,,,C,Y,N,D,1,0,0,0,22450.0,2,34.2029101,-119.17273004,4
2017,2017-05-18,2310,5,1,23,4,N,A,N,A,H,C,-,99,N,03,C,,Y,,,G,N,F,A,1,0,1,0,22350.0,2,34.22651,-119.17755,3
2017,2017-06-12,552,6,2,5,1,Y,A,N,A,H,A,A,01,,09,D,,,,,C,Y,N,D,2,0,0,0,21802.0,2,34.21901002,-119.16295011,4
2017,2017-06-12,749,6,2,7,1,Y,A,N,A,H,A,A,01,,10,G,Y,,,,B,N,N,A,2,2,0,0,21950.0,3,34.18130003,-119.21847993,3
2017,2017-03-10,1110,3,1,11,5,N,A,N,A,H,A,L,04,W,05,C,Y,Y,,,B,N,F,D,1,1,0,0,21650.0,2,34.22891646,-119.20290598,3
2017,2017-09-18,1716,9,3,17,1,Y,A,N,A,H,A,A,01,,09,D,,,,,C,,N,A,1,0,0,0,21801.0,3,34.17340008,-119.17267,3
2017,2017-09-20,1715,9,3,17,3,Y,A,N,A,H,A,A,01,,03,C,,,,,C,Y,N,D,3,0,0,0,22350.0,3,34.19689009,-119.16956005,3
2017,2017-09-22,1524,9,3,15,5,N,A,N,A,H,A,A,01,W,09,D,,,,,C,Y,N,D,4,0,0,0,21801.0,2,34.19749033,-119.19673883,4
2017,2017-09-18,730,9,3,7,1,Y,A,N,A,H,A,A,07,,09,B,,,,,C,Y,N,D,1,0,0,0,21801.0,2,34.22762009,-119.15238009,4
2017,2017-08-29,1855,8,2,18,2,Y,A,N,A,H,A,A,01,,09,D,,,,,C,Y,N,A,3,0,0,0,21801.0,2,34.16100002,-119.17778011,3
2017,2017-09-20,700,9,3,7,3,N,A,N,A,A,A,A,07,N,00,B,,Y,,,G,N,N,A,1,0,1,0,21760.0,2,34.19023234,-119.18118928,4
2017,2017-09-22,1321,9,3,13,5,Y,A,N,A,H,A,-,- ,,12,D,,,,,C,Y,N,A,2,0,0,0,21453.0,2,34.19901005,-119.18110012,3
2017,2017-08-30,1909,8,2,19,3,N,A,N,A,H,A,A,01,N,03,C,,,,,C,Y,N,A,2,0,0,0,22350.0,3,34.17385155,-119.17764651,4
2017,2017-08-28,830,8,2,8,1,Y,A,N,A,H,A,L,04,,05,D,,Y,,,G,N,N,D,1,0,1,0,21650.0,2,34.18624003,-119.16513004,4
2017,2017-09-21,1500,9,3,15,4,Y,B,N,A,H,A,-,- ,,00,B,Y,,,,B,N,N,D,1,1,0,0,,2,34.16014005,-119.16913002,3
2017,2017-09-22,808,9,3,8,5,Y,A,N,A,H,A,A,01,,08,D,,Y,,,G,N,N,A,1,0,1,0,22107.0,2,34.21904008,-119.16537004,4
2017,2017-09-17,1500,9,3,15,7,Y,A,N,A,H,A,A,07,,09,D,,,,,C,Y,N,D,1,0,0,0,21801.0,2,34.16599004,-119.18407007,4
2017,2017-08-27,2025,8,2,20,7,Y,A,N,A,H,C,A,01,,01,B,,,,,C,Y,N,A,1,0,0,0,23152.0,2,34.16979004,-119.17670009,4
2017,2017-09-20,2249,9,3,22,3,N,A,N,A,H,C,A,01,S,08,B,,,,,E,Y,F,D,2,0,0,0,22107.0,2,34.18410687,-119.17022537,4
2017,2017-09-22,1447,9,3,14,5,Y,A,N,A,H,A,A,01,,09,D,,,,,C,Y,N,A,2,0,0,0,21801.0,2,34.21888004,-119.14493003,4
2017,2017-08-28,1414,8,2,14,1,Y,A,N,A,H,A,A,07,,09,A,,,,,C,Y,N,A,3,0,0,0,21801.0,2,34.22812001,-119.15648006,3
2017,2017-09-21,2025,9,3,20,4,N,A,N,A,H,C,L,04,E,05,D,,Y,,,G,N,N,D,1,0,1,0,21650.0,2,34.21901165,-119.16204395,4
2017,2017-06-24,1823,6,2,18,6,Y,A,N,A,A,A,A,01,,12,G,Y,,,,B,N,F,A,1,1,0,0,21453.0,2,34.1659401,-119.1777301,4
2017,2017-06-22,505,6,2,5,4,Y,A,N,A,H,A,A,01,,12,D,,,,,C,Y,N,A,1,0,0,0,21453.0,2,34.19015009,-119.18119014,4
2017,2017-06-21,743,6,2,7,3,Y,A,N,A,H,A,A,01,,12,D,,,,,C,Y,N,A,2,0,0,0,21453.0,2,34.18124,-119.20838004,3
2017,2017-06-24,1934,6,2,19,6,N,A,N,A,H,A,A,01,W,22,G,Y,,,,B,N,N,D,1,1,0,0,,2,34.2384155,-119.17604362,3
2017,2017-06-23,1859,6,2,18,5,N,A,N,A,H,A,A,07,N,03,C,,,,,C,Y,N,A,1,0,0,0,22350.0,3,34.19040974,-119.19511602,4
2017,2017-06-21,1515,6,2,15,3,Y,A,N,A,H,A,A,01,,09,D,,,,,C,Y,N,A,1,0,0,0,21802.0,2,34.20700001,-119.18099002,4
2017,2017-06-19,1516,6,2,15,1,Y,A,N,A,H,A,A,01,,10,G,Y,,,,B,N,N,A,1,1,0,0,21950.0,2,34.15478009,-119.18611007,3
2017,2017-06-25,7,6,2,0,7,N,A,N,A,H,C,A,07,N,01,E,,,,,I,Y,N,D,1,0,0,0,23152.0,1,34.21388994,-119.15953002,3
2017,2017-06-23,840,6,2,8,5,Y,B,N,A,H,A,A,01,,09,D,,,,,C,Y,N,A,1,0,0,0,21801.0,2,34.17370004,-119.18113002,3
2017,2017-06-30,1512,6,2,15,5,Y,A,N,-,H,A,A,01,,09,B,,,,,C,N,N,A,1,0,0,0,21801.0,2,34.19513011,-119.18853013,4
2017,2017-06-19,1237,6,2,12,1,N,A,N,A,H,A,A,01,N,04,C,,,,,C,N,N,A,2,0,0,0,21703.0,2,34.21953233,-119.22128813,3
2017,2017-06-25,1329,6,2,13,7,N,A,N,A,H,A,A,08,E,09,D,,,,,C,N,N,D,1,0,0,0,21801.0,2,34.17566161,-119.19368949,4
2017,2017-06-22,1219,6,2,12,4,Y,B,N,A,H,A,A,01,,09,D,,,,,C,Y,N,A,1,0,0,0,21801.0,2,34.23806004,-119.17554002,4
2017,2017-06-30,1443,6,2,14,5,N,A,N,A,H,A,A,01,S,03,C,,,,,C,Y,N,A,3,0,0,0,22350.0,3,34.20474397,-119.1597832,3
2017,2017-06-17,2000,6,2,20,6,Y,-,N,A,-,B,L,04,,17,D,,Y,,,G,N,N,A,1,0,1,0,24250.0,2,34.22664002,-119.19461009,3
2017,2017-06-26,550,6,2,5,1,Y,A,N,A,H,A,A,01,,10,G,Y,,,,B,N,N,A,1,1,0,0,21950.0,2,34.20626972,-119.1772428,3
2017,2017-06-24,1424,6,2,14,6,Y,A,N,A,H,A,A,01,,09,D,,,,,C,Y,N,A,2,0,0,0,21801.0,2,34.18997011,-119.17108003,3
2017,2017-06-18,1728,6,2,17,7,Y,A,N,A,H,A,A,01,,01,A,,,,,C,Y,N,A,6,0,0,0,23152.0,3,34.17570005,-119.1949101,3
2017,2017-06-18,2000,6,2,20,7,Y,A,N,A,H,A,A,01,,12,D,,,,,C,Y,N,A,1,0,0,0,21453.0,2,34.15472012,-119.1806,3
2017,2017-06-25,1518,6,2,15,7,N,A,N,A,H,A,-,99,W,03,C,,,,,C,N,F,A,1,0,0,0,22350.0,2,34.24073373,-119.17923485,4
2017,2017-03-03,922,3,1,9,5,Y,A,N,A,H,A,A,07,,01,D,,Y,,,G,Y,N,A,1,0,1,0,23152.0,2,34.20296012,-119.17740008,3
2017,2017-10-10,1618,10,3,16,2,N,A,N,A,H,A,-,,N,03,C,,,,,C,N,F,A,1,0,0,0,22350.0,2,34.2090589,-119.22099115,4
2017,2017-11-27,1430,11,3,14,1,Y,A,N,A,H,A,A,01,,09,D,,,,,C,Y,N,D,2,0,0,0,21801.0,2,34.22154004,-119.18629007,3
2017,2017-06-29,554,6,2,5,4,Y,A,N,A,H,A,A,01,,09,D,,,,,C,N,N,A,1,0,0,0,21801.0,2,34.19767948,-119.17734312,4
2017,2017-03-04,1421,3,1,14,6,Y,A,N,A,H,A,-,,,12,D,,,,,C,Y,N,A,2,0,0,0,21453.0,3,34.15472012,-119.1806,4
2017,2017-10-10,715,10,3,7,2,Y,A,N,A,H,A,L,04,,05,D,,Y,,,G,N,N,D,1,0,1,0,21650.0,2,34.21901001,-119.16211002,4
2017,2017-11-26,1944,11,3,19,7,Y,A,N,A,A,C,A,01,,03,C,,,,,C,N,N,A,2,0,0,0,22350.0,2,,,4
2017,2017-06-27,1859,6,2,18,2,N,A,N,A,H,A,-,99,N,22,A,,,,,C,N,F,D,1,0,0,0,,2,34.16594,-119.17673,4
2017,2017-03-13,1543,3,1,15,1,N,A,N,A,H,A,A,01,W,07,B,,,,,C,N,N,A,1,0,0,0,21658.0,2,34.22634495,-119.17818019,4
2017,2017-12-04,508,12,4,5,1,Y,A,N,A,H,C,A,07,,12,A,,,,,C,Y,N,A,3,0,0,0,21453.0,2,34.21919001,-119.18084013,3
2017,2017-11-25,1845,11,3,18,6,Y,A,Y,A,H,C,A,01,,10,G,Y,,,,B,N,F,A,1,1,0,0,21950.0,2,34.22575765,-119.16145466,3
2017,2017-06-27,1242,6,2,12,2,N,A,N,A,H,A,A,01,W,03,C,,,,,C,Y,N,A,4,0,0,0,22350.0,3,34.218991,-119.15849607,4
2017,2017-03-11,1645,3,1,16,6,N,A,Y,A,H,A,D,22,S,03,C,,,,,C,N,F,A,1,0,0,0,22350.0,2,34.23295178,-119.17243725,4
2017,2017-12-03,1836,12,4,18,7,N,A,N,A,H,C,A,01,S,01,C,,,,,C,Y,F,A,1,0,0,0,23152.0,2,34.16588511,-119.17773,4
2017,2017-11-25,1926,11,3,19,6,Y,A,N,A,H,C,A,01,,09,D,,,,,C,Y,N,A,5,0,0,0,21453.0,2,34.23000001,-119.17466,3
2017,2017-06-26,1825,6,2,18,1,N,A,N,A,H,A,N,60,E,11,G,Y,,,,B,N,N,D,1,1,0,0,21954.0,2,34.14884806,-119.1832499,3
2017,2017-10-10,2343,10,3,23,2,N,A,N,A,H,D,A,01,S,21,G,Y,,,,B,N,N,D,1,1,0,0,22106.0,3,34.18934389,-119.18843091,4
2017,2017-11-27,1610,11,3,16,1,N,A,N,A,H,A,A,01,S,12,D,,,,,C,Y,N,A,1,0,0,0,21453.0,2,34.2332131,-119.17223709,4
2017,2017-11-24,2200,11,3,22,5,Y,A,N,A,H,C,-,,,10,G,Y,,,,B,N,N,A,2,2,0,0,21950.0,3,34.21894012,-119.15392014,4
2017,2017-06-26,845,6,2,8,1,N,A,N,A,H,A,A,01,W,03,C,,,,,C,Y,N,A,1,0,0,0,22350.0,2,34.21921905,-119.18763158,3
2016,2016-11-03,2246,11,3,22,4,Y,A,N,A,H,C,A,01,,09,E,,,Y,,J,Y,N,A,1,0,0,1,21802.0,2,34.20298004,-119.18105008,4
2016,2016-10-30,1150,10,3,11,7,N,B,N,B,H,A,A,01,W,06,D,,,,,C,N,N,D,1,0,0,0,21750.0,2,34.22083661,-119.18823768,4
2017,2017-07-08,900,7,2,9,6,N,A,N,A,H,A,-,- ,E,00,E,,Y,,,I,N,N,A,1,0,1,0,,1,34.14745852,-119.17216098,4
2017,2017-07-07,2500,7,2,25,5,N,A,N,A,H,D,A,01,E,05,A,,,,,C,Y,F,D,1,0,0,0,21651.0,2,34.17337,-119.15983978,4
2017,2017-02-18,1916,2,4,19,6,N,A,N,A,H,C,A,01,S,01,C,,,,,D,Y,N,A,5,0,0,0,23152.0,2,34.21852681,-119.19466,3
2018,2018-04-14,1828,4,1,18,6,Y,A,Y,A,H,B,A,01,,12,D,,,,,D,Y,N,A,2,0,0,0,21453.0,2,34.214820861816406,-118.8496322631836,3
2018,2018-04-09,1306,4,1,13,1,Y,A,Y,A,H,A,D,22,,12,B,,,,,C,Y,N,A,1,0,0,0,22450.0,2,34.17625427246094,-118.86279296875,3
2018,2018-04-26,1425,4,1,14,4,Y,A,N,A,H,A,D,22,,05,D,,,,,C,Y,N,A,1,0,0,0,21650.0,2,34.191349029541016,-118.93831634521484,3
2018,2018-05-01,657,5,1,6,2,N,A,N,A,H,A,D,22,S,04,C,,,,,C,N,N,D,1,0,0,0,21703.0,2,,,4
2018,2018-04-30,1917,4,1,19,1,N,A,N,A,H,A,A,01,S,12,H,,,,,C,Y,N,A,2,0,0,0,21453.0,2,34.186031341552734,-118.92530059814452,3
2018,2018-05-01,2029,5,1,20,2,Y,B,N,B,H,C,A,07,,09,H,,,,,C,Y,N,A,1,0,0,0,21453.0,2,34.19976043701172,-118.86856079101562,4
2018,2018-05-01,1839,5,1,18,2,N,B,N,B,H,A,A,07,N,03,D,,,,,C,Y,N,D,1,0,0,0,22350.0,2,34.191993713378906,-118.84397888183594,4
2018,2018-04-20,1627,4,1,16,5,N,A,N,A,H,A,A,01,N,03,C,,,,,C,N,N,A,2,0,0,0,22350.0,2,34.22407913208008,-119.06978607177734,4
2018,2018-04-27,2102,4,1,21,5,Y,A,N,A,H,C,A,07,,12,D,,,,,C,Y,N,A,1,0,0,0,21453.0,2,34.21656036376953,-119.00627136230467,4
2018,2018-04-25,1705,4,1,17,3,Y,A,N,A,H,A,A,07,,12,B,,,,,D,Y,N,A,1,0,0,0,21453.0,5,34.21590042114258,-119.06979370117188,4
2018,2018-04-11,539,4,1,5,3,Y,A,N,A,H,C,N,60,,11,G,Y,,,,B,N,N,A,1,1,0,0,21950.0,2,34.40127182006836,-118.92359924316406,4
2018,2018-04-13,1220,4,1,12,5,Y,A,N,A,H,A,A,07,,09,D,,,,,C,Y,N,A,3,0,0,0,21802.0,2,34.2423210144043,-119.0151824951172,2
2017,2017-09-30,708,9,3,7,6,N,A,N,A,H,A,A,01,N,04,C,,,,,C,N,N,A,1,0,0,0,21703.0,3,34.19005373,-119.17738129,4
2017,2017-05-19,1940,5,1,19,5,N,A,N,A,H,A,L,04,N,05,D,,Y,,,G,N,F,A,1,0,1,0,21650.0,2,34.17893744,-119.19493922,3
2018,2018-04-13,2128,4,1,21,5,N,A,N,A,H,C,A,08,E,09,D,,,,,C,Y,N,A,2,0,0,0,21804.0,2,34.240413665771484,-118.982421875,3
2018,2018-04-22,1353,4,1,13,7,N,A,N,A,G,A,-,- ,N,18,H,,Y,,,I,N,N,D,1,0,1,0,,1,34.2242546081543,-119.03905487060548,3
2018,2018-04-24,1453,4,1,14,2,N,A,N,A,H,A,L,04,E,03,D,,Y,,,G,N,N,A,1,0,1,0,22350.0,2,34.22357940673828,-119.04743957519533,3
2018,2018-04-12,726,4,1,7,4,Y,A,N,A,H,A,A,07,,09,D,,,,,C,Y,N,D,1,0,0,0,21802.0,2,34.39569091796875,-118.9079132080078,3
2018,2018-03-18,247,3,1,2,7,N,A,N,A,H,C,A,01,S,08,C,,,,,E,Y,N,A,1,0,0,0,22107.0,2,34.40732192993164,-118.91997528076172,3
2018,2018-04-20,1145,4,1,11,5,Y,A,N,A,H,A,-,- ,,18,E,,,,,I,Y,N,D,1,0,0,0,,1,34.28445053100586,-119.27242279052734,3
2018,2018-04-22,1137,4,1,11,7,Y,A,N,A,H,A,-,,,12,D,,,,,C,Y,N,A,1,0,0,0,21453.0,2,34.27019119262695,-119.17935943603516,4
2018,2018-04-21,1501,4,1,15,6,Y,A,N,A,H,A,-,,,09,D,,,,,C,Y,N,A,2,0,0,0,21801.0,2,34.279510498046875,-119.15834045410156,3
2018,2018-04-23,1354,4,1,13,1,N,A,N,A,H,A,-,,N,09,-,,Y,,,G,N,N,D,1,0,1,0,21804.0,2,34.247127532958984,-119.1945571899414,3
2018,2018-04-22,2127,4,1,21,7,N,A,N,A,H,C,-,,E,08,D,,,,,C,Y,N,D,1,0,0,0,22107.0,2,34.27303695678711,-119.25893402099608,4
2018,2018-04-22,2054,4,1,20,7,Y,A,Y,A,H,C,-,,,09,D,,,,,C,Y,N,A,1,0,0,0,21453.0,2,34.2534294128418,-119.21219635009766,4
2018,2018-04-23,320,4,1,3,1,N,A,N,A,H,C,-,,E,08,E,,,,,I,Y,N,A,1,0,0,0,22107.0,1,34.26638412475586,-119.20595550537108,3
2018,2018-04-24,1613,4,1,16,2,Y,A,N,A,H,A,-,,,03,D,,,,,C,Y,N,A,2,0,0,0,22350.0,2,34.2618408203125,-119.2060317993164,4
2018,2018-04-24,1642,4,1,16,2,Y,A,N,A,H,A,-,,,08,D,,,,,C,Y,N,A,2,0,0,0,22107.0,2,34.267478942871094,-119.27287292480467,3
2018,2018-04-25,806,4,1,8,3,N,A,N,A,H,A,A,07,N,03,-,,,,,C,Y,N,A,1,0,0,0,22350.0,2,34.28517150878906,-119.1524658203125,3
2018,2018-04-25,1721,4,1,17,3,N,A,N,A,H,A,C,03,S,04,C,,,Y,,C,N,N,A,1,0,0,0,21703.0,4,34.24671936035156,-119.19454193115234,4
2018,2018-04-23,945,4,1,9,1,Y,A,N,A,H,A,A,01,,09,-,,,,,C,N,N,A,2,0,0,0,21804.0,2,34.29230880737305,-119.15910339355467,3
2018,2018-04-24,2305,4,1,23,2,Y,A,Y,A,H,C,C,02,,03,H,,,Y,,J,Y,N,A,1,0,0,1,22350.0,1,34.26460647583008,-119.2426986694336,3
2018,2018-02-09,620,2,4,6,5,Y,A,N,A,A,C,A,01,,10,G,Y,,,,B,N,N,A,1,1,0,0,21950.0,2,34.173370361328125,-119.16017150878906,3
2018,2018-05-02,2045,5,1,20,3,Y,B,N,A,H,C,D,22,,01,D,,,,,C,Y,N,A,2,0,0,0,23152.0,2,34.28644180297852,-118.73088073730467,4
2018,2018-03-15,1540,3,1,15,4,N,A,N,A,H,A,F,26,W,03,C,,,,Y,C,N,N,D,1,0,0,0,22350.0,2,34.27901840209961,-118.75749206542967,4
2018,2018-03-20,2129,3,1,21,2,Y,C,N,B,H,C,A,01,,09,D,,,,,C,Y,N,A,1,0,0,0,21801.0,2,34.27907180786133,-118.71787261962892,4
2018,2018-03-30,1058,3,1,10,5,N,A,N,A,H,A,A,01,S,03,C,,,,,C,Y,N,A,1,0,0,0,22350.0,3,34.26725006103516,-118.76141357421876,4
2018,2018-03-28,958,3,1,9,3,Y,A,N,A,H,A,A,01,,12,D,,,,,C,Y,N,A,1,0,0,0,21453.0,2,34.286331176757805,-118.74381256103516,4
2018,2018-03-29,1156,3,1,11,4,N,A,N,A,H,A,A,07,S,08,F,,,,,I,Y,N,A,1,0,0,0,22107.0,1,34.284420013427734,-118.77874755859376,3
2018,2018-03-29,732,3,1,7,4,N,A,N,A,H,A,L,04,W,17,C,,Y,,,G,N,N,D,1,0,1,0,21208.0,2,34.26797866821289,-118.71772003173828,2
2018,2018-03-25,100,3,1,1,7,Y,A,N,A,H,C,A,01,,01,D,,Y,,,G,N,N,D,1,0,1,0,23152.0,2,34.24620056152344,-118.79434204101562,4
2018,2018-03-10,2055,3,1,20,6,N,C,N,B,H,C,A,01,N,01,A,,,,,C,Y,N,D,2,0,0,0,23152.0,3,34.278961181640625,-118.79647064208984,4
2018,2018-03-09,1503,3,1,15,5,N,A,N,A,H,A,A,01,W,09,D,,,,,C,Y,N,D,1,0,0,0,21804.0,2,34.27902603149414,-118.70968627929688,4
2018,2018-03-04,1510,3,1,15,7,N,A,N,A,H,A,A,01,E,04,C,,,,,C,Y,N,D,2,0,0,0,21703.0,2,34.28627014160156,-118.69496917724608,4
2018,2018-03-05,150,3,1,1,1,-,A,N,A,H,C,C,02,,01,E,,,Y,,I,Y,N,A,2,0,0,2,23152.0,1,34.28607177734375,-118.68106842041016,2
2018,2018-03-19,650,3,1,6,1,N,A,N,A,H,B,A,01,W,06,B,,Y,,,G,N,N,D,1,0,1,0,21760.0,2,34.27901077270508,-118.73161315917967,3
2018,2018-03-13,1431,3,1,14,2,N,C,N,B,H,-,-,,W,03,A,,,,,I,Y,N,D,1,0,0,0,22350.0,1,34.23077392578125,-118.79550170898438,4
2018,2018-03-07,1313,3,1,13,3,N,B,N,A,H,A,A,01,E,01,C,,,,,C,N,N,A,1,0,0,0,23152.0,2,34.27901077270508,-118.73040771484376,4
2018,2018-03-05,1604,3,1,16,1,N,A,N,A,H,A,C,02,W,01,E,,,Y,,I,Y,N,A,1,0,0,1,23152.0,1,34.28445816040039,-118.70897674560548,4
2018,2018-03-06,1351,3,1,13,2,N,A,N,A,H,A,A,01,N,22,B,,,,,E,Y,N,A,1,0,0,0,,2,34.26866912841797,-118.78849029541016,4
2018,2018-03-20,1339,3,1,13,2,Y,B,N,A,H,A,C,02,,09,D,,,Y,,C,Y,N,A,1,0,0,1,21801.0,2,34.2716871,-118.77212048,4
2018,2018-04-10,700,4,1,7,2,N,A,N,A,H,A,C,02,E,03,F,,,Y,,E,Y,N,D,1,0,0,1,22350.0,2,34.27815246582031,-118.77576446533205,2
2018,2018-04-23,1537,4,1,15,1,N,A,N,A,H,A,-,- ,W,18,E,,,,,I,Y,N,D,1,0,0,0,,1,34.29013442993164,-118.71368408203124,4
2018,2018-04-12,1825,4,1,18,4,N,A,N,A,H,A,A,01,W,03,C,,,,,C,N,N,D,1,0,0,0,22350.0,3,34.27167892456055,-118.73143768310548,4
2018,2018-04-10,951,4,1,9,2,Y,A,N,A,H,A,-,- ,,00,B,,,,Y,C,Y,N,A,1,0,0,0,,2,34.251670837402344,-118.8222885131836,4
2018,2018-04-18,1422,4,1,14,3,N,A,N,A,H,A,A,01,W,09,D,,,,,C,Y,N,A,1,0,0,0,21802.0,2,34.28456115722656,-118.77873229980467,3
2018,2018-04-04,1744,4,1,17,3,Y,A,N,A,H,A,D,22,,08,B,,,,,C,Y,N,D,1,0,0,0,22103.0,2,34.26604080200195,-118.74990844726562,4
2018,2018-04-23,618,4,1,6,1,N,A,N,A,H,B,A,01,E,03,C,,,,,C,Y,N,A,1,0,0,0,22350.0,2,34.286258697509766,-118.69772338867188,4