ACCIDENT_YEAR,COLLISION_DATE,COLLISION_TIME,MONTH,SEASON,24HOURS,DAY_OF_WEEK,INTERSECTION,WEATHER_1,STATE_HWY_IND,ROAD_SURFACE,ROAD_COND_1,LIGHTING,STWD_VEHTYPE_AT_FAULT,CHP_VEHTYPE_AT_FAULT,DIRECTION,PCF_VIOL_CATEGORY,TYPE_OF_COLLISION,PEDESTRIAN_ACCIDENT,BICYCLE_ACCIDENT,MOTORCYCLE_ACCIDENT,TRUCK_ACCIDENT,MVIW,TOW_AWAY,HIT_AND_RUN,CONTROL_DEVICE,NUMBER_INJURED,COUNT_PED_INJURED,COUNT_BICYCLIST_INJURED,COUNT_MC_INJURED,PCF_VIOLATION,PARTY_COUNT,POINT_Y,POINT_X,COLLISION_SEVERITY
2018,2018-06-06,1710,6,2,17,3,N,A,N,A,H,A,A,07,S,03,C,,,,,C,Y,N,A,1,0,0,0,22350.0,3,34.26754379272461,-118.79640197753906,4
2018,2018-06-03,1221,6,2,12,7,N,A,N,A,H,A,A,07,N,22,D,,,,,E,N,N,D,1,0,0,0,,2,34.24703598022461,-118.80577850341795,3
2018,2018-06-05,1245,6,2,12,2,N,A,N,A,H,A,-,- ,S,18,C,,,,,C,N,N,A,1,0,0,0,,3,34.26445007324219,-118.78231811523438,4
2018,2018-06-05,1605,6,2,16,2,Y,A,N,A,H,A,A,01,,09,D,,,,,C,Y,N,A,1,0,0,0,21801.0,2,34.263641357421875,-118.76138305664062,4
2018,2018-06-06,953,6,2,9,3,N,B,N,A,H,A,A,07,W,09,D,,Y,,,G,N,N,D,1,0,1,0,21804.0,2,34.28630065917969,-118.71865844726562,3
2018,2018-06-07,2123,6,2,21,4,Y,A,N,A,H,C,A,07,,09,H,,,,,C,Y,N,A,2,0,0,0,21801.0,2,34.21527099609375,-119.03382110595705,3
2018,2018-06-06,1004,6,2,10,3,Y,A,N,A,H,A,-,- ,,18,D,,,,,C,Y,N,A,1,0,0,0,,2,34.26084899902344,-118.7477798461914,4
2018,2018-06-15,1721,6,2,17,5,N,A,N,A,H,A,C,02,E,08,F,,,Y,,A,Y,N,D,1,0,0,1,22107.0,1,34.217166900634766,-119.03176879882812,2
2018,2018-06-12,1105,6,2,11,2,Y,A,N,A,H,A,L,04,,09,D,,Y,,,G,N,N,A,1,0,1,0,21804.0,2,34.27899932861328,-118.74391174316406,3
2018,2018-06-09,1255,6,2,12,6,Y,A,N,A,H,A,C,02,,03,E,,,Y,,I,N,N,A,1,0,0,1,22350.0,1,34.22853088378906,-119.09156036376952,2
2018,2018-06-01,851,6,2,8,5,Y,A,N,A,H,A,A,01,,09,A,,,,,C,Y,N,A,2,0,0,0,21801.0,2,34.27901077270508,-118.73052215576172,2
2018,2018-06-06,808,6,2,8,3,N,A,N,A,H,A,A,01,N,03,G,,,,,E,Y,N,D,3,0,0,0,22350.0,4,34.18336486816406,-119.18885040283205,4
2018,2018-05-27,1630,5,1,16,7,N,A,N,A,H,A,A,01,W,03,C,,,,Y,C,N,F,A,1,0,0,0,22350.0,2,34.1903076171875,-119.19520568847656,4
2018,2018-05-30,2200,5,1,22,3,N,A,N,A,H,C,A,01,W,01,D,,,,,E,Y,N,D,1,0,0,0,23152.0,3,34.181243896484375,-119.21143341064452,3
2018,2018-06-08,1545,6,2,15,5,N,A,N,A,H,A,D,72,S,03,C,,,,,C,Y,N,A,2,0,0,0,22350.0,3,34.194950103759766,-119.17747497558594,4
2018,2018-05-28,1455,5,1,14,1,N,A,N,A,H,A,-,,S,22,H,,,,,I,N,N,D,1,0,0,0,,1,34.146087646484375,-119.17227172851562,4
2018,2018-05-29,610,5,1,6,2,N,A,N,A,H,B,A,01,S,08,C,,,,Y,E,Y,N,A,1,0,0,0,22107.0,3,34.160587310791016,-119.17778778076172,2
2018,2018-06-08,1623,6,2,16,5,Y,A,N,A,H,A,F,26,,09,A,,,,Y,C,Y,N,A,2,0,0,0,21801.0,2,34.18429946899414,-119.17046356201172,4
2018,2018-06-05,1518,6,2,15,2,N,A,N,A,H,A,A,07,N,03,F,,,,,I,Y,N,D,1,0,0,0,22350.0,1,34.227840423583984,-119.22078704833984,3
2018,2018-06-04,2108,6,2,21,1,Y,A,N,A,H,C,A,01,,09,A,,,,,C,Y,N,A,1,0,0,0,21801.0,2,34.17340087890625,-119.17266845703124,4
2018,2018-06-01,1709,6,2,17,5,N,A,N,A,H,A,A,01,S,17,H,,Y,,,G,N,N,D,1,0,1,0,22517.0,2,34.189903259277344,-119.18952941894533,4
2018,2018-06-08,2020,6,2,20,5,Y,A,N,A,H,D,A,01,,09,A,,,,,C,Y,N,A,1,0,0,0,21801.0,2,34.19779968261719,-119.24250030517578,4
2018,2018-06-07,1222,6,2,12,4,N,A,N,A,H,A,A,01,N,04,C,,,,,C,N,N,D,1,0,0,0,21703.0,3,34.22251892089844,-119.15835571289062,4
2018,2018-06-18,1656,6,2,16,1,Y,A,N,A,H,A,A,01,,03,C,,,,,C,Y,N,A,1,0,0,0,22350.0,2,34.219451904296875,-119.22129058837892,4
2018,2018-06-12,1027,6,2,10,2,N,A,N,A,H,A,A,01,W,09,D,,,Y,,C,Y,N,A,2,0,0,1,21801.0,2,34.21887969970703,-119.14496612548828,3
2018,2018-06-11,806,6,2,8,1,Y,A,N,A,H,A,A,07,,09,B,,,,,C,N,N,A,5,0,0,0,21802.0,2,34.15520095825195,-119.16532135009766,3
2018,2018-06-09,1250,6,2,12,6,N,A,N,A,H,A,A,01,N,03,C,,,,,C,N,N,A,1,0,0,0,22350.0,2,34.227935791015625,-119.17606353759766,3
2018,2018-06-01,846,6,2,8,5,N,A,N,A,H,A,A,01,S,22,H,,Y,,,G,N,N,D,1,0,1,0,,2,34.193321228027344,-119.16481018066406,3
2018,2018-05-25,2042,5,1,20,5,N,A,N,A,H,C,A,01,S,09,D,,Y,,,G,N,F,B,1,0,1,0,21800.0,2,34.20476531982422,-119.1785125732422,3
2018,2018-05-22,721,5,1,7,2,Y,A,N,A,H,A,A,01,,01,C,,,,,E,Y,F,A,1,0,0,0,23153.0,3,34.192440032958984,-119.1872329711914,3
2018,2018-05-28,1620,5,1,16,1,N,A,N,A,H,A,-,- ,S,00,C,,,,,C,N,N,D,1,0,0,0,,2,34.173213958740234,-119.17664337158205,4
2018,2018-05-21,1548,5,1,15,1,Y,A,N,A,H,A,A,01,,09,D,,,,,C,Y,N,A,1,0,0,0,21804.0,2,34.189998626708984,-119.17664337158205,4
2018,2018-05-31,1128,5,1,11,4,Y,A,N,A,H,A,A,01,,09,D,,,,,C,Y,N,D,2,0,0,0,21801.0,2,34.19002151489258,-119.18731689453124,3
2018,2018-06-07,1028,6,2,10,4,N,A,N,A,H,A,A,01,W,03,C,,,,,C,N,N,A,1,0,0,0,22350.0,2,34.190040588378906,-119.18955230712892,4
2018,2018-06-07,1721,6,2,17,4,Y,A,N,A,H,A,A,01,,08,D,,,,,C,N,N,D,1,0,0,0,22107.0,2,34.169151306152344,-119.1767120361328,4
2018,2018-05-30,1615,5,1,16,3,N,A,N,A,H,A,-,- ,N,00,B,,,,,C,N,N,A,1,0,0,0,,2,34.1859130859375,-118.89240264892578,4
2018,2018-05-27,1234,5,1,12,7,N,A,N,A,H,A,A,07,W,08,A,,,,,C,Y,N,D,2,0,0,0,22107.0,2,34.15489196777344,-118.83151245117188,3
2018,2018-05-30,1030,5,1,10,3,N,A,N,A,H,A,A,01,W,03,B,,,,,C,Y,N,D,3,0,0,0,22350.0,2,34.183876037597656,-118.92180633544922,3
2018,2018-06-08,1052,6,2,10,5,N,A,N,A,H,A,A,01,W,09,D,,,,,C,Y,N,A,1,0,0,0,21804.0,2,34.18109893798828,-118.86977386474608,3
2018,2018-06-08,657,6,2,6,5,N,A,N,A,H,A,A,01,E,09,H,,,,,C,Y,N,A,1,0,0,0,21801.0,3,34.178977966308594,-118.866455078125,3
2018,2018-06-05,1215,6,2,12,2,N,B,N,A,H,C,-,,W,08,E,,,,,I,Y,N,D,1,0,0,0,22107.0,1,34.16542053222656,-118.83877563476562,4
2018,2018-06-02,1400,6,2,14,6,N,A,N,A,H,A,A,07,E,09,B,,,,,C,Y,N,A,1,0,0,0,21453.0,2,34.149139404296875,-118.82232666015624,3
2018,2018-05-31,1725,5,1,17,4,Y,A,N,A,H,A,A,07,,09,D,,,,,C,Y,N,D,1,0,0,0,21802.0,2,34.217750549316406,-119.05754852294922,4
2018,2018-06-06,1654,6,2,16,3,N,A,N,A,H,A,L,04,W,03,E,,Y,,,I,N,N,D,1,0,1,0,22350.0,1,34.23769760131836,-118.99518585205078,3
2018,2018-06-06,722,6,2,7,3,N,A,N,A,H,A,A,01,N,08,H,,,,,E,Y,N,D,2,0,0,0,22107.0,2,34.228370666503906,-119.0560302734375,3
2018,2018-06-15,1826,6,2,18,5,N,A,N,A,H,A,A,07,N,03,C,,,,,C,N,N,A,1,0,0,0,22350.0,2,34.208824157714844,-118.86837005615234,4
2018,2018-06-18,1630,6,2,16,1,N,A,N,A,H,A,L,04,W,07,H,,Y,,,G,N,N,D,1,0,1,0,21658.0,2,34.21185302734375,-118.83716583251952,3
2018,2018-06-16,1401,6,2,14,6,N,A,N,A,H,A,A,08,S,04,C,,,,,C,Y,N,A,1,0,0,0,21703.0,2,34.182594299316406,-118.87580871582033,4
2018,2018-06-14,1557,6,2,15,4,N,A,N,A,H,A,A,01,E,08,B,,,,,C,Y,N,D,2,0,0,0,22107.0,2,34.24171829223633,-118.83970642089844,2
2018,2018-06-06,1305,6,2,13,3,N,A,N,A,H,A,L,04,S,05,D,,Y,,,G,N,N,D,1,0,1,0,21650.0,2,34.274356842041016,-118.70895385742188,4
2018,2018-06-24,1139,6,2,11,7,Y,A,N,A,H,A,A,01,,09,H,,,,,C,Y,N,A,2,0,0,0,21801.0,2,34.22357940673828,-119.04744720458984,3
2018,2018-05-12,2247,5,1,22,6,N,A,N,A,H,C,D,22,N,01,C,,,,,E,Y,N,D,1,0,0,0,23152.0,3,34.170753479003906,-118.94883728027344,4
2018,2018-06-27,446,6,2,4,3,N,E,N,A,H,D,A,01,E,03,E,,,,,I,Y,N,D,1,0,0,0,22350.0,1,34.2459602355957,-118.86515045166016,2
2018,2018-06-14,1904,6,2,19,4,N,A,N,A,H,A,A,01,W,12,D,,,,,C,Y,F,B,1,0,0,0,22450.0,2,34.165630340576165,-119.19033050537108,3
2018,2018-06-27,1245,6,2,12,3,N,A,N,A,H,A,A,01,S,09,D,,,,,C,Y,N,A,1,0,0,0,21804.0,2,34.22865295410156,-119.01761627197266,4
2018,2018-06-19,1820,6,2,18,2,N,A,N,A,C,A,-,,E,08,-,,,,,C,,N,D,1,0,0,0,22107.0,2,34.27516174316406,-119.27436065673828,4
2018,2018-06-13,1745,6,2,17,3,Y,A,N,A,H,A,A,01,,03,C,,,,,C,N,N,A,7,0,0,0,22350.0,2,34.27756881713867,-119.21795654296876,4
2018,2018-06-08,1345,6,2,13,5,Y,A,N,A,-,A,A,01,,09,A,,Y,,,G,N,N,D,1,0,1,0,21802.0,2,34.29172897338867,-119.29769134521484,4
2018,2018-06-19,626,6,2,6,2,Y,B,N,A,H,A,D,22,,08,D,,Y,,,G,N,N,A,1,0,1,0,22107.0,2,34.24695002,-119.1948899,3
2018,2018-06-22,903,6,2,9,5,Y,A,N,A,H,A,D,22,,03,C,,,,,C,Y,N,A,1,0,0,0,22350.0,2,34.26192092895508,-119.23184967041016,3
2018,2018-06-23,1925,6,2,19,6,-,B,N,A,H,A,A,01,,09,D,,,,,C,Y,N,D,1,0,0,0,21804.0,2,34.273998,-119.242104,4
2018,2018-06-22,1850,6,2,18,5,Y,A,N,A,H,A,-,,,08,A,,,,,C,N,N,A,1,0,0,0,22107.0,2,34.2795295715332,-119.2961883544922,4
2018,2018-06-13,1325,6,2,13,3,N,A,N,A,H,A,-,,E,03,C,,,,,C,N,N,A,1,0,0,0,22350.0,2,34.2756462097168,-119.2305145263672,4
2018,2018-06-18,758,6,2,7,1,N,A,N,A,H,A,-,,E,08,-,,,,,C,Y,N,D,1,0,0,0,22107.0,3,34.26826095581055,-119.25315856933594,4
2018,2018-06-16,1445,6,2,14,6,N,A,N,A,H,A,-,,E,03,C,,,,,C,Y,N,-,1,0,0,0,22350.0,3,34.26825714111328,-119.19300842285156,4
2018,2018-06-17,1915,6,2,19,7,Y,B,N,A,H,A,-,,,09,D,,,,,C,Y,N,A,1,0,0,0,21801.0,2,34.27019119262695,-119.17935943603516,3
2018,2018-05-27,145,5,1,1,7,N,A,N,A,H,C,A,01,N,01,C,,,,,E,Y,N,A,1,0,0,0,23152.0,3,34.20643997192383,-119.17723846435548,3
2018,2018-06-08,733,6,2,7,5,Y,A,N,A,H,A,J,48,,09,D,,,,,C,Y,N,A,1,0,0,0,21802.0,2,34.2150993347168,-119.00296783447266,4
2018,2018-05-19,1634,5,1,16,6,N,A,N,A,H,A,A,07,S,11,G,Y,,,,B,N,N,B,1,1,0,0,21954.0,2,34.20143127441406,-119.16851806640624,4
2018,2018-06-03,1945,6,2,19,7,Y,A,N,A,H,C,A,01,,01,D,,,,,C,Y,N,A,2,0,0,0,23152.0,2,34.234699,-119.179878,4
2018,2018-06-11,1801,6,2,18,1,Y,A,N,A,H,A,A,07,,08,B,,,,,C,Y,N,D,3,0,0,0,22107.0,2,34.160980224609375,-119.17510986328124,4
2018,2018-06-14,548,6,2,5,4,Y,B,N,A,H,A,A,01,,09,A,,,,,C,N,N,A,2,0,0,0,21801.0,2,34.1609992980957,-119.1777801513672,4
2018,2018-06-09,747,6,2,7,6,Y,A,N,A,H,A,A,07,,09,A,,,,,C,Y,N,A,1,0,0,0,21801.0,2,34.24409866333008,-119.1640625,4
2018,2018-06-18,1409,6,2,14,1,N,A,N,A,H,A,-,,E,03,C,,,,,C,Y,N,D,4,0,0,0,22350.0,4,34.249290466308594,-119.20362854003906,3
2018,2018-06-13,1034,6,2,10,3,Y,A,Y,A,H,A,A,01,,12,D,,,,,D,Y,N,A,1,0,0,0,21453.0,2,34.18450927734375,-118.90773010253906,3
2018,2018-06-16,1245,6,2,12,6,Y,A,Y,A,H,A,A,07,,04,C,,,,,C,Y,N,A,1,0,0,0,21703.0,2,34.239803314208984,-119.16731262207033,4
2018,2018-06-21,913,6,2,9,4,N,A,Y,A,H,A,A,01,W,04,C,,,,,C,Y,N,D,3,0,0,0,21703.0,3,34.14270782470703,-118.84962463378906,3
2018,2018-04-25,536,4,1,5,3,N,A,N,A,H,C,N,60,W,11,G,Y,,,,B,Y,N,D,0,0,0,0,21954.0,2,34.36544418334961,-119.05771636962892,1
2018,2018-06-25,826,6,2,8,1,N,A,N,A,H,A,A,07,S,09,D,,,Y,,C,Y,F,D,0,0,0,0,21801.0,2,34.277225494384766,-118.7089614868164,1
2018,2018-07-20,2125,7,2,21,5,N,A,N,A,H,C,N,60,S,11,G,Y,,,,B,Y,N,D,0,0,0,0,21954.0,2,34.210426330566406,-119.17733001708984,1
2018,2018-08-10,2037,8,2,20,5,Y,A,N,A,H,C,N,60,,11,G,Y,,,,B,N,F,D,0,0,0,0,21954.0,2,34.2869987487793,-119.2991180419922,1
2018,2018-07-15,1849,7,2,18,7,N,A,N,A,H,A,C,02,W,01,E,,,Y,,I,Y,N,D,0,0,0,0,23152.0,1,34.22740936279297,-119.07463836669922,1
2018,2018-06-02,113,6,2,1,6,N,A,N,A,H,C,A,01,W,05,A,,,Y,Y,C,Y,N,D,4,0,0,0,21460.0,9,34.175350189208984,-119.18436431884766,1
2018,2018-02-10,2349,2,4,23,6,N,A,N,A,H,C,N,60,N,11,G,Y,,,,B,Y,N,D,0,0,0,0,21954.0,2,34.2390022277832,-119.18091583251952,1
2018,2018-10-19,2237,10,3,22,5,N,A,Y,A,H,C,N,60,S,11,G,Y,,,,B,Y,N,A,0,0,0,0,21954.0,2,34.18450927734375,-118.90773010253906,1
2018,2018-11-10,1735,11,3,17,6,N,A,N,A,H,C,N,60,S,11,G,Y,,,,B,Y,N,D,0,0,0,0,21954.0,2,34.1911506652832,-118.87440490722656,1
2018,2018-12-18,1357,12,4,13,2,Y,A,N,A,H,A,A,01,,09,D,Y,,,,C,Y,N,A,2,0,0,0,21801.0,4,34.271728515625,-118.79096221923828,1
2018,2018-05-31,521,5,1,5,4,Y,B,N,A,H,B,D,22,,12,D,,,,,C,Y,N,D,1,0,0,0,22450.0,2,34.20576858520508,-119.1773681640625,3
2018,2018-06-18,2331,6,2,23,1,Y,A,N,A,H,C,A,01,,12,H,,,,,D,Y,N,A,3,0,0,0,21453.0,2,34.17892837524414,-118.87651824951172,4
2018,2018-07-04,2214,7,2,22,3,Y,A,N,A,H,C,J,48,,00,E,,,,,I,Y,N,A,1,0,0,0,21056.0,1,34.271099090576165,-119.18914031982422,3
2018,2018-06-25,608,6,2,6,1,Y,B,N,A,H,A,-,- ,,00,D,,,,,C,Y,N,A,2,0,0,0,,2,34.1799,-119.16527,4
2018,2018-07-31,1045,7,2,10,2,Y,A,N,A,H,A,A,01,,09,D,,,,,C,N,N,D,1,0,0,0,21802.0,2,34.22816848754883,-119.16828155517578,4
2018,2018-08-06,2059,8,2,20,1,Y,A,N,A,H,C,A,01,,12,D,,,,,C,Y,N,D,2,0,0,0,21453.0,2,34.196998596191406,-119.1598892211914,4
2018,2018-08-07,2041,8,2,20,2,Y,A,N,A,H,C,-,- ,,12,D,,,,,C,Y,N,A,2,0,0,0,21453.0,2,34.177349090576165,-119.17759704589844,4
2018,2018-08-08,1744,8,2,17,3,Y,A,N,A,H,A,L,04,,05,D,,Y,,,G,N,N,A,1,0,1,0,21650.0,2,34.2458610534668,-119.1999282836914,3
2018,2018-07-31,1031,7,2,10,2,Y,A,N,A,H,A,-,,,09,D,,Y,,,G,N,N,A,1,0,1,0,21804.0,2,34.256631,-119.210737,4
2018,2018-08-15,223,8,2,2,3,Y,A,N,A,H,D,A,01,,08,H,,,,,-,Y,N,D,3,0,0,0,22107.0,1,34.287940979003906,-119.19537353515624,3
2018,2018-08-14,100,8,2,1,2,Y,A,N,A,H,C,-,,,08,E,,,,,I,Y,N,A,1,0,0,0,22107.0,1,34.280619,-119.280721,4
2018,2018-07-26,1430,7,2,14,4,N,A,N,A,H,A,-,,W,03,C,,,,,D,Y,N,D,4,0,0,0,22350.0,2,34.2760009765625,-119.27860260009766,4
2018,2018-08-01,755,8,2,7,3,N,-,N,-,-,-,-,,S,08,E,,,,,I,Y,N,-,1,0,0,0,22107.0,1,34.26433181762695,-119.17809295654295,3
2018,2018-07-17,1233,7,2,12,2,Y,A,N,A,H,A,-,,,03,C,,,,,D,Y,N,A,2,0,0,0,22350.0,2,34.26546096801758,-119.21256256103516,4
2018,2018-06-17,1753,6,2,17,7,Y,A,Y,A,H,A,A,07,,12,F,,,,,C,Y,N,A,4,0,0,0,21453.0,2,34.16682815551758,-119.14273071289062,3
2018,2018-08-28,1614,8,2,16,2,N,A,N,A,H,A,A,01,W,21,C,,,,,C,N,N,A,3,0,0,0,22106.0,2,34.154720306396484,-119.18074798583984,4
2018,2018-07-25,1326,7,2,13,3,N,A,N,A,H,A,-,,N,03,C,,,,,C,N,N,A,1,0,0,0,22350.0,2,34.26105880737305,-119.2116470336914,4
2018,2018-07-25,826,7,2,8,3,N,A,N,A,H,A,-,,E,08,B,,,,,C,Y,N,A,1,0,0,0,22107.0,2,34.27956008911133,-119.28547668457033,3
2018,2018-09-09,1745,9,3,17,7,Y,B,N,A,H,A,-,,,03,A,,,,,I,Y,N,D,1,0,0,0,22350.0,1,34.263015,-119.244898,4
2018,2018-08-01,1208,8,2,12,3,N,A,N,A,H,A,-,,S,03,C,,,,,C,Y,F,-,1,0,0,0,22350.0,4,34.25154113769531,-119.21177673339844,4
2018,2018-09-09,1020,9,3,10,7,N,A,N,A,H,A,-,,N,03,C,,,,,C,N,N,D,1,0,0,0,22350.0,2,34.26034927368164,-119.21485900878906,3
2018,2018-08-17,712,8,2,7,5,N,A,N,A,H,A,I,12,W,03,C,,,,,C,N,N,A,1,0,0,0,22350.0,2,34.271728515625,-118.78768157958984,4
2018,2018-09-02,1420,9,3,14,7,N,A,N,A,H,A,M,96,S,09,D,,,,,C,Y,N,D,1,0,0,0,21801.0,2,34.21573638916016,-119.05347442626952,3
2018,2018-08-07,936,8,2,9,2,N,A,N,A,H,A,J,48,W,21,C,,,,,C,N,N,D,1,0,0,0,22106.0,2,34.4058723449707,-118.92517852783205,4
2018,2018-07-24,128,7,2,1,2,N,A,N,A,H,C,L,04,S,03,D,,Y,,,G,N,N,D,1,0,1,0,22350.0,2,34.19209671020508,-119.17740631103516,3
2018,2018-09-07,830,9,3,8,5,Y,A,N,A,H,A,A,01,,09,D,,,,,C,N,N,A,1,0,0,0,21800.0,2,34.3997688293457,-118.90869140625,4
2018,2018-07-15,2115,7,2,21,7,N,A,N,A,H,C,A,01,E,03,B,Y,,,,C,Y,N,A,1,1,0,0,22350.0,4,34.17731857299805,-119.17520141601562,4
2018,2018-08-29,955,8,2,9,3,Y,A,N,A,H,A,-,,,08,-,,,,,C,Y,N,A,2,0,0,0,22107.0,3,34.281959533691406,-119.2155532836914,3
2018,2018-06-05,1807,6,2,18,2,N,A,Y,A,H,A,A,01,N,03,C,,,,,C,N,N,A,1,0,0,0,22350.0,2,34.24031448364258,-119.18392181396484,4
2018,2018-06-19,706,6,2,7,2,N,A,N,A,H,A,A,01,N,09,D,,,,,C,Y,N,A,2,0,0,0,21801.0,2,34.24534606933594,-119.19290924072266,3
2018,2018-06-19,1355,6,2,13,2,Y,A,N,A,H,A,D,22,,09,D,,,,,C,Y,N,A,1,0,0,0,21801.0,2,34.29145050048828,-119.15823364257812,4
2017,2017-10-14,2200,10,3,22,6,N,A,Y,A,H,D,A,01,S,03,E,,,,,A,Y,N,D,2,0,0,0,22350.0,1,34.13909069,-118.84994991,3
2017,2017-09-25,926,9,3,9,1,N,A,Y,A,H,A,A,01,S,03,C,,,,,C,Y,N,A,1,0,0,0,22350.0,2,34.22470564,-119.15744847,4
2018,2018-06-21,1728,6,2,17,4,Y,A,Y,A,H,A,A,01,,09,D,,,,,C,Y,N,A,1,0,0,0,21802.0,2,34.3967170715332,-118.914306640625,4
2018,2018-06-26,915,6,2,9,2,Y,A,Y,A,H,A,A,07,,09,D,,,,,C,Y,N,A,1,0,0,0,21453.0,2,34.24462127685547,-118.83983612060548,3
2018,2018-06-13,1741,6,2,17,3,Y,A,N,A,H,A,D,22,,03,C,,,,,C,N,F,D,2,0,0,0,22350.0,2,34.17449951171875,-119.16562652587892,4
2018,2018-06-05,118,6,2,1,2,Y,A,N,A,H,C,L,04,,12,D,,Y,,,G,N,N,A,1,0,1,0,21453.0,2,34.24216842651367,-119.17214965820312,4
2018,2018-06-22,928,6,2,9,5,N,A,N,A,H,A,A,07,S,04,C,,,,,C,N,N,D,1,0,0,0,21703.0,2,34.24312973022461,-119.18486785888672,4
2018,2018-05-22,757,5,1,7,2,Y,B,N,A,H,A,A,01,,10,G,Y,,,,B,N,N,A,1,1,0,0,21950.0,2,34.29352188110352,-118.70894622802734,3
2018,2018-05-23,713,5,1,7,3,N,B,N,A,H,A,A,07,E,03,C,,,,,C,Y,N,A,1,0,0,0,22350.0,2,34.27899932861328,-118.72599029541016,4
2018,2018-05-23,908,5,1,9,3,N,B,N,A,H,A,A,01,W,09,D,,,,,C,Y,N,D,2,0,0,0,21804.0,2,34.2637939453125,-118.7617416381836,4
2018,2018-06-26,720,6,2,7,2,N,A,N,A,H,A,D,22,N,03,C,,,,,C,N,N,B,1,0,0,0,22350.0,2,34.21921920776367,-119.17725372314452,4
2018,2018-06-29,1851,6,2,18,5,N,A,N,A,H,A,A,07,E,03,C,,,,,C,Y,N,A,1,0,0,0,22350.0,2,34.268882751464844,-119.18849182128906,3
2018,2018-06-26,1431,6,2,14,2,N,A,N,A,H,A,D,22,N,08,D,,,,,D,N,N,D,1,0,0,0,22107.0,2,34.1906852722168,-119.18118286132812,3
2018,2018-06-30,2048,6,2,20,6,Y,A,N,A,H,D,D,22,,10,D,Y,,,,B,N,N,A,1,1,0,0,21950.0,2,34.27661895751953,-119.1620635986328,3
2018,2018-03-19,1810,3,1,18,1,N,A,N,A,H,A,A,01,N,01,B,,,,,C,Y,N,A,5,0,0,0,23152.0,6,34.190528869628906,-119.22134399414062,3
2018,2018-06-11,809,6,2,8,1,Y,A,N,A,H,A,A,01,,09,D,,,,,C,Y,N,A,1,0,0,0,21800.0,2,34.162010192871094,-119.17005157470705,4
2018,2018-06-10,1842,6,2,18,7,N,A,N,A,H,A,A,08,E,22,C,,,,,C,N,N,A,1,0,0,0,,2,34.20646286010742,-119.17716979980467,4
2018,2018-06-04,1249,6,2,12,1,Y,A,N,A,H,A,A,01,,09,D,,,,,C,Y,F,A,2,0,0,0,21802.0,2,34.22761917114258,-119.15238189697266,4
2018,2018-06-01,2035,6,2,20,5,N,A,N,A,H,C,A,01,E,03,C,,,,,C,N,F,A,1,0,0,0,22350.0,2,34.17369842529297,-119.18109893798828,4
2018,2018-06-05,1852,6,2,18,2,Y,A,N,A,H,A,A,07,,09,D,,,,,C,Y,N,B,1,0,0,0,21801.0,2,34.19514083862305,-119.19490051269533,3
2018,2018-06-20,1650,6,2,16,3,N,A,N,A,H,A,A,01,S,08,B,,,Y,,C,N,N,D,1,0,0,1,22107.0,2,34.197166442871094,-119.22127532958984,4
2018,2018-06-18,1626,6,2,16,1,N,A,N,A,H,A,A,01,E,04,C,,,,,C,Y,N,A,1,0,0,0,21703.0,2,34.17369842529297,-119.1809310913086,4
2018,2018-06-17,1540,6,2,15,7,N,A,N,A,H,A,A,01,S,08,E,,,,,I,Y,N,D,1,0,0,0,22107.0,1,34.21467971801758,-119.19471740722656,4
2018,2018-06-15,1942,6,2,19,5,Y,A,N,A,H,A,A,01,,08,B,,,,,C,Y,N,A,1,0,0,0,22107.0,2,34.20634841918945,-119.1596908569336,4
2018,2018-06-15,1701,6,2,17,5,Y,A,N,A,H,A,A,01,,09,D,,,,,C,Y,N,A,2,0,0,0,21802.0,2,34.197750091552734,-119.18791961669922,3
2018,2018-06-14,1854,6,2,18,4,N,A,N,A,H,A,A,01,S,04,C,,,,,C,Y,N,D,1,0,0,0,21703.0,3,34.206298828125,-119.1597137451172,4
2018,2018-06-25,1156,6,2,11,1,Y,A,N,A,H,A,A,07,,03,C,,,,,C,Y,N,A,2,0,0,0,22350.0,3,34.19036865234375,-119.20809936523438,4
2018,2018-06-11,653,6,2,6,1,Y,A,N,A,H,A,A,01,,09,D,,,,,C,,N,D,2,0,0,0,21802.0,2,34.18832015991211,-119.18122100830078,4