ACCIDENT_YEAR,COLLISION_DATE,COLLISION_TIME,MONTH,SEASON,24HOURS,DAY_OF_WEEK,INTERSECTION,WEATHER_1,STATE_HWY_IND,ROAD_SURFACE,ROAD_COND_1,LIGHTING,STWD_VEHTYPE_AT_FAULT,CHP_VEHTYPE_AT_FAULT,DIRECTION,PCF_VIOL_CATEGORY,TYPE_OF_COLLISION,PEDESTRIAN_ACCIDENT,BICYCLE_ACCIDENT,MOTORCYCLE_ACCIDENT,TRUCK_ACCIDENT,MVIW,TOW_AWAY,HIT_AND_RUN,CONTROL_DEVICE,NUMBER_INJURED,COUNT_PED_INJURED,COUNT_BICYCLIST_INJURED,COUNT_MC_INJURED,PCF_VIOLATION,PARTY_COUNT,POINT_Y,POINT_X,COLLISION_SEVERITY
2018,2018-08-30,711,8,2,7,4,Y,A,N,A,H,A,A,01,,09,D,,,,,C,Y,N,A,2,0,0,0,21801.0,3,34.173431396484375,-119.1656494140625,3
2018,2018-08-26,1514,8,2,15,7,N,A,N,A,H,A,A,01,W,03,C,,,,,C,N,N,A,1,0,0,0,22350.0,2,34.19755935668945,-119.1811752319336,4
2018,2018-08-27,1430,8,2,14,1,N,A,N,A,H,A,D,22,E,03,C,,,,,C,N,F,A,1,0,0,0,22350.0,2,34.19752502441406,-119.22112274169922,4
2018,2018-08-10,1748,8,2,17,5,N,A,N,A,H,A,A,01,N,22,E,,,,,I,Y,N,D,1,0,0,0,,1,34.158748626708984,-118.81796264648438,4
2018,2018-08-12,1048,8,2,10,7,Y,A,N,A,H,A,A,01,,09,B,,,,,C,Y,N,D,1,0,0,0,21802.0,2,34.17953872680664,-118.93216705322266,4
2018,2018-08-11,2228,8,2,22,6,N,A,N,A,H,C,A,07,S,08,B,Y,,,,B,N,F,D,1,0,0,0,22107.0,3,34.22306060791016,-118.88819122314452,4
2018,2018-08-24,2029,8,2,20,5,N,A,N,A,H,D,A,01,W,01,E,,,,,I,Y,N,D,1,0,0,0,23152.0,1,34.185829162597656,-118.79199981689452,4
2018,2018-08-21,743,8,2,7,2,N,A,N,A,H,A,A,01,N,08,-,,,,,C,N,N,-,1,0,0,0,22107.0,2,34.1685791015625,-119.19500732421876,4
2018,2018-08-19,1718,8,2,17,7,N,A,N,A,H,A,A,07,S,03,C,,,,,C,N,M,A,2,0,0,0,22350.0,2,34.1683464050293,-119.19501495361328,4
2018,2018-07-15,200,7,2,2,7,N,A,N,A,H,C,D,22,E,09,H,,,,,C,Y,N,D,2,0,0,0,21801.0,2,34.18390655517578,-118.91465759277344,3
2018,2018-09-04,1738,9,3,17,2,Y,A,N,A,H,A,A,01,,12,D,,,,,D,Y,N,A,1,0,0,0,21453.0,2,34.18627166748047,-118.95411682128906,3
2018,2018-09-08,441,9,3,4,6,N,A,N,A,H,D,D,22,W,08,E,,,,,I,Y,N,D,1,0,0,0,22107.0,1,34.22410583496094,-118.88485717773438,4
2018,2018-09-09,1132,9,3,11,7,N,A,N,A,H,A,A,01,W,03,H,,Y,,,G,N,N,A,1,0,1,0,22350.0,2,34.18528747558594,-118.78689575195312,3
2018,2018-09-07,1757,9,3,17,5,N,A,N,A,H,A,A,08,E,03,C,,,,,C,Y,N,A,2,0,0,0,22350.0,2,34.188186645507805,-118.91082000732422,3
2018,2018-09-06,1721,9,3,17,4,N,A,N,A,H,A,A,01,N,09,D,,,,,C,N,N,D,1,0,0,0,21801.0,2,34.16719436645508,-118.83255004882812,4
2018,2018-09-04,1230,9,3,12,2,N,A,N,A,H,A,A,01,W,07,B,,,,,C,N,N,A,1,0,0,0,21658.0,2,34.16120910644531,-118.82347869873048,4
2018,2018-09-12,922,9,3,9,3,Y,A,N,A,H,A,D,22,,12,D,,,,,D,Y,N,A,1,0,0,0,21453.0,2,34.18191146850586,-118.92739105224608,4
2018,2018-09-11,1325,9,3,13,2,N,A,N,A,H,A,A,01,W,01,C,,,,,C,Y,N,A,1,0,0,0,23152.0,4,34.18558120727539,-118.89244079589844,4
2018,2018-09-06,1743,9,3,17,4,N,A,N,A,H,A,A,01,S,03,C,,,,,C,N,N,A,2,0,0,0,22350.0,3,34.207305908203125,-118.8683624267578,4
2018,2018-09-12,1550,9,3,15,3,N,A,N,A,H,A,A,01,W,08,A,,,,,C,Y,N,D,1,0,0,0,22100.0,2,34.20869064331055,-118.84449005126952,3
2018,2018-09-10,1150,9,3,11,1,N,A,N,A,H,A,A,07,S,05,B,,,,,C,N,F,D,1,0,0,0,21460.0,2,34.24620819091797,-118.86858367919922,4
2018,2018-07-12,1149,7,2,11,4,Y,A,N,A,H,A,A,01,,12,D,,,,,C,Y,N,A,2,0,0,0,21453.0,2,34.18254852294922,-119.16004943847656,3
2018,2018-07-27,1425,7,2,14,5,Y,B,N,A,H,A,-,,,09,C,,,,,C,Y,N,A,1,0,0,0,21801.0,3,34.203079223632805,-119.22109222412108,4
2018,2018-06-01,1916,6,2,19,5,N,A,N,A,H,A,A,01,E,03,C,,,,,C,Y,F,A,1,0,0,0,22350.0,2,34.17369842529297,-119.18080139160156,4
2018,2018-08-13,13,8,2,0,1,Y,A,N,A,H,C,A,01,,01,E,,,,,I,Y,N,D,1,0,0,0,23152.0,1,34.194091796875,-119.24069213867188,4
2018,2018-08-19,10,8,2,0,7,N,A,N,A,H,C,A,01,S,01,C,,,,,C,Y,F,D,2,0,0,0,23152.0,2,34.209747314453125,-119.178466796875,4
2018,2018-08-14,657,8,2,6,2,Y,A,N,A,H,A,A,07,,09,G,Y,,,,B,N,N,D,1,1,0,0,21804.0,2,34.2076301574707,-119.1642837524414,4
2018,2018-08-15,1305,8,2,13,3,N,A,N,A,H,A,A,01,E,09,D,,,,,C,Y,N,A,1,0,0,0,21801.0,3,34.1609992980957,-119.1777801513672,4
2018,2018-08-02,1253,8,2,12,4,Y,A,N,A,H,A,A,01,,09,A,,,,,C,Y,N,D,1,0,0,0,21801.0,2,34.192440032958984,-119.18639373779295,4
2018,2018-08-21,1903,8,2,19,2,N,A,N,A,-,A,A,01,N,01,C,,,,,C,N,F,D,1,0,0,0,23152.0,2,34.15116500854492,-119.18619537353516,4
2018,2018-08-15,1807,8,2,18,3,N,A,N,A,H,A,A,08,S,03,D,,,,,C,N,F,D,2,0,0,0,22350.0,2,34.205814361572266,-119.15976715087892,4
2018,2018-08-23,1649,8,2,16,4,N,A,N,A,H,A,A,07,W,01,C,,,,,C,Y,N,A,2,0,0,0,23152.0,2,34.204551696777344,-119.17543029785156,4
2018,2018-08-21,1459,8,2,14,2,N,A,N,A,H,A,A,01,S,03,C,,,,,C,Y,N,A,4,0,0,0,22350.0,2,34.15476608276367,-119.18611145019533,4
2018,2018-08-17,1807,8,2,18,5,Y,A,N,A,H,A,A,01,,08,D,,,,,C,N,N,A,1,0,0,0,22107.0,2,34.19015121459961,-119.18119049072266,4
2018,2018-08-18,1840,8,2,18,6,Y,A,N,A,H,A,A,01,,08,D,,,,,C,N,N,A,3,0,0,0,22107.0,2,34.17557907104492,-119.18617248535156,3
2018,2018-08-18,2040,8,2,20,6,N,A,N,A,H,C,A,01,N,01,C,,,,,C,Y,N,D,3,0,0,0,23153.0,2,34.19812774658203,-119.22126007080078,4
2018,2018-07-23,1133,7,2,11,1,Y,A,N,A,H,A,A,08,,12,D,,Y,,,G,N,F,A,1,0,1,0,21453.0,2,34.171669006347656,-119.16017150878906,3
2018,2018-07-28,2230,7,2,22,6,Y,A,N,A,H,C,-,- ,,00,A,,,,,C,N,N,A,1,0,0,0,,2,34.173431396484375,-119.1656494140625,4
2018,2018-08-17,1252,8,2,12,5,N,A,N,A,H,A,A,01,S,04,C,,,,,C,N,N,A,1,0,0,0,21703.0,2,34.21904754638672,-119.05078125,4
2018,2018-08-21,1900,8,2,19,2,N,A,N,A,H,A,A,08,W,03,C,,,,,C,N,N,A,1,0,0,0,22350.0,2,34.21832656860352,-119.00519561767578,4
2018,2018-07-05,1208,7,2,12,4,N,A,N,A,H,A,A,01,W,08,E,,,,,I,Y,N,D,1,0,0,0,22107.0,1,34.25400161743164,-118.80431365966795,3
2018,2018-08-20,2325,8,2,23,1,Y,B,N,A,H,C,-,,,08,D,,,,,C,Y,N,A,3,0,0,0,22101.0,3,34.24695002,-119.1948899,4
2018,2018-08-08,1038,8,2,10,3,N,A,N,A,H,A,A,01,E,17,D,,,Y,,C,Y,N,A,1,0,0,1,21461.0,2,34.2175178527832,-119.04984283447266,4
2018,2018-09-01,812,9,3,8,6,N,A,N,A,H,A,-,,W,10,G,Y,,,,B,N,N,A,1,1,0,0,21950.0,2,34.273075103759766,-119.2478485107422,3
2018,2018-08-31,955,8,2,9,5,N,A,N,A,H,A,L,04,W,09,D,,Y,,,C,N,N,A,1,0,1,0,21804.0,2,34.27899932861328,-118.7439193725586,4
2018,2018-08-27,1255,8,2,12,1,Y,A,N,A,H,A,A,01,,12,D,,,,,C,Y,N,A,1,0,0,0,21453.0,2,34.27288055419922,-118.79975128173828,4
2018,2018-08-27,1438,8,2,14,1,N,A,N,A,H,A,A,07,E,09,D,,,Y,,C,Y,N,D,1,0,0,1,21801.0,2,34.271671295166016,-118.74219512939452,2
2018,2018-08-27,1454,8,2,14,1,Y,A,N,A,H,A,A,01,,09,D,,,,,C,Y,N,A,2,0,0,0,21801.0,3,34.27167892456055,-118.73052978515624,3
2018,2018-08-27,1656,8,2,16,1,Y,A,N,A,H,A,-,,,09,D,,,,,C,Y,N,D,1,0,0,0,21802.0,2,34.279028,-118.775522,4
2018,2018-08-29,1657,8,2,16,3,N,A,N,A,H,A,-,,W,03,C,,,,,C,Y,N,A,1,0,0,0,22350.0,2,34.27165222167969,-118.74388885498048,3
2018,2018-08-13,104,8,2,1,1,N,A,Y,A,H,D,A,07,S,01,E,,,,,I,Y,N,D,1,0,0,0,23152.0,1,34.13949966430664,-118.84996032714844,4
2018,2018-08-23,1540,8,2,15,4,N,A,Y,A,H,A,D,22,S,21,C,,,,,C,Y,N,A,1,0,0,0,22106.0,2,34.234703063964844,-119.0158462524414,4
2018,2018-09-04,655,9,3,6,2,Y,B,Y,A,D,A,-,- ,,00,H,,,,,C,Y,N,A,2,0,0,0,,2,34.18562698364258,-118.92919921875,3
2018,2018-09-16,1800,9,3,18,7,Y,A,N,A,H,A,D,22,,09,D,,,,,D,Y,N,A,1,0,0,0,21801.0,2,34.286331176757805,-118.74381256103516,4
2018,2018-09-14,1811,9,3,18,5,N,A,N,A,H,A,D,22,W,09,D,,,,,C,Y,N,D,2,0,0,0,21804.0,2,34.28456115722656,-118.77873229980467,4
2018,2018-09-20,1159,9,3,11,4,Y,A,N,A,A,A,D,22,,21,G,Y,,,,B,N,N,A,1,1,0,0,22106.0,2,34.2782096862793,-118.77879333496094,4
2018,2018-09-14,1225,9,3,12,5,N,A,N,A,H,A,D,22,N,03,C,,,,,C,N,N,A,1,0,0,0,22350.0,2,34.216609954833984,-119.00624847412108,4
2018,2018-08-30,1546,8,2,15,4,N,A,N,A,H,A,D,22,W,03,C,,,,,C,N,N,A,1,0,0,0,22350.0,2,34.181095123291016,-118.85858917236328,4
2018,2018-09-11,1237,9,3,12,2,Y,A,N,A,H,A,D,22,,09,H,,,,,C,N,N,D,1,0,0,0,21801.0,2,34.17280960083008,-118.98486328125,4
2018,2018-09-05,2022,9,3,20,3,Y,A,Y,A,H,C,C,02,,09,B,,,Y,,D,Y,N,A,1,0,0,1,21800.0,2,34.22575759887695,-119.16145324707033,4
2018,2018-07-30,1246,7,2,12,1,N,A,N,A,H,A,A,01,E,09,D,,,,,C,N,N,A,1,0,0,0,21802.0,2,34.17569351196289,-119.1947784423828,4
2018,2018-07-29,1319,7,2,13,7,Y,A,N,A,H,A,A,01,,03,C,,,,,C,Y,N,A,2,0,0,0,22350.0,2,34.197689056396484,-119.1774673461914,4
2018,2018-08-27,1541,8,2,15,1,N,A,N,A,H,A,A,01,E,09,D,,,,,C,N,N,D,1,0,0,0,21804.0,2,34.20831298828125,-119.19398498535156,4
2018,2018-08-31,854,8,2,8,5,Y,A,N,A,H,A,A,01,,09,D,,,,,C,Y,N,D,1,0,0,0,21802.0,2,34.199031829833984,-119.14909362792967,4
2018,2018-09-03,1654,9,3,16,1,N,A,N,A,H,A,A,08,S,08,E,,,,,I,Y,N,A,1,0,0,0,22107.0,1,34.29506301879883,-118.68817901611328,2
2018,2018-08-24,156,8,2,1,5,N,A,N,A,H,C,A,01,N,03,E,,,,,I,Y,M,A,1,0,0,0,22350.0,1,34.1973876953125,-119.14239501953124,3
2018,2018-09-05,1333,9,3,13,3,N,A,N,A,H,A,A,01,S,03,C,,,,,C,N,N,A,1,0,0,0,22350.0,2,34.27521514892578,-118.70895385742188,4
2018,2018-08-26,1355,8,2,13,7,Y,A,N,A,H,A,A,01,,09,D,,,,,C,Y,N,A,3,0,0,0,21802.0,2,34.199058532714844,-119.18789672851562,4
2018,2018-09-08,1500,9,3,15,6,N,A,N,A,H,A,A,01,N,17,B,,Y,,,G,N,N,D,1,0,1,0,22517.0,2,34.22360610961914,-119.19463348388672,3
2018,2018-09-05,1814,9,3,18,3,Y,A,N,A,H,A,-,,,09,D,,,,,C,Y,N,A,2,0,0,0,21801.0,2,34.275390625,-118.76139831542967,2
2018,2018-08-21,1611,8,2,16,2,N,A,N,A,H,A,A,01,N,03,B,,,,,C,N,N,D,1,0,0,0,22350.0,3,34.2357063293457,-119.18035888671876,4
2018,2018-09-04,2015,9,3,20,2,N,A,N,A,H,C,A,01,N,04,C,,,,,C,N,N,A,3,0,0,0,21703.0,2,34.21976089477539,-119.19464874267578,4
2018,2018-09-01,1918,9,3,19,6,N,A,N,A,H,A,A,01,W,01,C,,,,,C,Y,F,A,2,0,0,0,23152.0,3,34.271751403808594,-118.76155090332033,3
2018,2018-08-21,855,8,2,8,2,N,A,N,A,H,A,A,08,E,03,D,,,,,C,Y,N,D,1,0,0,0,22350.0,2,34.20634841918945,-119.15960693359376,4
2018,2018-09-08,2049,9,3,20,6,N,A,N,A,H,C,N,60,N,11,G,Y,,,,B,N,N,B,1,1,0,0,21950.0,2,34.19824981689453,-119.17859649658205,4
2018,2018-08-29,842,8,2,8,3,N,A,N,A,H,A,A,01,E,03,C,,,,,C,Y,N,D,2,0,0,0,22350.0,2,34.219478607177734,-119.2097396850586,3
2018,2018-09-05,1755,9,3,17,3,N,A,N,A,H,A,D,22,W,04,C,,,,,C,N,F,A,1,0,0,0,21703.0,3,34.1899299621582,-119.17790985107422,4
2018,2018-08-26,2035,8,2,20,7,N,A,N,A,H,C,L,04,S,05,D,,Y,,,G,N,F,A,1,0,1,0,21650.0,2,34.1546745300293,-119.17784881591795,2
2018,2018-08-30,2500,8,2,25,4,Y,A,N,A,H,A,L,04,,00,D,,Y,,,G,N,N,A,1,0,1,0,21202.0,2,34.21903991699219,-119.16536712646484,3
2018,2018-08-18,1620,8,2,16,6,N,A,N,A,H,A,A,01,,03,G,Y,,,,B,N,F,D,1,1,0,0,22350.0,2,34.20399856567383,-119.17852783203124,2
2018,2018-08-31,2201,8,2,22,5,N,A,N,A,H,C,A,01,E,01,C,,,,,C,Y,N,A,4,0,0,0,23152.0,3,34.19683837890625,-119.14232635498048,4
2018,2018-08-28,1053,8,2,10,2,N,A,N,A,H,A,A,01,E,03,C,,,,,C,Y,N,D,1,0,0,0,22350.0,2,34.19704818725586,-119.16259002685548,4
2018,2018-08-25,1617,8,2,16,6,N,A,N,A,H,A,A,01,S,01,C,,,,,C,Y,N,A,2,0,0,0,23153.0,2,34.18925476074219,-119.23805236816406,3
2018,2018-08-25,202,8,2,2,6,N,A,N,A,H,C,A,07,N,01,E,,,,,I,Y,N,D,2,0,0,0,23152.0,1,34.22814178466797,-119.15631103515624,4
2018,2018-08-31,654,8,2,6,5,Y,A,N,A,H,A,A,07,,17,A,,,,,C,Y,N,A,1,0,0,0,21461.0,2,34.201839447021484,-119.12744140625,4
2018,2018-08-29,841,8,2,8,3,Y,A,N,A,H,A,D,22,,09,A,,,,,C,Y,N,A,1,0,0,0,21801.0,2,34.27907180786133,-118.71787261962892,4
2018,2018-09-08,2030,9,3,20,6,Y,A,Y,A,H,B,A,07,,05,E,,,,,I,Y,N,A,1,0,0,0,21650.0,1,34.44138717651367,-119.26097106933594,4
2018,2018-08-24,1559,8,2,15,5,N,A,Y,A,H,A,A,08,S,03,C,,,,,C,N,N,D,1,0,0,0,22350.0,2,34.4327392578125,-119.26498413085938,4
2018,2018-09-25,742,9,3,7,2,N,A,Y,A,H,A,A,07,S,04,C,,,,,C,Y,N,A,2,0,0,0,21703.0,2,,,2
2018,2018-08-30,1444,8,2,14,4,Y,A,N,A,H,A,-,,,03,C,,,,,C,N,N,A,1,0,0,0,22350.0,2,34.26506042480469,-119.2460479736328,4
2018,2018-09-05,715,9,3,7,3,N,A,Y,A,H,A,-,- ,W,18,E,,,,,I,Y,N,D,1,0,0,0,,1,34.23048782348633,-118.84577178955078,3
2018,2018-09-06,839,9,3,8,4,Y,B,Y,A,H,A,A,07,,10,G,Y,,,,B,N,N,A,1,1,0,0,21950.0,2,34.26493835449219,-119.23816680908205,3
2018,2018-09-06,1908,9,3,19,4,Y,A,Y,A,H,A,A,08,,01,E,,,,,E,Y,N,A,1,0,0,0,23152.0,2,34.44761657714844,-119.24789428710938,3
2018,2018-09-02,1622,9,3,16,7,N,A,Y,A,H,A,A,01,S,09,D,,,,,C,Y,N,A,3,0,0,0,21804.0,2,34.395999908447266,-118.91775512695312,3
2018,2018-09-06,1626,9,3,16,4,N,A,Y,A,H,A,A,01,E,21,C,,,,,C,N,N,A,1,0,0,0,22106.0,2,34.21721649169922,-119.03557586669922,4
2018,2018-08-31,1759,8,2,17,5,N,A,Y,A,H,A,A,01,E,05,E,,,,,I,Y,N,D,1,0,0,0,21650.0,1,34.44884490966797,-119.22992706298828,4
2018,2018-09-04,1245,9,3,12,2,N,A,N,A,H,A,-,,E,08,D,,,,,C,Y,N,D,1,0,0,0,22107.0,2,34.26398468017578,-119.24252319335938,3
2018,2018-09-06,1725,9,3,17,4,Y,A,N,A,H,A,-,,,08,A,,,,,C,Y,N,D,1,0,0,0,22107.0,2,34.27565002441406,-119.26348114013672,3
2018,2018-08-13,1101,8,2,11,1,N,A,N,A,H,A,-,,E,03,C,,,,,C,Y,N,D,2,0,0,0,22350.0,3,34.27631378173828,-119.25136566162108,4
2018,2018-09-05,1252,9,3,12,3,N,A,N,A,H,A,A,01,E,04,C,,,,,C,N,F,D,1,0,0,0,21703.0,2,34.18901062011719,-118.87987518310548,4
2018,2018-09-06,1247,9,3,12,4,Y,A,N,A,H,A,A,01,,12,D,,,,,C,Y,N,D,3,0,0,0,22450.0,2,34.2088508605957,-118.8572235107422,3
2018,2018-09-05,2001,9,3,20,3,Y,B,N,A,H,C,A,07,,12,H,,,,,C,Y,N,A,3,0,0,0,21453.0,2,34.15726089477539,-118.81292724609376,2
2018,2018-08-23,911,8,2,9,4,N,A,N,A,H,A,A,01,N,01,B,,,,,C,Y,N,D,3,0,0,0,23153.0,6,34.263160705566406,-119.21973419189452,3
2018,2018-08-02,815,8,2,8,4,Y,A,N,A,D,A,D,22,,09,-,,,,,C,Y,N,A,1,0,0,0,21801.0,2,34.290950775146484,-119.16813659667967,3
2018,2018-09-11,1448,9,3,14,2,Y,A,N,A,H,A,-,,,08,B,,,,,C,Y,N,D,1,0,0,0,22107.0,3,34.27870178222656,-119.2351531982422,4
2018,2018-09-11,1401,9,3,14,2,N,A,N,A,H,A,-,,N,08,D,,,,,C,Y,N,A,1,0,0,0,22107.0,3,34.261985778808594,-119.23170471191406,2
2018,2018-09-10,55,9,3,0,1,Y,B,N,A,H,C,-,- ,,00,-,,,,,C,N,N,A,1,0,0,0,,2,34.25053024291992,-119.19660949707033,4
2018,2018-09-10,1648,9,3,16,1,Y,A,N,A,D,A,-,,,03,C,,,,,C,N,N,A,2,0,0,0,22350.0,3,34.26887130737305,-119.18865966796876,4
2018,2018-09-08,1422,9,3,14,6,Y,A,N,A,H,A,-,,,12,D,,,,,C,Y,N,A,2,0,0,0,21453.0,2,34.254051208496094,-119.21031188964844,4
2018,2018-09-07,1737,9,3,17,5,N,A,N,A,H,A,C,02,E,01,B,,,Y,,J,N,N,D,1,0,0,1,23152.0,1,34.25856399536133,-119.21859741210938,3
2018,2018-09-09,1858,9,3,18,7,Y,A,N,A,H,B,-,,,03,D,,,,,C,N,N,D,1,0,0,0,22350.0,2,34.27634048461914,-119.26187133789062,4
2018,2018-08-29,1755,8,2,17,3,N,A,N,A,H,A,D,22,N,09,D,,,,,C,Y,N,D,1,0,0,0,21801.0,2,34.34516143798828,-119.0682373046875,4
2018,2018-08-24,1953,8,2,19,5,N,A,N,A,H,C,C,02,S,08,C,,,Y,,C,N,N,D,1,0,0,1,22107.0,2,34.360557556152344,-119.05599975585938,3
2018,2018-08-30,1129,8,2,11,4,Y,A,N,A,H,A,A,08,,09,A,,,,,C,Y,N,D,2,0,0,0,21801.0,2,34.34587097167969,-119.08280181884766,4
2018,2018-09-12,1125,9,3,11,3,Y,A,N,A,H,A,A,01,,09,D,,,,,D,Y,N,D,1,0,0,0,21800.0,2,34.19132995605469,-118.93148803710938,4
2018,2018-09-14,938,9,3,9,5,Y,A,N,A,H,A,A,01,,04,C,,,,,C,N,N,A,1,0,0,0,21703.0,2,34.21770095825195,-119.0429916381836,4
2018,2018-09-13,739,9,3,7,4,N,A,N,A,H,A,A,07,S,03,C,,,,,C,N,N,A,1,0,0,0,22350.0,2,34.22370910644531,-119.06977081298828,4
2018,2018-09-06,1540,9,3,15,4,N,A,N,A,H,A,-,- ,E,00,H,,,,,C,N,N,D,1,0,0,0,,2,34.399356842041016,-118.91191864013672,4
2018,2018-07-19,1553,7,2,15,4,N,A,N,A,H,A,A,01,W,03,C,,Y,,,G,N,N,D,1,0,1,0,22350.0,2,34.34054946899414,-119.07652282714844,2
2018,2018-09-16,1647,9,3,16,7,Y,A,N,A,H,A,-,- ,,- ,A,,,,,C,N,N,A,1,0,0,0,,2,34.26546096801758,-119.21256256103516,3
2018,2018-09-17,1722,9,3,17,1,Y,A,N,A,H,A,-,,,03,C,,,,,C,Y,N,A,1,0,0,0,22350.0,3,34.24695002,-119.1948899,3
2018,2018-09-17,1555,9,3,15,1,Y,A,N,A,H,A,-,,,03,-,,,,,C,Y,N,A,1,0,0,0,22350.0,2,34.27946090698242,-119.27597808837892,4
2018,2018-09-04,1637,9,3,16,2,N,A,N,A,H,A,A,01,,01,C,,,,,C,Y,F,D,1,0,0,0,23153.0,3,34.280819,-119.290801,4
2018,2018-09-17,1146,9,3,11,1,Y,A,N,A,D,A,-,,,09,D,,,,,C,Y,N,A,2,0,0,0,21453.0,2,34.272239685058594,-119.17057037353516,3
2018,2018-09-20,218,9,3,2,4,N,A,N,A,H,C,A,01,S,08,C,,,,,E,N,F,A,1,0,0,0,22107.0,2,34.27945709228516,-119.2915496826172,4
2018,2018-09-21,723,9,3,7,5,N,B,Y,A,H,A,A,01,N,03,C,,,,,C,N,N,A,1,0,0,0,22350.0,2,34.154888153076165,-118.82721710205078,4
2018,2018-09-13,2033,9,3,20,4,N,A,N,A,H,C,D,22,N,04,C,,,,,C,N,N,A,1,0,0,0,21703.0,2,34.219200134277344,-119.18083953857422,4
2018,2018-09-13,1451,9,3,14,4,Y,A,N,A,H,A,D,22,,09,D,,,,,C,N,N,D,1,0,0,0,21802.0,2,34.1951,-119.18364,4
2018,2018-06-22,1554,6,2,15,5,Y,A,N,A,H,A,G,25,,08,B,,,,Y,E,N,N,D,1,0,0,0,22107.0,2,34.20643997192383,-119.17539215087892,4
2018,2018-09-13,1120,9,3,11,4,Y,A,N,A,H,A,A,01,,21,C,,,,,C,Y,N,A,1,0,0,0,22106.0,2,34.160919189453125,-118.82292175292967,3
2018,2018-09-06,2032,9,3,20,4,Y,A,N,A,H,D,-,- ,,00,H,,Y,,,G,N,N,D,1,0,1,0,,2,34.20016098022461,-118.86347198486328,2
2018,2018-09-18,901,9,3,9,2,N,A,N,A,H,A,A,07,E,04,C,,,,,C,N,N,A,1,0,0,0,21703.0,3,34.24171829223633,-118.83970642089844,4
2018,2018-09-14,1031,9,3,10,5,Y,A,N,A,H,A,A,01,,12,H,,,,,C,Y,N,A,2,0,0,0,21453.0,2,34.18191146850586,-118.92739105224608,4
2018,2018-09-18,2245,9,3,22,2,N,A,N,A,H,C,A,01,E,01,E,,,,,I,Y,N,D,1,0,0,0,23152.0,1,34.205570220947266,-119.06449127197266,4
2018,2018-09-13,819,9,3,8,4,Y,A,N,A,H,A,-,,,09,D,,,,,C,Y,N,A,1,0,0,0,21801.0,2,34.14754867553711,-119.18393707275392,4
2018,2018-09-11,1835,9,3,18,2,Y,A,N,A,H,A,A,01,,12,D,,,,,C,Y,N,A,2,0,0,0,21453.0,2,34.20166015625,-119.18105316162108,4
2018,2018-09-14,1202,9,3,12,5,N,A,N,A,H,A,F,26,W,01,D,,,,Y,C,Y,N,D,2,0,0,0,23152.0,2,34.19759750366211,-119.19552612304688,3
2018,2018-08-28,1001,8,2,10,2,Y,A,N,A,H,A,I,11,,04,C,,,,,C,N,N,A,1,0,0,0,21703.0,3,34.197,-119.15989,4
2018,2018-09-14,2500,9,3,25,5,N,A,N,A,H,A,D,22,W,08,D,,,,,C,N,N,D,2,0,0,0,22107.0,2,34.19770431518555,-119.2285385131836,4
2018,2018-09-13,737,9,3,7,4,N,A,N,A,H,A,D,22,E,03,C,,,,,C,N,N,A,4,0,0,0,22350.0,3,34.154720306396484,-119.18043518066406,4
2018,2018-09-08,508,9,3,5,6,N,A,N,A,H,A,-,99,N,03,G,Y,,,,B,N,F,D,1,1,0,0,22350.0,2,34.22360610961914,-119.19463348388672,3
2018,2018-09-16,1658,9,3,16,7,N,A,N,A,H,A,L,04,W,09,D,,Y,,,G,N,N,D,1,0,1,0,21804.0,2,34.169780731201165,-119.17772674560548,3
2018,2018-09-18,1334,9,3,13,2,N,A,N,A,H,A,A,01,S,07,B,,,,,C,Y,N,A,2,0,0,0,21658.0,2,34.22170639038086,-119.15837860107422,4
2018,2018-09-08,2500,9,3,25,6,N,A,N,A,H,C,A,01,W,03,C,,,,,E,Y,N,D,1,0,0,0,22350.0,2,34.20903015136719,-119.15161895751952,4
2018,2018-09-14,858,9,3,8,5,Y,A,N,A,H,A,A,07,,00,B,,Y,,,G,N,N,D,1,0,1,0,22517.0,2,34.15715026855469,-119.18058013916016,4
2018,2018-09-07,225,9,3,2,5,Y,A,N,A,H,C,A,01,,03,A,,,,,I,N,N,A,1,0,0,0,22350.0,1,34.19050979614258,-119.23871612548828,4