ACCIDENT_YEAR,COLLISION_DATE,COLLISION_TIME,MONTH,SEASON,24HOURS,DAY_OF_WEEK,INTERSECTION,WEATHER_1,STATE_HWY_IND,ROAD_SURFACE,ROAD_COND_1,LIGHTING,STWD_VEHTYPE_AT_FAULT,CHP_VEHTYPE_AT_FAULT,DIRECTION,PCF_VIOL_CATEGORY,TYPE_OF_COLLISION,PEDESTRIAN_ACCIDENT,BICYCLE_ACCIDENT,MOTORCYCLE_ACCIDENT,TRUCK_ACCIDENT,MVIW,TOW_AWAY,HIT_AND_RUN,CONTROL_DEVICE,NUMBER_INJURED,COUNT_PED_INJURED,COUNT_BICYCLIST_INJURED,COUNT_MC_INJURED,PCF_VIOLATION,PARTY_COUNT,POINT_Y,POINT_X,COLLISION_SEVERITY
2018,2018-12-05,643,12,4,6,3,N,B,N,B,H,A,A,07,W,03,E,,,,,I,Y,N,A,1,0,0,0,22350.0,1,34.21145248413086,-118.8454132080078,4
2018,2018-12-01,3,12,4,0,6,N,A,N,A,H,C,A,01,N,03,E,,,,,I,Y,N,D,1,0,0,0,22350.0,1,,,4
2018,2018-12-31,1650,12,4,16,1,Y,A,N,A,H,A,A,01,,09,D,,,,,C,Y,N,A,1,0,0,0,21802.0,2,34.181278228759766,-118.86666107177734,4
2018,2018-12-31,1615,12,4,16,1,N,A,N,A,H,B,C,02,E,08,B,,,Y,,C,Y,N,D,1,0,0,1,22107.0,3,34.195980072021484,-118.80575561523438,3
2018,2018-12-27,1227,12,4,12,4,N,A,N,A,H,A,A,07,N,03,C,,,,,C,Y,N,A,3,0,0,0,22350.0,2,34.188186645507805,-118.92484283447266,4
2018,2018-12-24,1241,12,4,12,1,N,A,N,A,H,A,A,01,N,04,C,,,,,C,Y,N,A,2,0,0,0,21703.0,2,34.195838928222656,-118.87152099609376,4
2018,2018-12-24,1234,12,4,12,1,N,A,N,A,H,A,A,01,E,09,D,,,,,C,Y,N,D,1,0,0,0,21802.0,2,34.154232025146484,-118.82625579833984,4
2018,2018-12-31,1107,12,4,11,1,Y,A,N,A,H,A,A,07,,09,H,,,,,C,Y,N,A,2,0,0,0,21801.0,2,34.15045166015625,-118.82534027099608,3
2018,2018-12-20,2104,12,4,21,4,N,A,N,A,H,C,A,07,E,03,C,,,,,I,Y,N,A,5,0,0,0,22350.0,3,34.21131134033203,-118.84262847900392,4
2018,2018-12-19,1732,12,4,17,3,N,A,N,A,H,C,A,07,,03,C,,,,,C,Y,N,D,1,0,0,0,22350.0,3,34.174560546875,-118.84480285644533,4
2018,2018-12-17,1420,12,4,14,1,Y,C,N,B,H,A,A,07,,09,D,,,,,C,Y,N,D,1,0,0,0,21802.0,2,34.17301177978516,-118.87774658203124,4
2018,2018-12-18,1950,12,4,19,2,Y,A,N,A,H,C,N,60,,11,G,Y,,,,B,N,N,D,1,1,0,0,21954.0,2,34.22465896606445,-118.86540985107422,3
2018,2018-12-25,4,12,4,0,2,N,A,N,A,H,C,A,01,S,03,C,,,,,C,Y,N,A,1,0,0,0,22350.0,2,34.19029998779297,-119.19512176513672,4
2018,2018-12-13,1542,12,4,15,4,N,A,N,A,H,A,N,60,N,11,G,Y,,,,B,N,N,D,1,1,0,0,21954.0,2,34.212112426757805,-119.18692016601562,2
2018,2018-12-12,2154,12,4,21,3,N,A,N,A,H,C,A,01,S,09,C,,Y,,,G,N,N,D,1,0,1,0,21804.0,2,34.229942321777344,-119.17481231689452,3
2018,2018-12-10,1705,12,4,17,1,N,A,N,A,H,C,N,60,E,11,G,Y,,,,B,Y,N,D,1,1,0,0,21954.0,2,34.14885330200195,-119.18357849121094,4
2018,2018-12-05,2043,12,4,20,3,N,B,N,B,H,C,A,01,N,03,C,,,,,C,N,M,A,1,0,0,0,22350.0,2,34.1977653503418,-119.19487762451172,4
2018,2018-12-25,320,12,4,3,2,N,A,N,A,H,C,A,01,N,08,E,,,,,I,Y,N,D,1,0,0,0,22107.0,1,34.21335983276367,-119.14646911621094,3
2018,2018-12-20,1313,12,4,13,4,Y,A,N,A,H,A,A,01,,12,D,,,,,C,N,N,A,2,0,0,0,21453.0,2,34.190040588378906,-119.18952178955078,4
2018,2018-12-20,846,12,4,8,4,Y,A,N,A,H,A,A,07,,09,D,,,,,C,N,N,A,2,0,0,0,21802.0,2,34.190460205078125,-119.20353698730467,4
2018,2018-12-19,1655,12,4,16,3,N,A,N,A,H,A,A,01,S,03,C,,,,,C,N,N,A,1,0,0,0,22350.0,2,34.22921371459961,-119.18618011474608,4
2018,2018-12-12,559,12,4,5,3,Y,A,N,A,H,B,A,01,,04,C,,,,,C,Y,F,A,1,0,0,0,21703.0,2,34.154739379882805,-119.16780853271484,3
2018,2018-12-10,2331,12,4,23,1,N,A,N,A,H,C,A,07,S,01,C,,,,,D,Y,N,A,2,0,0,0,23153.0,2,34.23984146118164,-119.0080108642578,4
2018,2018-12-19,1620,12,4,16,3,N,A,N,A,H,A,A,07,E,09,D,,,,,C,Y,N,A,2,0,0,0,21804.0,2,34.21646881103516,-119.07460784912108,3
2018,2018-12-29,1017,12,4,10,6,N,A,N,A,H,A,I,11,W,03,C,,,,,C,N,N,D,1,0,0,0,22350.0,2,34.27901077270508,-118.73818206787108,4
2018,2018-12-28,1814,12,4,18,5,Y,A,N,A,H,C,E,22,,09,D,,,,,C,Y,N,D,1,0,0,0,21804.0,2,34.27449035644531,-118.67845916748048,2
2018,2018-12-29,1100,12,4,11,6,N,A,N,A,H,A,A,01,W,07,B,,,,Y,C,Y,N,D,1,0,0,0,21658.0,4,34.271751403808594,-118.76174926757812,3
2018,2018-10-18,2205,10,3,22,4,Y,A,N,A,H,C,A,01,,12,B,,,,,C,Y,F,A,1,0,0,0,21453.0,2,34.1843147277832,-119.17041778564452,4
2018,2018-12-21,1813,12,4,18,5,N,A,N,A,H,C,-,,E,03,C,,,,,C,N,N,A,1,0,0,0,22350.0,2,34.27034378051758,-119.17838287353516,3
2018,2018-11-24,746,11,3,7,6,N,A,N,A,H,A,A,01,N,08,H,,,,,E,Y,M,D,1,0,0,0,22107.0,2,34.25514602661133,-118.74424743652344,4
2018,2018-12-14,1717,12,4,17,5,N,A,N,A,H,C,A,01,W,03,C,,,,,C,N,N,D,1,0,0,0,22350.0,2,34.186382293701165,-118.95285034179688,4
2018,2018-12-16,729,12,4,7,7,N,A,N,A,H,A,L,04,W,05,D,,Y,,,G,N,N,A,1,0,1,0,21650.0,2,34.18659591674805,-118.87507629394533,4
2018,2018-12-09,2206,12,4,22,7,N,A,N,A,H,C,A,01,E,08,C,,,,,E,Y,M,-,1,0,0,0,22107.0,2,34.18716049194336,-118.79795837402344,4
2018,2018-12-15,900,12,4,9,6,N,A,N,A,H,A,L,04,E,07,C,,Y,,,G,N,N,A,1,0,1,0,21658.0,2,34.273983001708984,-118.8023681640625,4
2018,2018-12-18,1848,12,4,18,2,N,A,N,A,H,C,N,60,E,11,G,Y,,,,B,Y,N,A,1,1,0,0,21950.0,2,34.27174758911133,-118.7613525390625,2
2018,2018-12-10,2115,12,4,21,1,N,A,N,A,H,C,A,01,N,12,E,,,,,I,Y,N,D,1,0,0,0,22450.0,1,34.28612518310547,-118.68104553222656,4
2018,2018-12-13,831,12,4,8,4,Y,A,N,A,H,A,A,01,,09,D,,Y,,,G,N,N,A,1,0,1,0,21802.0,2,34.249961853027344,-118.78758239746094,2
2018,2018-11-17,2100,11,3,21,6,N,A,N,A,H,C,D,22,W,03,G,Y,,,,B,N,N,A,1,1,0,0,22350.0,2,34.36294937133789,-119.05311584472656,4
2018,2018-11-23,1514,11,3,15,5,Y,A,N,A,H,A,D,22,,08,H,,Y,,,G,N,N,A,1,0,1,0,22107.0,2,34.286380767822266,-118.71784210205078,3
2018,2018-11-26,1548,11,3,15,1,Y,A,N,A,H,A,A,01,,12,D,,,,,C,Y,N,A,2,0,0,0,21453.0,2,34.26445007324219,-118.77902221679688,4
2018,2018-12-12,645,12,4,6,3,Y,A,N,A,H,B,D,22,,03,C,,,,,C,Y,N,D,1,0,0,0,22350.0,3,34.26446914672852,-118.77696990966795,4
2018,2018-11-30,1435,11,3,14,5,N,A,N,A,H,A,-,- ,E,00,D,,Y,,,G,N,N,A,1,0,1,0,,2,34.256866455078125,-118.76126861572266,3
2018,2018-11-29,1642,11,3,16,4,N,C,N,B,H,B,D,22,E,10,G,Y,,,,B,N,N,D,1,1,0,0,21952.0,2,34.27326965332031,-118.70475769042967,4
2018,2018-12-11,725,12,4,7,2,Y,A,N,A,H,A,D,22,,03,C,,,,,C,Y,N,A,1,0,0,0,22350.0,2,34.263641357421875,-118.76138305664062,3
2018,2018-12-07,757,12,4,7,5,Y,A,N,A,H,A,D,22,,12,B,,,,,C,Y,N,B,1,0,0,0,21457.0,2,34.28644180297852,-118.7265167236328,4
2018,2018-10-27,1346,10,3,13,6,Y,A,Y,A,H,A,A,01,,12,D,,,,,C,Y,N,A,2,0,0,0,21453.0,2,34.24031448364258,-119.18392181396484,4
2018,2018-12-17,1730,12,4,17,1,N,A,Y,A,H,C,A,01,S,04,C,,,,,C,N,N,A,1,0,0,0,21703.0,2,34.189697265625,-118.93885040283205,4
2018,2018-12-20,1541,12,4,15,4,N,A,N,A,H,A,A,07,S,03,C,,,,,C,Y,N,A,4,0,0,0,22350.0,3,34.15964889526367,-118.8237533569336,4
2018,2018-12-31,2350,12,4,23,1,Y,A,N,A,H,C,-,,,10,G,Y,,,,B,N,F,A,1,1,0,0,21950.0,2,34.28107070922852,-119.3007583618164,3
2019,2019-01-08,1511,1,4,15,2,Y,A,N,A,H,A,D,22,,03,E,,,,,I,Y,N,D,1,0,0,0,22350.0,1,,,4
2019,2019-01-02,1109,1,4,11,3,Y,A,N,A,H,A,A,01,,09,D,,,,,C,N,N,A,2,0,0,0,21801.0,2,34.179893,-119.165268,4
2019,2019-01-04,1620,1,4,16,5,Y,A,N,A,H,A,D,22,,04,C,,,,,C,N,N,A,1,0,0,0,21703.0,2,34.17340087890625,-119.17266845703124,4
2019,2019-01-02,1504,1,4,15,3,Y,A,N,A,H,A,A,01,,09,H,,,,,C,Y,N,A,2,0,0,0,21453.0,2,34.21173095703125,-118.83576965332033,4
2019,2019-01-01,1500,1,4,15,2,N,-,N,-,-,-,A,07,W,08,B,,Y,,,G,N,F,D,1,0,1,0,22107.0,2,34.261009216308594,-119.21197509765624,4
2019,2019-01-02,1419,1,4,14,3,N,A,N,A,H,A,-,99,S,08,B,Y,,,,B,N,F,A,1,1,0,0,22107.0,2,34.25576400756836,-119.21050262451172,4
2019,2019-01-02,1118,1,4,11,3,Y,A,N,A,H,A,-,,,10,G,Y,,,,B,N,N,A,1,1,0,0,21950.0,2,34.25774002075195,-119.23722076416016,3
2019,2019-01-04,1718,1,4,17,5,N,A,N,A,H,B,A,01,E,08,B,,,,,C,Y,N,A,2,0,0,0,22107.0,3,34.2752799987793,-119.27495574951172,3
2019,2019-01-03,1252,1,4,12,4,Y,A,N,A,H,A,A,01,,09,D,,,,,C,N,N,D,1,0,0,0,21802.0,2,34.27565002441406,-119.26348114013672,4
2019,2019-01-10,1730,1,4,17,4,N,A,N,A,H,C,A,01,E,01,A,,,,,C,Y,N,D,2,0,0,0,23153.0,2,34.275272369384766,-119.1904754638672,3
2018,2018-12-28,1828,12,4,18,5,N,A,N,A,H,C,C,02,E,03,G,Y,,Y,,B,N,N,A,2,1,0,1,22350.0,2,34.28084945678711,-119.283935546875,3
2018,2018-12-27,915,12,4,9,4,N,A,N,A,H,A,-,,E,03,C,,,,,C,Y,N,A,1,0,0,0,22350.0,2,34.271446228027344,-119.26654815673828,3
2018,2018-12-10,1716,12,4,17,1,N,A,N,A,H,C,A,01,E,08,C,,,,,C,N,N,A,1,0,0,0,22101.0,2,34.24162673950195,-119.00885009765624,4
2018,2018-12-07,1708,12,4,17,5,Y,A,N,A,H,B,A,01,,03,B,,,,,C,Y,N,D,2,0,0,0,22350.0,3,34.20546261,-119.04571116,4
2018,2018-12-07,1745,12,4,17,5,Y,A,N,A,H,C,A,07,,09,D,,,,,C,Y,N,A,3,0,0,0,21801.0,2,34.275390625,-118.76139831542967,4
2018,2018-12-13,1719,12,4,17,4,N,A,N,A,H,C,A,07,E,03,C,,,,,C,Y,N,D,2,0,0,0,22350.0,3,34.27180099487305,-118.76448822021484,4
2018,2018-12-09,1859,12,4,18,7,Y,A,N,A,H,C,A,07,,12,D,,,,,C,Y,N,A,1,0,0,0,21453.0,2,34.2717399597168,-118.79630279541016,4
2018,2018-12-09,933,12,4,9,7,Y,A,N,A,H,A,A,01,,09,F,,,Y,,A,N,N,D,1,0,0,1,21801.0,2,34.269878387451165,-118.66204833984376,3
2018,2018-12-11,1541,12,4,15,2,Y,A,N,A,H,A,A,07,,08,D,,,,,C,Y,N,A,1,0,0,0,22107.0,2,34.27172088623047,-118.73782348632812,4
2018,2018-12-10,2229,12,4,22,1,Y,A,N,A,H,C,A,01,,12,D,,,,,C,Y,N,A,1,0,0,0,21453.0,2,34.271751403808594,-118.76139831542967,4
2018,2018-12-27,1639,12,4,16,4,N,A,N,A,H,A,-,- ,W,18,H,,Y,,,A,N,N,A,1,0,1,0,,1,34.2354621887207,-118.98939514160156,4
2018,2018-12-30,1357,12,4,13,7,Y,A,N,A,H,A,A,01,,09,H,,,,,C,Y,N,A,1,0,0,0,21801.0,2,34.217971801757805,-119.06034088134766,4
2018,2018-12-25,1313,12,4,13,2,Y,A,N,A,H,A,A,07,,09,D,,,,,C,Y,N,D,3,0,0,0,21802.0,2,34.232269287109375,-119.03907775878906,4
2018,2018-12-26,733,12,4,7,3,Y,A,N,A,H,A,-,- ,,00,D,,,,,C,Y,N,A,1,0,0,0,,2,34.39870834350586,-118.92796325683594,4
2018,2018-12-19,2227,12,4,22,3,N,A,N,A,H,C,A,01,E,10,G,Y,,,,B,N,N,A,1,1,0,0,21950.0,2,34.1609992980957,-119.1777801513672,4
2018,2018-12-17,1645,12,4,16,1,N,C,N,B,H,A,A,01,E,03,C,,,,,C,Y,N,A,3,0,0,0,22350.0,3,34.21923828125,-119.18926239013672,3
2018,2018-12-15,1810,12,4,18,6,Y,A,N,A,H,C,A,07,,09,D,,,,,C,Y,N,A,3,0,0,0,21801.0,2,34.1622314453125,-119.15950012207033,4
2018,2018-12-15,118,12,4,1,6,Y,A,N,A,H,C,A,01,,01,E,,,,,I,Y,N,A,1,0,0,0,23152.0,1,34.189918518066406,-119.16486358642578,4
2019,2019-01-05,1149,1,4,11,6,N,C,N,B,H,A,A,01,S,03,C,,,,,E,Y,N,D,2,0,0,0,22350.0,2,34.20672607421875,-119.18099212646484,3
2019,2019-01-02,1454,1,4,14,3,Y,A,N,A,H,A,-,- ,,00,D,,,,,C,N,N,A,3,0,0,0,,2,34.19504165649414,-119.17748260498048,4
2018,2018-12-04,612,12,4,6,2,Y,A,N,A,H,A,F,26,,09,A,,,,Y,C,Y,N,D,1,0,0,0,21801.0,2,34.200531005859375,-119.16853332519533,4
2018,2018-12-20,929,12,4,9,4,Y,A,N,A,A,A,A,01,,12,D,,,,,C,Y,N,A,1,0,0,0,21453.0,3,34.196998596191406,-119.1598892211914,4
2018,2018-12-28,529,12,4,5,5,N,A,N,A,H,C,A,08,N,03,C,,,,,C,Y,N,A,2,0,0,0,22350.0,3,34.22224807739258,-119.15830993652344,4
2018,2018-12-26,1739,12,4,17,3,Y,A,N,A,H,C,D,22,,10,G,Y,,,,B,N,N,A,1,1,0,0,21950.0,2,34.19900131225586,-119.17858123779295,2
2018,2018-12-22,1050,12,4,10,6,Y,A,N,A,H,A,A,01,,12,D,,,,,C,Y,N,A,2,0,0,0,21453.0,2,34.22441101074219,-119.14096832275392,4
2018,2018-12-19,843,12,4,8,3,N,A,N,A,H,A,D,22,S,08,E,,,,,J,Y,N,D,1,0,0,0,22107.0,1,34.17433166503906,-119.23169708251952,3
2018,2018-12-17,1557,12,4,15,1,N,C,N,B,H,A,A,01,W,04,C,,,,,C,N,N,A,1,0,0,0,21703.0,2,34.21906280517578,-119.17725372314452,4
2019,2019-01-07,816,1,4,8,1,Y,B,N,B,H,A,D,22,,12,D,,,,,C,Y,N,A,2,0,0,0,21453.0,2,34.174560546875,-118.84480285644533,4
2019,2019-01-07,1716,1,4,17,1,N,A,N,B,H,C,A,01,E,03,C,,,,,C,Y,N,D,3,0,0,0,22350.0,3,34.15837097167969,-118.81668853759766,3
2018,2018-12-28,1302,12,4,13,5,Y,A,N,A,H,A,A,07,,04,C,Y,,,,C,Y,N,D,2,1,0,0,21703.0,3,34.18656921386719,-119.17337799072266,3
2018,2018-12-12,2000,12,4,20,3,Y,A,N,A,H,C,A,08,,08,D,,,,,C,N,N,A,4,0,0,0,22100.0,2,34.229351043701165,-119.18618011474608,4
2018,2018-12-11,1719,12,4,17,2,N,A,N,A,H,C,L,04,S,05,A,,Y,,,G,N,N,D,1,0,1,0,21650.0,2,34.15641784667969,-119.18060302734376,3
2018,2018-12-08,940,12,4,9,6,N,A,N,A,H,A,N,60,N,11,C,Y,,,,B,N,N,D,1,1,0,0,21954.0,2,34.204788208007805,-119.15506744384766,4
2018,2018-12-15,1616,12,4,16,6,N,A,N,A,H,A,A,01,S,09,C,,,Y,,C,N,N,D,1,0,0,0,21804.0,2,34.217613220214844,-119.1584243774414,4
2018,2018-12-16,1657,12,4,16,7,N,A,Y,A,H,B,A,01,S,04,C,,,,,C,Y,N,D,1,0,0,0,21703.0,2,34.24031448364258,-119.18392181396484,4
2018,2018-12-18,1750,12,4,17,2,Y,A,N,A,H,B,A,01,,09,A,,,,,C,Y,N,A,1,0,0,0,21801.0,2,34.154720306396484,-119.17299652099608,4
2018,2018-12-14,1357,12,4,13,5,Y,B,N,A,H,A,N,60,,11,G,Y,,,,B,N,N,A,3,1,0,0,21456.0,2,34.169769287109375,-119.17755126953124,3
2018,2018-12-27,1155,12,4,11,4,Y,A,N,A,H,A,A,01,,12,D,,,,,C,Y,N,A,1,0,0,0,21453.0,2,34.16622,-119.14256,4
2018,2018-12-10,1236,12,4,12,1,N,A,N,A,H,A,L,04,W,09,D,,Y,,,G,N,M,D,1,0,1,0,21800.0,2,34.19504165649414,-119.17781066894533,3
2018,2018-12-22,1658,12,4,16,6,Y,A,Y,A,H,C,A,01,,12,D,,,,,C,Y,N,A,1,0,0,0,21453.0,2,34.24066925048828,-119.1843032836914,4
2018,2018-12-02,1846,12,4,18,7,Y,A,N,A,H,C,-,- ,,03,D,,,,,C,Y,N,A,2,0,0,0,22350.0,2,34.20616149902344,-119.14227294921876,4
2018,2018-12-06,936,12,4,9,4,Y,B,N,B,H,A,A,07,,09,D,,,,,C,N,N,A,2,0,0,0,21802.0,2,34.190460205078125,-119.20353698730467,3
2018,2018-12-17,1705,12,4,17,1,Y,A,Y,B,H,C,A,01,,12,D,,,,,C,Y,N,A,1,0,0,0,21453.0,2,34.173442840576165,-118.55200958251952,4
2018,2018-12-05,1704,12,4,17,3,Y,B,N,B,H,B,A,01,,10,G,Y,,,,B,N,N,A,1,0,0,0,21950.0,2,34.19501876831055,-119.17737579345705,4
2018,2018-12-08,1350,12,4,13,6,Y,A,N,A,H,A,A,07,,09,F,,,,,C,Y,N,A,1,0,0,0,21801.0,2,34.18580627441406,-119.17233276367188,3
2018,2018-12-11,1306,12,4,13,2,Y,A,N,A,H,A,A,01,,08,D,,,,,C,Y,N,D,2,0,0,0,22107.0,2,34.22761917114258,-119.15238189697266,4
2018,2018-11-09,2301,11,3,23,5,N,A,N,A,H,C,C,02,S,01,F,,,Y,,A,Y,N,D,1,0,0,1,23152.0,1,34.192176818847656,-119.1881103515625,2
2018,2018-12-31,1611,12,4,16,1,N,A,N,A,H,A,-,- ,W,00,D,,Y,,,G,N,N,D,1,0,1,0,,2,34.17582702636719,-119.19545745849608,4
2019,2019-01-02,1154,1,4,11,3,N,A,N,A,H,A,A,01,N,03,C,,,,,C,Y,N,A,1,0,0,0,22350.0,2,34.24642562866211,-118.83377838134766,4
2019,2019-01-08,1338,1,4,13,2,N,A,N,A,H,A,A,01,E,09,D,,,,,C,Y,N,D,1,0,0,0,21804.0,2,34.15388870239258,-118.82550048828124,4
2019,2019-01-07,609,1,4,6,1,Y,B,N,B,H,C,-,- ,,00,B,,,,,C,N,N,A,2,0,0,0,,2,34.19279861450195,-118.93148803710938,4
2019,2019-01-05,2237,1,4,22,6,N,B,N,B,H,D,A,01,N,04,-,,,,,C,Y,N,D,2,0,0,0,21703.0,2,34.23588562011719,-118.8627700805664,3
2018,2018-12-31,1610,12,4,16,1,N,A,N,A,H,A,A,07,N,01,C,,,,,E,Y,N,D,1,0,0,0,23152.0,2,34.18278503417969,-118.91026306152344,4
2018,2018-12-31,1622,12,4,16,1,N,A,N,A,H,A,-,,N,12,D,,,,,C,Y,N,A,2,0,0,0,21453.0,2,34.268192291259766,-119.19347381591795,3
2018,2018-12-29,1842,12,4,18,6,Y,A,N,A,H,C,A,07,,09,H,,,Y,,C,N,N,D,1,0,0,1,21801.0,2,34.22977066040039,-119.06741333007812,3
2019,2019-01-02,1505,1,4,15,3,N,A,N,A,H,A,A,01,S,03,C,,,,,C,N,N,D,1,0,0,0,22350.0,3,34.27621078491211,-118.77896881103516,4
2019,2019-01-02,1106,1,4,11,3,N,A,N,A,H,A,L,04,S,05,C,,Y,,,G,N,M,D,1,0,1,0,21202.0,2,34.21816635131836,-119.15841674804688,4
2018,2018-11-28,2254,11,3,22,3,N,C,N,B,H,C,D,22,E,03,C,,,,,E,Y,F,D,1,0,0,0,22350.0,2,34.21211624145508,-118.86572265625,3
2018,2018-12-26,1310,12,4,13,3,N,A,N,A,H,A,A,01,E,08,G,Y,,,,B,Y,N,D,2,1,0,0,22107.0,2,34.269981384277344,-118.7700653076172,3
2018,2018-12-28,1249,12,4,12,5,N,A,N,A,H,A,A,01,N,03,C,,,,,C,Y,N,A,1,0,0,0,22350.0,2,34.26457214355469,-118.7790069580078,4
2018,2018-12-21,311,12,4,3,5,N,A,N,A,H,C,A,07,W,08,E,,,,,I,N,N,D,1,0,0,0,22107.0,1,34.286258697509766,-118.69350433349608,4
2018,2018-12-21,1454,12,4,14,5,N,A,N,A,H,A,A,01,W,03,C,,,,,C,Y,N,D,1,0,0,0,22350.0,3,34.27901840209961,-118.75019073486328,4
2018,2018-12-24,2055,12,4,20,1,Y,B,N,A,H,C,A,01,,09,D,,,Y,,C,Y,N,A,1,0,0,1,21802.0,2,34.28627014160156,-118.74546051025392,3
2018,2018-12-29,2144,12,4,21,6,Y,A,N,A,H,C,A,01,,09,D,,,,,C,Y,N,A,1,0,0,0,21801.0,2,34.28472900390625,-118.76136779785156,4
2018,2018-12-24,2141,12,4,21,1,Y,A,N,A,H,C,A,07,,09,D,,,,,C,N,N,A,2,0,0,0,21801.0,2,34.274009704589844,-118.79647827148438,4
2019,2019-01-04,725,1,4,7,5,Y,A,N,A,H,A,A,07,,09,D,,,,,C,Y,N,A,1,0,0,0,21453.0,2,34.281761169433594,-118.79498291015624,4
2019,2019-01-03,1807,1,4,18,4,Y,A,N,A,H,C,A,01,,09,D,,,,,C,Y,N,A,3,0,0,0,21801.0,2,34.279003,-118.739529,2
2018,2018-12-28,230,12,4,2,5,N,A,N,A,H,D,A,01,S,08,E,,,,,I,Y,N,D,1,0,0,0,22107.0,1,34.27042388916016,-118.71702575683594,4
2018,2018-12-15,1239,12,4,12,6,N,A,N,A,H,A,D,22,E,03,C,,,,,C,N,F,A,1,0,0,0,22350.0,2,34.223976135253906,-118.99383544921876,4
2018,2018-12-01,1214,12,4,12,6,Y,A,N,A,H,A,A,01,,09,D,,,,,C,Y,N,A,2,0,0,0,21804.0,2,34.224098205566406,-119.01312255859376,3
2019,2019-01-10,1846,1,4,18,4,N,A,N,A,H,C,A,01,E,09,D,,,,,C,Y,N,D,1,0,0,0,21804.0,2,34.17439651489258,-118.84429168701172,3
2019,2019-01-10,1732,1,4,17,4,N,A,N,A,H,C,A,01,W,03,C,,,,,C,N,N,A,1,0,0,0,22350.0,2,34.16172790527344,-118.94610595703124,4
2018,2018-12-05,1720,12,4,17,3,Y,C,N,B,H,C,A,01,,12,H,,,,,C,Y,N,-,1,0,0,0,21453.0,2,34.227081298828125,-118.9868621826172,4
2018,2018-12-13,904,12,4,9,4,Y,A,N,A,H,A,A,01,,01,D,,,,,C,Y,N,A,1,0,0,0,23153.0,2,34.22370910644531,-119.06977081298828,4
2018,2018-12-29,1919,12,4,19,6,Y,A,N,A,H,C,A,01,,12,H,,,,,C,Y,N,A,3,0,0,0,21453.0,2,34.21828079223633,-119.0051498413086,4
2019,2019-01-18,1710,1,4,17,5,N,A,N,A,H,B,A,01,N,03,C,,,,,C,Y,N,D,2,0,0,0,22350.0,4,34.26480865478516,-118.77896881103516,4
2019,2019-01-21,1048,1,4,10,1,Y,A,N,A,H,A,A,01,,09,D,,,,,C,Y,N,A,1,0,0,0,21801.0,2,34.27901077270508,-118.73052215576172,3
2019,2019-01-20,1128,1,4,11,7,N,A,N,A,H,A,D,22,S,21,D,,Y,,,G,N,N,A,1,0,1,0,22106.0,2,34.26454544067383,-118.73050689697266,4
2019,2019-01-29,1424,1,4,14,2,N,A,N,A,H,A,D,22,W,09,A,,,,,C,Y,N,A,1,0,0,0,21801.0,2,34.275611877441406,-119.23074340820312,4
2019,2019-01-26,1957,1,4,19,6,N,A,N,A,H,C,A,01,W,08,B,,,,,E,Y,N,D,1,0,0,0,22107.0,4,34.28038024902344,-119.27955627441406,2
2019,2019-01-13,1410,1,4,14,7,N,A,N,A,H,A,A,01,W,08,D,,,,,C,Y,N,D,1,0,0,0,22107.0,2,34.19504165649414,-119.17736053466795,4
2018,2018-12-29,1600,12,4,16,6,Y,A,Y,A,H,A,A,01,,09,D,,,,,C,Y,N,A,1,0,0,0,21801.0,2,34.441925048828125,-119.26274871826172,4
2018,2018-11-29,541,11,3,5,4,Y,C,Y,B,H,D,N,60,,11,A,Y,,,,B,Y,N,A,1,1,0,0,21954.0,2,34.18839263916016,-118.93577575683594,4
2018,2018-12-17,2035,12,4,20,1,N,C,N,B,H,C,A,01,N,07,B,,,,,C,N,M,A,1,0,0,0,21658.0,3,34.280391693115234,-118.77899169921876,4
2018,2018-10-07,1927,10,3,19,7,N,A,Y,A,H,C,A,01,S,03,C,,,,,C,N,N,D,1,0,0,0,22350.0,3,34.353885650634766,-119.05997467041016,4