ACCIDENT_YEAR,COLLISION_DATE,COLLISION_TIME,MONTH,SEASON,24HOURS,DAY_OF_WEEK,INTERSECTION,WEATHER_1,STATE_HWY_IND,ROAD_SURFACE,ROAD_COND_1,LIGHTING,STWD_VEHTYPE_AT_FAULT,CHP_VEHTYPE_AT_FAULT,DIRECTION,PCF_VIOL_CATEGORY,TYPE_OF_COLLISION,PEDESTRIAN_ACCIDENT,BICYCLE_ACCIDENT,MOTORCYCLE_ACCIDENT,TRUCK_ACCIDENT,MVIW,TOW_AWAY,HIT_AND_RUN,CONTROL_DEVICE,NUMBER_INJURED,COUNT_PED_INJURED,COUNT_BICYCLIST_INJURED,COUNT_MC_INJURED,PCF_VIOLATION,PARTY_COUNT,POINT_Y,POINT_X,COLLISION_SEVERITY
2019,2019-08-20,758,8,2,7,2,N,A,N,A,H,A,D,22,N,21,D,,,,,C,N,N,D,1,0,0,0,22106.0,2,34.23588943481445,-119.02184295654295,3
2019,2019-07-13,1107,7,2,11,6,N,A,N,A,H,A,A,01,W,08,H,,,,,C,N,N,D,1,0,0,0,22107.0,2,34.214393615722656,-118.86213684082033,4
2019,2019-08-20,1626,8,2,16,2,Y,A,N,A,H,A,A,01,,07,E,,,,,I,Y,N,A,1,0,0,0,21658.0,1,34.22183990478516,-119.06979370117188,4
2019,2019-08-22,1534,8,2,15,4,N,A,N,A,H,A,A,01,S,03,E,,,,,I,Y,N,D,1,0,0,0,22350.0,1,,,3
2019,2019-08-23,932,8,2,9,5,Y,A,N,A,H,A,A,01,,08,A,,,,,C,Y,N,A,2,0,0,0,22100.0,3,34.270660400390625,-119.24729919433594,3
2019,2019-08-25,2052,8,2,20,7,N,A,N,A,H,C,C,02,N,03,C,,,Y,,C,Y,N,A,1,0,0,1,22350.0,2,34.259647369384766,-119.2409210205078,3
2019,2019-08-24,232,8,2,2,6,N,A,N,A,H,C,-,,N,01,C,,,,,E,Y,N,D,1,0,0,0,23152.0,3,34.29279708862305,-119.29737091064452,3
2019,2019-08-23,1700,8,2,17,5,N,A,N,A,H,A,L,04,N,08,D,,Y,,,G,N,F,D,1,0,1,0,22100.0,2,34.27910232543945,-119.30230712890624,3
2019,2019-08-28,1946,8,2,19,3,N,A,N,A,H,B,-,,W,03,D,,,,,C,Y,N,D,2,0,0,0,22350.0,2,34.26224136352539,-119.22112274169922,3
2019,2019-08-26,1630,8,2,16,1,N,A,N,A,H,A,-,,S,03,C,,,,,C,N,N,A,1,0,0,0,22350.0,2,34.261375427246094,-119.23306274414062,4
2019,2019-08-26,1742,8,2,17,1,N,A,N,A,H,A,-,,N,03,C,,,,,C,Y,N,A,1,0,0,0,22350.0,2,34.28448486328125,-119.15193176269533,4
2019,2019-08-26,1643,8,2,16,1,N,A,N,A,H,A,-,,S,08,C,,Y,,,G,N,N,A,1,0,1,0,22107.0,2,34.26479721069336,-119.26976776123048,3
2019,2019-08-26,1429,8,2,14,1,N,A,N,A,D,A,-,,W,03,C,,,,,C,Y,N,D,3,0,0,0,22350.0,3,34.27359771728516,-119.2443618774414,3
2019,2019-08-14,1604,8,2,16,3,N,A,N,A,H,A,L,04,E,09,-,,Y,,,G,N,N,A,1,0,1,0,21804.0,2,34.25461959838867,-119.19736480712892,3
2019,2019-08-29,1150,8,2,11,4,N,A,N,A,H,A,-,,S,21,C,Y,,,,B,N,F,A,1,1,0,0,22106.0,2,34.263084411621094,-119.2739715576172,3
2019,2019-08-26,1917,8,2,19,1,N,A,N,A,H,A,A,01,S,17,H,,Y,,,G,N,N,D,1,0,1,0,22517.0,2,34.286598205566406,-119.30252075195312,3
2019,2019-09-04,1448,9,3,14,3,N,A,N,A,H,A,D,23,W,10,G,Y,,,,B,Y,N,A,1,1,0,0,21950.0,2,34.2626838684082,-119.23025512695312,3
2019,2019-09-03,724,9,3,7,2,N,A,N,A,H,A,A,01,N,09,D,,,Y,,C,N,N,A,1,0,0,0,21801.0,2,34.28664016723633,-119.15379333496094,4
2019,2019-09-04,843,9,3,8,3,Y,A,N,A,H,A,A,01,,09,A,,,,,E,Y,N,A,2,0,0,0,21801.0,2,34.27357864379883,-119.2597427368164,4
2019,2019-09-03,1343,9,3,13,2,Y,A,N,A,H,A,A,01,,12,D,,,,,C,N,N,B,1,0,0,0,22450.0,2,34.279541015625,-119.2915496826172,3
2019,2019-09-02,2035,9,3,20,1,Y,A,N,A,H,C,A,01,,12,D,,,,,C,Y,N,A,1,0,0,0,21453.0,2,34.26612854003906,-119.24906158447266,3
2019,2019-09-03,1619,9,3,16,2,N,A,N,A,H,A,-,,W,03,C,,,,,C,Y,N,A,3,0,0,0,22350.0,4,34.275089263916016,-119.23430633544922,3
2019,2019-09-03,1342,9,3,13,2,N,A,N,A,H,A,A,01,S,08,B,,,,,C,Y,N,A,1,0,0,0,22100.0,2,34.246856689453125,-119.19474792480467,3
2019,2019-09-06,1806,9,3,18,5,Y,A,N,A,H,A,D,22,,09,D,,Y,,,G,N,N,A,1,0,1,0,21801.0,2,34.2812385559082,-119.3022918701172,4
2019,2019-09-04,1446,9,3,14,3,Y,A,N,A,H,A,A,01,,12,A,,,,,E,Y,N,A,3,0,0,0,21453.0,3,34.28126907348633,-119.19277954101562,3
2019,2019-08-29,2037,8,2,20,4,Y,A,N,A,H,C,A,01,,08,B,,,,,C,Y,N,D,1,0,0,0,22107.0,3,34.175968170166016,-119.20623779296876,4
2019,2019-08-24,1709,8,2,17,6,N,A,N,A,H,A,A,01,E,09,D,,Y,,,G,N,N,D,1,0,1,0,21804.0,2,34.15475845336914,-119.19461822509766,3
2019,2019-08-29,2046,8,2,20,4,N,A,N,A,H,C,-,,S,08,H,,,,,E,Y,N,D,1,0,0,0,22107.0,2,34.15824508666992,-119.1945571899414,4
2019,2019-08-26,1650,8,2,16,1,N,A,N,A,H,A,A,07,E,03,-,,,,,C,N,N,A,2,0,0,0,22350.0,3,34.176002502441406,-119.2113037109375,4
2019,2019-09-06,2214,9,3,22,5,Y,A,N,A,H,C,A,01,,01,E,,,,,I,Y,N,D,1,0,0,0,23152.0,1,34.1425895690918,-119.19193267822266,4
2019,2019-08-20,1150,8,2,11,2,Y,A,N,A,H,A,-,- ,,09,D,,,,,C,Y,N,A,1,0,0,0,21801.0,2,34.1622314453125,-119.15950012207033,4
2019,2019-08-19,1533,8,2,15,1,Y,A,N,A,H,A,A,01,,09,D,,,,,C,Y,N,A,2,0,0,0,21802.0,2,34.22943115234375,-119.1702117919922,4
2019,2019-08-09,1806,8,2,18,5,N,A,N,A,H,A,A,08,N,03,C,,,,,C,N,N,A,1,0,0,0,22350.0,2,34.19035339355469,-119.19512176513672,4
2019,2019-08-27,1040,8,2,10,2,N,A,N,A,H,A,A,01,E,08,B,,,,,C,Y,N,D,2,0,0,0,22107.0,2,34.1812858581543,-119.21564483642578,4
2019,2019-08-26,1435,8,2,14,1,Y,A,N,A,H,A,A,01,,12,A,,,,,C,Y,N,A,2,0,0,0,22450.0,2,34.162261962890625,-119.16290283203124,3
2019,2019-08-24,1501,8,2,15,6,Y,A,N,A,H,A,A,01,,09,D,,,,,C,N,N,A,1,0,0,0,21802.0,2,34.173370361328125,-119.16921997070312,4
2019,2019-08-16,1115,8,2,11,5,N,A,N,A,H,A,A,01,W,21,D,,,,,C,N,N,D,3,0,0,0,22106.0,2,34.2143440246582,-119.17813873291016,4
2019,2019-08-15,1144,8,2,11,4,Y,A,N,A,H,A,A,01,,08,D,,,,,C,N,N,D,1,0,0,0,22107.0,2,34.192581176757805,-119.19332122802734,3
2019,2019-08-12,531,8,2,5,1,N,A,N,A,H,B,A,07,S,08,E,,,,,I,Y,N,A,1,0,0,0,22107.0,1,34.19829177856445,-119.15988159179688,3
2019,2019-08-06,934,8,2,9,2,Y,A,N,A,H,A,A,07,,03,C,,,,,C,N,N,A,1,0,0,0,22350.0,2,34.190391540527344,-119.22135162353516,4
2019,2019-08-05,1532,8,2,15,1,Y,A,N,A,H,A,-,- ,,08,D,,,,,C,Y,N,A,3,0,0,0,22107.0,2,34.20454025268555,-119.17436981201172,3
2019,2019-08-11,855,8,2,8,7,Y,A,N,A,H,A,-,- ,,09,D,,,,,C,Y,N,A,1,0,0,0,21801.0,2,34.169780731201165,-119.1776885986328,4
2019,2019-07-09,2206,7,2,22,2,N,A,N,A,H,C,-,- ,N,03,C,,,,,C,N,F,A,1,0,0,0,22350.0,2,34.20261001586914,-119.15972900390624,4
2019,2019-08-16,1308,8,2,13,5,Y,A,N,A,H,A,A,07,,10,G,Y,,,,B,N,N,A,1,1,0,0,21950.0,2,34.19375991821289,-119.18113708496094,3
2019,2019-07-23,1728,7,2,17,2,N,A,N,A,H,A,-,- ,E,03,C,,,,,C,N,F,A,1,0,0,0,22350.0,2,34.20026779174805,-119.17808532714844,4
2019,2019-08-12,2320,8,2,23,1,N,E,N,A,H,C,A,01,N,05,E,,,,,I,Y,N,D,1,0,0,0,21650.0,1,34.181427001953125,-119.21590423583984,4
2019,2019-07-21,1601,7,2,16,7,N,A,N,A,H,A,A,01,N,03,C,,,,,C,N,F,A,1,0,0,0,22350.0,2,34.17572784423828,-119.19490814208984,4
2019,2019-08-11,1020,8,2,10,7,Y,A,N,A,H,A,A,07,,12,D,,,,,C,Y,N,A,2,0,0,0,21453.0,2,34.197492,-119.218569,3
2019,2019-07-23,750,7,2,7,2,Y,A,N,A,H,A,-,- ,,05,D,,Y,,,G,N,F,D,1,0,1,0,21650.0,2,34.20846176147461,-119.16853332519533,3
2019,2019-07-23,739,7,2,7,2,N,A,N,A,H,A,A,01,S,- ,C,,,,,C,N,N,A,2,0,0,0,,2,34.19868087768555,-119.1774673461914,4
2019,2019-07-26,2015,7,2,20,5,Y,A,N,A,H,B,-,- ,,03,C,,,,,C,N,F,A,1,0,0,0,22350.0,2,34.16102981567383,-119.1792221069336,4
2019,2019-08-18,702,8,2,7,7,N,A,N,A,H,A,A,01,S,03,C,,,,,E,Y,N,D,1,0,0,0,22350.0,2,34.19637680053711,-119.18795013427734,4
2019,2019-08-15,1830,8,2,18,4,Y,A,Y,A,H,A,D,22,,12,D,,,,,C,N,N,A,1,0,0,0,22450.0,2,34.22199249267578,-119.12427520751952,4
2019,2019-08-27,1839,8,2,18,2,N,A,N,A,H,A,A,01,N,03,C,,,,,E,Y,N,D,1,0,0,0,22350.0,2,34.18215560913086,-119.21588897705078,3
2019,2019-08-19,1535,8,2,15,1,N,A,N,A,H,A,-,- ,S,03,C,,,,,C,Y,N,A,2,0,0,0,22350.0,4,34.198944091796875,-119.17745971679688,3
2019,2019-07-15,728,7,2,7,1,Y,A,N,A,H,A,A,01,,12,D,,,,,C,Y,F,A,2,0,0,0,21453.0,3,34.218990325927734,-119.15843200683594,3
2019,2019-08-09,1301,8,2,13,5,Y,A,N,A,H,A,D,22,,03,C,,,,,C,Y,N,A,2,0,0,0,22350.0,2,34.19784927368164,-119.19168090820312,4
2019,2019-07-07,1017,7,2,10,7,N,A,N,A,H,A,-,- ,W,03,A,,,,,C,Y,N,D,1,0,0,0,22350.0,3,34.15041732788086,-119.18621826171876,4
2019,2019-07-27,321,7,2,3,6,N,A,N,A,H,C,A,01,N,03,D,,,,,E,Y,M,D,1,0,0,0,22350.0,2,34.18038558959961,-119.18282318115234,3
2019,2019-09-03,816,9,3,8,2,Y,A,N,A,H,A,D,22,,09,H,,,,,C,Y,N,A,1,0,0,0,21801.0,2,34.232330322265625,-119.0567626953125,3
2019,2019-09-08,2213,9,3,22,7,N,A,N,A,H,D,A,01,N,05,E,,,,,I,Y,N,A,1,0,0,0,21650.0,1,34.44654846191406,-119.24697113037108,4
2019,2019-09-02,145,9,3,1,1,N,A,N,A,H,C,A,01,N,08,E,,,,,I,Y,N,D,1,0,0,0,22107.0,1,34.22647857666016,-119.00298309326172,3
2019,2019-08-30,754,8,2,7,5,N,A,N,A,H,A,A,01,E,03,C,,,,,C,Y,N,A,2,0,0,0,22350.0,4,34.22357940673828,-119.04944610595705,4
2019,2019-08-25,1700,8,2,17,7,Y,A,N,A,H,A,-,- ,,00,H,,,,,C,N,N,A,2,0,0,0,,2,34.22378921508789,-119.06645965576172,4
2019,2019-08-28,1037,8,2,10,3,Y,A,N,A,H,A,-,,,12,D,,,,,C,N,N,A,1,0,0,0,21453.0,2,34.25733947753906,-119.2301788330078,4
2019,2019-08-26,1312,8,2,13,1,N,A,N,A,H,A,A,07,W,03,C,,,,,C,N,N,A,1,0,0,0,22350.0,2,34.26350021362305,-119.22579956054688,4
2019,2019-08-28,852,8,2,8,3,Y,A,Y,A,H,A,A,07,,09,H,,,,,C,Y,N,A,2,0,0,0,21453.0,2,34.152095794677734,-118.82901763916016,3
2019,2019-09-05,722,9,3,7,4,Y,A,N,A,H,A,-,,,12,D,,,,,C,Y,N,A,1,0,0,0,21453.0,3,34.27357864379883,-119.26638793945312,3
2019,2019-09-04,1717,9,3,17,3,N,A,N,A,H,A,-,,W,03,C,,,,,C,Y,N,A,2,0,0,0,22350.0,3,34.268646240234375,-119.19029235839844,4
2019,2019-09-03,1806,9,3,18,2,Y,A,N,A,H,A,-,- ,,12,D,,,,,C,Y,N,D,1,0,0,0,22450.0,2,34.282161712646484,-119.28395080566406,3
2019,2019-04-12,1026,4,1,10,5,Y,A,N,A,H,A,L,04,,05,G,,Y,,,B,N,N,A,1,0,1,0,21650.0,2,34.218990325927734,-119.15843200683594,4
2019,2019-09-01,1005,9,3,10,7,N,A,N,A,H,A,A,01,W,09,D,,,,,C,Y,N,A,1,0,0,0,21802.0,2,34.216331481933594,-119.00055694580078,4
2019,2019-08-23,1848,8,2,18,5,N,A,N,A,H,A,A,01,E,03,D,,,,,E,Y,N,A,1,0,0,0,22350.0,5,34.15476989746094,-119.18551635742188,4
2019,2019-08-23,2233,8,2,22,5,N,A,N,A,H,D,N,60,N,11,G,Y,,,,B,Y,N,A,1,1,0,0,21954.0,2,34.17565155029297,-119.16008758544922,2
2019,2019-06-30,208,6,2,2,7,Y,A,N,A,H,C,A,01,,09,D,,,,,C,Y,F,A,1,0,0,0,21802.0,2,34.16107940673828,-119.18602752685548,4
2019,2019-08-26,1527,8,2,15,1,N,A,N,A,H,A,D,22,S,01,C,,,,,C,Y,N,D,1,0,0,0,23153.0,2,34.29434967041016,-118.87943267822266,4
2019,2019-08-28,1432,8,2,14,3,N,A,N,A,H,A,A,07,W,09,H,,,,,C,Y,N,D,2,0,0,0,21804.0,2,34.30238723754883,-118.83756256103516,3
2019,2019-09-15,1522,9,3,15,7,N,A,N,A,H,A,A,07,E,04,C,,,,,C,Y,N,D,1,0,0,0,21703.0,2,34.18634796142578,-118.87315368652344,4
2019,2019-08-09,1027,8,2,10,5,Y,A,Y,A,H,A,A,08,,12,D,,,,,C,Y,N,A,1,0,0,0,21453.0,2,34.2338752746582,-119.175048828125,4
2019,2019-08-16,612,8,2,6,5,N,A,Y,-,H,A,A,07,N,09,D,,,Y,,C,Y,N,D,1,0,0,1,21801.0,2,34.24409866333008,-119.16404724121094,2
2019,2019-08-19,1041,8,2,10,1,N,A,N,A,H,A,A,01,E,04,C,,,,,C,Y,N,D,2,0,0,0,21703.0,4,34.1968994140625,-119.1694564819336,4
2019,2019-08-07,927,8,2,9,3,Y,A,Y,A,H,A,A,07,,12,D,,,,,C,N,N,A,1,0,0,0,21453.0,2,34.28506851196289,-118.86464691162108,4
2019,2019-08-18,1525,8,2,15,7,N,A,Y,A,H,A,A,07,E,03,C,,,,,C,Y,N,A,2,0,0,0,22350.0,2,34.27888488769531,-118.87687683105467,4
2019,2019-08-31,1155,8,2,11,6,Y,A,Y,A,H,A,L,04,,03,E,,Y,,,I,N,N,A,1,0,1,0,22350.0,1,34.175926208496094,-118.85536193847656,3
2019,2019-05-16,2257,5,1,22,4,N,A,N,A,H,C,N,60,W,11,G,Y,,,,B,N,F,D,0,0,0,0,21956.0,2,34.27827835083008,-119.28725433349608,1
2018,2018-09-03,2330,9,3,23,1,N,A,N,A,H,C,-,,N,03,B,,,,,C,Y,N,D,1,0,0,0,22350.0,2,34.19114303588867,-119.22133636474608,1
2019,2019-05-12,116,5,1,1,7,N,A,Y,A,H,C,N,60,W,11,G,Y,,,,B,Y,N,D,0,0,0,0,21956.0,2,34.27912521362305,-118.87026977539062,1
2019,2019-05-17,135,5,1,1,5,Y,A,N,A,H,C,D,22,,01,E,,,,,I,Y,N,A,4,0,0,0,23152.0,1,34.27513122558594,-119.23401641845705,1
2019,2019-06-18,530,6,2,5,2,N,B,N,A,H,B,L,04,E,08,C,,Y,,,G,Y,N,D,0,0,0,0,22107.0,2,34.181270599365234,-119.21460723876952,1
2019,2019-07-20,1323,7,2,13,6,N,A,N,A,H,A,C,02,N,01,B,,,Y,,I,Y,N,D,0,0,0,0,23152.0,1,34.23073196411133,-119.21766662597656,1
2019,2019-07-14,1039,7,2,10,7,N,A,N,A,H,A,D,22,W,01,E,,,,,I,Y,N,D,0,0,0,0,23152.0,1,34.228450775146484,-119.09488677978516,1
2019,2019-08-01,2049,8,2,20,4,N,A,N,A,H,C,N,60,E,11,G,Y,,,,B,N,N,A,0,0,0,0,21950.0,2,34.154720306396484,-119.1729736328125,1
2019,2019-08-25,1303,8,2,13,7,Y,A,N,A,H,A,-,,,12,D,,,,,C,Y,N,A,2,0,0,0,21453.0,2,34.219451904296875,-119.20716094970705,1
2019,2019-11-15,1719,11,3,17,5,N,A,N,A,H,C,N,60,W,11,G,Y,,,,B,Y,N,D,0,0,0,0,21954.0,2,34.26781463623047,-119.19601440429688,1
2019,2019-08-21,747,8,2,7,3,N,A,N,A,H,A,C,02,W,05,A,,,Y,Y,C,Y,N,D,1,0,0,0,21460.0,3,34.205520629882805,-119.05259704589844,1
2019,2019-09-06,630,9,3,6,5,N,A,N,A,H,A,A,01,S,03,C,,,,,C,N,F,A,1,0,0,0,22350.0,2,34.19029998779297,-119.19512176513672,4
2019,2019-09-04,1413,9,3,14,3,N,A,N,A,H,A,A,01,N,03,C,,,,,C,N,N,A,2,0,0,0,22350.0,2,34.18674850463867,-119.17756652832033,4
2019,2019-09-11,1552,9,3,15,3,N,A,N,A,H,A,A,01,N,04,C,,,,,C,Y,N,A,2,0,0,0,21703.0,3,34.205116271972656,-119.15977478027344,3
2019,2019-09-11,850,9,3,8,3,N,A,N,A,H,A,A,01,E,09,B,,,,,C,Y,N,D,1,0,0,0,21804.0,2,34.19761657714844,-119.21440887451172,3
2019,2019-09-03,1700,9,3,17,2,Y,A,N,A,H,A,A,07,,09,D,,,,,C,Y,F,A,1,0,0,0,21801.0,2,34.1609992980957,-119.1777801513672,3
2019,2019-09-02,1427,9,3,14,1,N,A,N,A,H,A,L,04,N,12,D,,Y,,,G,N,N,A,1,0,1,0,21453.0,2,34.198970794677734,-119.17732238769533,4
2019,2019-09-06,1815,9,3,18,5,Y,A,N,A,H,A,A,01,,01,D,,,,,C,Y,N,A,1,0,0,0,23152.0,2,34.189918518066406,-119.16486358642578,4
2019,2019-09-01,2124,9,3,21,7,N,A,Y,A,H,C,A,01,W,01,H,,,,,C,Y,N,A,2,0,0,0,23153.0,2,34.3961296081543,-118.91875457763672,4
2019,2019-08-04,1430,8,2,14,7,N,A,Y,A,H,A,A,01,W,09,D,,,,,C,Y,N,A,1,0,0,0,21804.0,2,34.39612579345703,-118.91786956787108,3
2019,2019-08-07,1210,8,2,12,3,Y,A,N,A,H,A,A,07,,09,D,,,,,D,Y,N,D,1,0,0,0,21801.0,4,34.1540412902832,-118.8311004638672,2
2019,2019-09-03,1227,9,3,12,2,Y,A,N,A,H,A,-,- ,,00,D,Y,,,,E,N,N,A,2,1,0,0,,5,34.27167892456055,-118.73052978515624,3
2019,2019-08-26,1314,8,2,13,1,N,A,N,A,H,A,A,01,W,03,C,,,,,C,,N,A,2,0,0,0,22350.0,2,34.271751403808594,-118.76156616210938,4
2019,2019-09-01,1722,9,3,17,7,N,A,N,A,H,A,A,07,N,08,C,,,,,E,Y,N,A,1,0,0,0,22107.0,2,34.20797348022461,-118.8586196899414,3
2019,2019-09-07,49,9,3,0,6,N,A,N,A,H,C,A,01,S,08,E,,,,,I,Y,N,D,1,0,0,0,22107.0,1,34.18922424316406,-118.89403533935548,2
2019,2019-09-06,2014,9,3,20,5,Y,A,N,A,H,C,A,01,,03,C,,,,,C,N,N,A,1,0,0,0,22350.0,2,34.18830108642578,-118.91139221191406,4
2019,2019-08-28,1510,8,2,15,3,Y,A,N,A,H,A,A,01,,09,H,,,,,C,Y,N,A,2,0,0,0,21801.0,2,34.199440002441406,-118.86402893066406,3
2019,2019-08-22,1938,8,2,19,4,N,A,N,A,H,A,A,01,S,09,G,Y,,,,B,N,N,D,1,1,0,0,21804.0,2,34.18165969848633,-118.95315551757812,2
2019,2019-08-29,1525,8,2,15,4,N,A,Y,A,H,A,A,01,E,03,C,,,,,C,N,N,A,1,0,0,0,22350.0,2,34.21421813964844,-118.84922027587892,4
2019,2019-06-21,2356,6,2,23,5,N,A,N,A,H,C,A,01,E,01,E,,,,,I,Y,N,A,1,0,0,0,23152.0,1,34.23256301879883,-118.8591079711914,3
2019,2019-09-03,1858,9,3,18,2,Y,A,N,A,H,A,A,01,,09,D,,,,,C,Y,F,A,1,0,0,0,21801.0,2,34.28644180297852,-118.7356414794922,4
2019,2019-09-11,1051,9,3,10,3,Y,A,N,A,H,A,L,04,,12,D,,Y,,,G,N,N,A,1,0,1,0,22450.0,2,34.2795295715332,-119.2961883544922,4
2019,2019-09-19,758,9,3,7,4,N,A,N,A,H,A,-,,W,17,D,,,,,C,N,N,D,1,0,0,0,21209.0,2,34.2765007019043,-119.25003051757812,3
2019,2019-09-09,830,9,3,8,1,Y,A,N,A,H,A,-,- ,,00,A,,Y,,,G,N,M,A,1,0,1,0,,2,34.28961181640625,-119.29833221435548,4
2019,2019-09-13,1355,9,3,13,5,N,A,N,A,H,A,A,01,S,08,D,,,,,C,Y,N,D,1,0,0,0,22107.0,2,34.27297592163086,-119.2665786743164,3
2019,2019-09-13,1445,9,3,14,5,N,A,N,A,H,A,-,,E,03,-,,,,,C,Y,N,A,2,0,0,0,22350.0,2,34.27415466308594,-119.26058197021484,3
2019,2019-09-10,1712,9,3,17,2,N,A,N,A,H,A,-,,W,03,C,,,,,E,Y,N,A,1,0,0,0,22350.0,2,34.25667953491211,-119.20464324951172,3
2019,2019-09-10,1522,9,3,15,2,Y,A,N,A,H,A,N,60,,11,G,Y,,,,B,N,N,A,1,1,0,0,21950.0,2,34.22426986694336,-119.00438690185548,3
2019,2019-09-12,730,9,3,7,4,N,A,N,A,H,A,A,01,W,10,D,,Y,,,G,N,N,A,1,0,1,0,21950.0,2,34.300296783447266,-119.29879760742188,4
2019,2019-09-09,1952,9,3,19,1,Y,A,N,A,H,C,L,04,,05,D,,Y,,,G,N,N,A,1,0,1,0,21650.0,2,34.21527099609375,-119.03382110595705,4
2019,2019-09-10,1725,9,3,17,2,N,A,N,A,H,A,-,,W,03,B,,,,,C,Y,N,D,1,0,0,0,22350.0,3,34.27590560913086,-119.22920989990234,4
2019,2019-09-11,1117,9,3,11,3,Y,A,N,A,H,A,A,01,,12,D,,,,,C,N,N,A,2,0,0,0,21453.0,2,34.22563171386719,-118.98943328857422,4
2019,2019-07-13,1648,7,2,16,6,Y,A,N,A,H,A,-,- ,,12,D,,Y,,,G,N,N,A,1,0,1,0,21453.0,2,34.2004508972168,-119.15985107421876,4
2019,2019-09-04,1831,9,3,18,3,Y,A,N,A,H,A,A,01,,09,D,,,,,C,Y,N,A,5,0,0,0,21801.0,2,34.21781921386719,-119.03784942626952,4
2019,2019-09-06,404,9,3,4,5,N,A,N,A,H,C,A,01,S,01,E,,,,,I,Y,N,D,1,0,0,0,23153.0,1,34.29068374633789,-119.22330474853516,3
2019,2019-07-23,1900,7,2,19,2,N,A,N,A,H,A,-,- ,S,03,G,Y,,,,B,N,N,A,1,1,0,0,22350.0,2,34.17758560180664,-119.15677642822266,3
2019,2019-09-11,1117,9,3,11,3,N,A,N,A,H,A,A,01,S,01,C,,,,,E,Y,N,D,2,0,0,0,23152.0,2,34.23390579223633,-119.05968475341795,3
2019,2019-09-09,854,9,3,8,1,Y,A,N,A,H,A,A,01,,09,D,,,,,C,N,N,A,2,0,0,0,21804.0,2,34.294979095458984,-119.29670715332033,3
2019,2019-09-09,1614,9,3,16,1,Y,A,N,A,H,A,A,01,,09,D,,,,,C,Y,N,A,2,0,0,0,21801.0,2,34.21806335449219,-119.05757904052734,4
2019,2019-09-09,1457,9,3,14,1,N,A,N,A,H,A,A,07,W,21,C,,,,,C,N,N,A,3,0,0,0,22106.0,2,34.22158432006836,-119.02931213378906,4
2019,2019-09-09,1227,9,3,12,1,Y,A,N,A,H,A,D,22,,09,D,,,,,C,Y,N,D,1,0,0,0,21804.0,2,34.177040100097656,-119.21259307861328,4
2019,2019-09-06,1232,9,3,12,5,Y,A,N,A,H,A,A,07,,09,D,,,,,D,Y,N,A,4,0,0,0,21801.0,2,34.24168014526367,-119.01785278320312,3
2019,2019-07-23,2143,7,2,21,2,Y,C,N,A,H,C,L,04,,09,D,,Y,,,G,N,N,A,1,0,1,0,21802.0,2,34.353721618652344,-119.0667724609375,4
2019,2019-09-24,1920,9,3,19,2,N,A,Y,A,H,C,F,25,E,03,C,,,,Y,C,N,N,A,1,0,0,0,22350.0,2,34.39566802978516,-118.9223861694336,4
2019,2019-09-18,703,9,3,7,3,N,A,N,A,H,A,A,08,W,03,C,,,,,C,Y,N,D,1,0,0,0,22350.0,2,34.205509185791016,-119.05238342285156,4
2019,2019-08-02,1548,8,2,15,5,Y,A,N,A,H,A,A,01,,09,H,,,,,C,Y,N,A,1,0,0,0,21801.0,2,34.21186,-119.069752,3
2019,2019-08-22,1204,8,2,12,4,Y,A,N,A,H,A,A,01,,09,D,,,,,D,Y,N,A,1,0,0,0,21802.0,2,34.23170852661133,-119.03318786621094,3
2019,2019-08-23,1730,8,2,17,5,N,A,N,A,H,-,L,04,W,05,D,,Y,,,G,N,N,D,1,0,1,0,21650.0,2,34.233341217041016,-119.05216979980467,3
2019,2019-09-25,908,9,3,9,3,Y,A,N,A,H,A,A,01,,12,D,,,,,C,Y,N,A,1,0,0,0,21453.0,2,34.21731948852539,-119.0400848388672,4
2019,2019-09-25,1032,9,3,10,3,Y,A,N,A,H,A,A,01,,09,H,,,,,C,Y,N,A,2,0,0,0,21801.0,2,34.23657989501953,-119.03907775878906,3
2019,2019-09-25,1436,9,3,14,3,N,A,N,A,H,A,A,01,E,07,E,,,,,I,Y,N,A,1,0,0,0,21658.0,1,34.23001480102539,-119.0302276611328,4