ACCIDENT_YEAR,COLLISION_DATE,COLLISION_TIME,MONTH,SEASON,24HOURS,DAY_OF_WEEK,INTERSECTION,WEATHER_1,STATE_HWY_IND,ROAD_SURFACE,ROAD_COND_1,LIGHTING,STWD_VEHTYPE_AT_FAULT,CHP_VEHTYPE_AT_FAULT,DIRECTION,PCF_VIOL_CATEGORY,TYPE_OF_COLLISION,PEDESTRIAN_ACCIDENT,BICYCLE_ACCIDENT,MOTORCYCLE_ACCIDENT,TRUCK_ACCIDENT,MVIW,TOW_AWAY,HIT_AND_RUN,CONTROL_DEVICE,NUMBER_INJURED,COUNT_PED_INJURED,COUNT_BICYCLIST_INJURED,COUNT_MC_INJURED,PCF_VIOLATION,PARTY_COUNT,POINT_Y,POINT_X,COLLISION_SEVERITY
2019,2019-09-25,1313,9,3,13,3,Y,A,N,-,H,A,-,,,01,C,,,,,C,Y,F,A,1,0,0,0,23152.0,3,34.278011322021484,-119.21463012695312,2
2019,2019-10-11,1836,10,3,18,5,N,A,N,A,H,C,A,01,W,03,C,,,,,C,Y,N,A,1,0,0,0,22350.0,2,34.30027389526367,-119.29866027832033,4
2019,2019-10-11,1623,10,3,16,5,Y,A,N,A,H,A,-,- ,,00,D,,,,,C,Y,N,A,2,0,0,0,,2,34.28969955444336,-119.15647888183594,2
2019,2019-10-09,1717,10,3,17,3,Y,A,N,A,H,A,-,,,09,A,,,,,C,Y,N,A,2,0,0,0,21801.0,2,34.27880096435547,-119.20903778076172,4
2019,2019-10-06,1439,10,3,14,7,N,A,N,A,A,A,-,,S,03,F,,,,,J,N,N,D,1,0,0,0,22350.0,1,34.281700134277344,-119.2961883544922,3
2019,2019-10-09,1909,10,3,19,3,Y,A,N,A,E,C,A,01,,08,B,,,,,C,Y,N,A,1,0,0,0,22107.0,3,34.25410079956055,-119.25955963134766,3
2019,2019-10-09,1755,10,3,17,3,N,A,N,A,H,B,A,01,W,09,D,,,,,C,Y,N,D,3,0,0,0,21804.0,2,34.2795295715332,-119.29364013671876,3
2019,2019-10-12,1052,10,3,10,6,N,A,N,A,H,A,A,01,N,03,C,,,,,C,Y,N,D,2,0,0,0,22350.0,2,34.28490447998047,-119.15230560302734,3
2019,2019-09-27,756,9,3,7,5,Y,B,N,A,H,A,A,07,,09,H,,,,,C,Y,N,A,2,0,0,0,21801.0,3,34.21527099609375,-119.03382110595705,3
2019,2019-09-24,1740,9,3,17,2,N,A,N,A,H,A,A,01,W,09,B,,,,,E,Y,N,A,2,0,0,0,21804.0,2,34.22100830078125,-119.0517578125,4
2019,2019-09-26,1608,9,3,16,4,N,A,N,A,H,A,A,01,W,08,C,,,,,E,Y,N,A,1,0,0,0,22107.0,2,34.20549392700195,-119.0420150756836,4
2019,2019-09-28,202,9,3,2,6,Y,A,N,A,H,C,D,23,,01,E,,,,,I,Y,N,A,1,0,0,0,23152.0,1,34.20600128173828,-119.01213836669922,2
2019,2019-10-04,1650,10,3,16,5,Y,A,N,A,H,A,D,22,,01,H,,,,,C,Y,N,D,1,0,0,0,23153.0,2,34.21826171875,-119.05487060546876,4
2019,2019-09-10,806,9,3,8,2,N,B,N,A,H,A,A,07,E,03,C,,,,,C,Y,N,D,1,0,0,0,22350.0,3,34.16070556640625,-118.82250213623048,4
2019,2019-07-02,1253,7,2,12,2,Y,A,N,A,H,A,A,01,,08,C,,,,,E,Y,N,D,1,0,0,0,22107.0,2,34.35525894165039,-119.05583953857422,4
2019,2019-09-17,1838,9,3,18,2,Y,A,N,A,H,B,A,01,,01,C,,,,,C,Y,N,A,1,0,0,0,23152.0,2,34.147759,-119.19558,4
2019,2019-08-22,1422,8,2,14,4,N,A,N,A,H,A,A,01,S,03,C,,,,,C,N,N,D,2,0,0,0,22350.0,2,34.2711181640625,-118.76139068603516,3
2019,2019-09-26,2207,9,3,22,4,N,A,N,A,H,C,-,- ,W,01,D,,,,Y,E,Y,N,D,1,0,0,0,23152.0,3,34.17557907104492,-119.18716430664062,4
2019,2019-09-20,2002,9,3,20,5,Y,A,N,A,H,A,D,22,,11,G,Y,,,,B,N,N,A,1,1,0,0,21950.0,2,34.189918518066406,-119.16486358642578,3
2019,2019-09-30,2048,9,3,20,1,Y,A,N,A,H,E,-,- ,,09,D,,,,,C,N,N,B,2,0,0,0,21800.0,2,34.20616149902344,-119.14227294921876,4
2019,2019-09-27,1257,9,3,12,5,Y,A,N,A,H,A,G,26,,12,D,,,,Y,C,N,N,A,1,0,0,0,21453.0,2,34.1976203918457,-119.21856689453124,3
2019,2019-09-23,750,9,3,7,1,Y,A,N,A,H,A,D,22,,09,D,,,,,C,Y,N,A,1,0,0,0,21801.0,2,34.22735977172852,-119.16586303710938,4
2019,2019-09-15,1227,9,3,12,7,Y,A,N,A,H,A,F,26,,09,D,,,,Y,C,Y,N,A,2,0,0,0,21802.0,2,34.2029914855957,-119.18231201171876,4
2019,2019-09-08,2059,9,3,20,7,Y,A,N,A,H,C,-,- ,,12,D,,,,,C,Y,N,A,2,0,0,0,21453.0,2,34.17560958862305,-119.19127655029295,4
2019,2019-09-30,1524,9,3,15,1,Y,A,N,A,H,A,A,01,,08,B,,,,,C,Y,N,D,4,0,0,0,22107.0,2,34.22426986694336,-119.00438690185548,3
2019,2019-09-03,1531,9,3,15,2,N,A,Y,A,H,A,A,07,W,07,H,,,,Y,C,Y,N,A,2,0,0,0,21658.0,2,34.27889633178711,-118.89036560058594,4
2019,2019-09-13,1226,9,3,12,5,Y,A,N,A,H,A,A,01,,09,H,,,,,C,Y,N,D,2,0,0,0,21801.0,2,34.216121673583984,-118.86839294433594,3
2019,2019-09-11,1825,9,3,18,3,Y,A,N,A,H,A,A,01,,04,C,,,,,C,,N,A,2,0,0,0,21703.0,2,34.208740234375,-118.86837005615234,4
2019,2019-09-19,751,9,3,7,4,Y,A,N,A,H,A,A,01,,09,D,,,,,C,Y,N,A,1,0,0,0,21801.0,2,34.233150482177734,-118.97328948974608,3
2019,2019-09-16,3,9,3,0,1,N,A,N,A,H,D,A,01,S,08,E,,,,,I,Y,N,D,1,0,0,0,22107.0,1,34.13716506958008,-118.85044860839844,3
2019,2019-10-01,1919,10,3,19,2,Y,A,Y,A,H,C,A,01,,09,H,,,,,C,Y,N,D,1,0,0,0,21801.0,2,34.27887344360352,-118.88850402832033,3
2019,2019-09-20,1947,9,3,19,5,N,A,N,A,H,C,-,- ,N,01,B,,,,,E,Y,N,D,2,0,0,0,23152.0,2,34.20856475830078,-119.22100067138672,4
2019,2019-09-30,1921,9,3,19,1,Y,A,N,A,H,B,A,07,,09,D,,,,,C,Y,N,A,1,0,0,0,21801.0,2,34.17340087890625,-119.17266845703124,3
2019,2019-09-16,1744,9,3,17,1,N,A,N,A,H,A,-,- ,S,03,C,,,,,C,Y,N,A,1,0,0,0,22350.0,3,34.20595169067383,-119.15976715087892,4
2019,2019-09-21,1341,9,3,13,6,N,A,N,A,H,A,A,01,N,03,C,,,,,C,Y,N,D,1,0,0,0,22350.0,2,34.221038818359375,-119.19465637207033,4
2019,2019-09-17,429,9,3,4,2,Y,A,N,A,H,C,-,- ,,09,A,,,,,C,Y,F,A,1,0,0,0,21800.0,2,34.173431396484375,-119.16381072998048,4
2019,2019-09-25,130,9,3,1,3,Y,A,N,A,H,C,A,07,,08,E,,,,,I,Y,N,D,1,0,0,0,22107.0,1,34.161720275878906,-119.13616943359376,4
2019,2019-09-29,400,9,3,4,7,Y,B,N,A,H,C,N,60,,11,G,Y,,,,B,N,F,D,1,1,0,0,21954.0,2,34.244535,-119.17732,3
2019,2019-09-01,159,9,3,1,7,Y,A,N,A,H,C,A,01,,01,A,,,,,C,Y,N,A,1,0,0,0,23152.0,2,34.199344635009766,-119.17732238769533,4
2019,2019-09-30,717,9,3,7,1,Y,A,N,A,H,A,A,01,,03,G,Y,,,,B,N,N,D,1,1,0,0,22350.0,2,34.206401824951165,-119.16957855224608,3
2019,2019-09-07,1514,9,3,15,6,Y,A,N,A,H,A,A,07,,01,D,,,,,C,Y,N,A,2,0,0,0,23152.0,2,34.228059,-119.157967,4
2019,2019-09-12,1600,9,3,16,4,N,A,N,A,H,A,-,- ,N,07,B,,,,,C,N,F,D,1,0,0,0,21658.0,2,34.2186393737793,-119.18633270263672,4
2019,2019-09-16,1555,9,3,15,1,Y,A,N,A,H,A,A,01,,10,G,Y,,,,B,N,N,A,1,1,0,0,21950.0,2,34.1609992980957,-119.1777801513672,4
2019,2019-09-19,1220,9,3,12,4,Y,A,N,A,H,A,A,07,,09,D,,,,,C,Y,N,A,1,0,0,0,21801.0,2,34.20634841918945,-119.1596908569336,4
2019,2019-09-19,1316,9,3,13,4,Y,A,N,A,H,A,L,04,,12,D,,Y,,,G,N,N,A,1,0,1,0,21453.0,2,34.154781341552734,-119.18611145019533,4
2019,2019-09-21,407,9,3,4,6,Y,A,N,A,H,C,A,07,,01,E,,,,,I,Y,N,A,1,0,0,0,23152.0,1,34.22629165649414,-119.2109832763672,3
2019,2019-09-22,1317,9,3,13,7,Y,A,N,A,H,A,A,01,,12,D,,,,,C,Y,N,A,2,0,0,0,21453.0,2,34.154781341552734,-119.18611145019533,3
2019,2019-09-24,1455,9,3,14,2,Y,A,N,A,H,A,A,08,,09,D,,,,,C,N,N,D,1,0,0,0,21801.0,2,34.199031829833984,-119.14909362792967,4
2019,2019-09-26,1808,9,3,18,4,N,A,N,A,H,A,A,07,W,08,F,,,,,I,N,N,D,1,0,0,0,22107.0,1,34.24477005004883,-119.1774444580078,3
2019,2019-09-26,1447,9,3,14,4,N,A,N,A,H,A,A,01,S,03,C,,,,,C,N,N,A,1,0,0,0,22350.0,2,34.21087646484375,-119.14221954345705,4
2019,2019-09-25,2126,9,3,21,3,Y,A,N,A,H,C,-,- ,,11,B,Y,,,,B,Y,N,D,1,1,0,0,21954.0,2,34.21915054321289,-119.175048828125,2
2019,2019-09-30,830,9,3,8,1,Y,A,Y,A,H,A,A,07,,12,D,,,,,C,Y,N,A,1,0,0,0,21453.0,2,34.238037109375,-119.17888641357422,4
2019,2019-10-01,1441,10,3,14,2,Y,A,N,A,H,A,-,- ,,12,D,,,,,C,Y,N,A,2,0,0,0,21453.0,3,34.23175048828125,-119.1733627319336,3
2019,2019-10-02,1821,10,3,18,3,Y,A,N,A,H,A,A,01,,10,G,Y,,,,B,N,N,A,1,1,0,0,21950.0,2,34.18280029296875,-119.17755126953124,3
2019,2019-10-02,2046,10,3,20,3,Y,A,N,A,H,C,-,- ,,01,B,,,,,C,N,F,A,1,0,0,0,23153.0,2,34.15106964111328,-119.17562103271484,4
2019,2019-09-12,1048,9,3,10,4,Y,A,N,A,H,A,A,01,,10,G,Y,,,,B,N,N,A,1,1,0,0,21950.0,2,34.27190017700195,-118.86888122558594,3
2019,2019-09-18,1208,9,3,12,3,N,A,N,A,H,A,A,01,W,03,C,,,,,C,Y,N,A,2,0,0,0,22350.0,2,34.26350021362305,-118.87874603271484,3
2019,2019-09-05,1810,9,3,18,4,N,A,N,A,H,B,N,60,W,11,C,Y,,,,C,Y,N,D,1,0,0,0,21954.0,3,34.28540802001953,-118.88125610351562,4
2019,2019-09-05,1301,9,3,13,4,N,A,N,A,H,A,A,08,E,03,C,,,,,C,N,N,D,1,0,0,0,22350.0,3,34.29590606689453,-118.84031677246094,4
2019,2019-09-29,1625,9,3,16,7,N,A,N,A,H,A,A,01,W,03,C,,,,,C,Y,N,A,2,0,0,0,22350.0,3,34.277801513671875,-119.21585083007812,3
2019,2019-09-29,2234,9,3,22,7,Y,A,N,A,H,C,A,01,,01,D,,,,,C,Y,N,A,2,0,0,0,23153.0,2,34.26192092895508,-119.23184967041016,4
2019,2019-09-24,847,9,3,8,2,N,A,N,A,H,A,A,01,E,01,C,,,,,C,Y,N,D,1,0,0,0,23153.0,2,34.19158172607422,-118.9499053955078,4
2019,2019-09-16,1620,9,3,16,1,N,A,N,A,H,A,A,01,N,03,C,,,,,C,N,F,A,2,0,0,0,22350.0,2,34.17876052856445,-118.93750762939452,4
2019,2019-09-25,911,9,3,9,3,N,A,N,A,H,A,L,04,E,05,D,,Y,,,G,N,N,A,1,0,1,0,21650.0,2,34.180572509765625,-118.92929077148438,3
2019,2019-09-25,825,9,3,8,3,N,A,N,A,H,A,A,01,E,04,C,,,,,C,Y,N,D,5,0,0,0,21703.0,2,34.23395538330078,-118.86609649658205,3
2019,2019-09-24,1512,9,3,15,2,N,A,N,A,H,A,A,01,W,21,H,,,,,C,N,N,D,1,0,0,0,22106.0,2,34.22079849243164,-118.87564086914062,4
2019,2019-09-24,800,9,3,8,2,N,A,N,A,H,A,A,01,N,07,B,,,,,C,Y,N,D,1,0,0,0,21658.0,2,34.19841766357422,-118.9227294921875,4
2019,2019-09-18,1042,9,3,10,3,Y,A,N,A,H,A,A,01,,12,D,,,,,C,Y,N,A,2,0,0,0,22450.0,2,34.22605895996094,-118.84285736083984,4
2019,2019-10-04,1549,10,3,15,5,N,A,N,A,H,A,A,01,W,10,G,Y,,,,B,N,N,A,1,0,0,0,21950.0,2,34.27827835083008,-119.28849792480467,4
2019,2019-10-03,743,10,3,7,4,N,A,N,A,H,A,-,- ,E,18,A,,,,,C,Y,N,A,1,0,0,0,,2,34.27841567993164,-119.2717056274414,3
2019,2019-10-04,1415,10,3,14,5,Y,A,N,A,H,A,-,,,09,A,,,,,C,N,N,A,1,0,0,0,21801.0,2,34.27825164794922,-119.29466247558594,4
2019,2019-10-02,931,10,3,9,3,Y,A,N,A,H,A,-,,,10,D,Y,,,,B,N,N,D,1,1,0,0,21950.0,2,34.27956008911133,-119.28700256347656,4
2019,2019-10-02,749,10,3,7,3,N,A,N,A,H,A,-,,E,08,B,,,,,C,Y,N,D,1,0,0,0,22103.0,2,34.279483795166016,-119.22963714599608,4
2019,2019-09-26,1502,9,3,15,4,N,B,N,A,H,A,D,22,E,08,E,,,,,I,Y,N,D,1,0,0,0,22107.0,1,34.188804626464844,-118.79071807861328,3
2019,2019-10-02,1138,10,3,11,3,N,A,Y,A,H,A,D,22,S,21,C,,,,,D,,N,A,1,0,0,0,22106.0,2,34.1471061706543,-118.8427734375,4
2019,2019-09-27,812,9,3,8,5,N,A,N,A,H,A,A,01,E,08,B,,,,,C,N,N,A,1,0,0,0,22107.0,2,34.19173049926758,-118.84023284912108,4
2019,2019-10-01,740,10,3,7,2,N,A,N,A,H,A,A,08,N,03,C,,,,,C,,N,B,1,0,0,0,22350.0,2,34.19977951049805,-118.89026641845705,4
2019,2019-10-01,1426,10,3,14,2,N,A,N,A,H,A,I,09,E,03,C,,,,,C,N,N,A,4,0,0,0,22350.0,4,34.19021987915039,-118.94339752197266,4
2019,2019-10-03,1217,10,3,12,4,Y,A,N,A,H,A,A,01,,04,C,,,,,C,N,N,A,1,0,0,0,21703.0,4,34.15399169921875,-118.83123016357422,4
2019,2019-10-07,841,10,3,8,1,N,A,N,A,H,A,A,01,E,09,D,,Y,,,G,,N,D,1,0,1,0,21801.0,2,34.151214599609375,-118.82711029052734,4
2019,2019-09-28,1604,9,3,16,6,Y,A,N,A,H,A,I,11,,09,D,,Y,,,G,N,N,D,1,0,1,0,21801.0,2,34.28302001953125,-118.67945098876952,3
2019,2019-10-02,1639,10,3,16,3,N,A,N,A,H,A,D,22,W,08,B,,,,,C,N,N,D,1,0,0,0,22107.0,2,34.271671295166016,-118.69581604003906,3
2019,2019-09-30,1440,9,3,14,1,N,A,N,A,H,A,A,01,W,03,C,,,,,C,N,N,D,2,0,0,0,22350.0,2,34.163528442382805,-118.82789611816406,3
2019,2019-09-19,218,9,3,2,4,N,A,N,A,H,D,A,07,W,01,E,,,,,I,Y,N,D,1,0,0,0,23152.0,1,34.23111343383789,-118.86074066162108,3
2019,2019-09-21,1800,9,3,18,6,N,A,N,A,H,A,C,02,N,21,C,,,Y,,C,Y,N,D,1,0,0,1,22106.0,2,34.26976013183594,-118.77888488769533,4
2019,2019-10-10,936,10,3,9,4,N,A,N,A,H,A,D,22,E,03,C,,,,,C,Y,N,D,1,0,0,0,22350.0,2,34.23885726928711,-118.84726715087892,4
2019,2019-10-10,700,10,3,7,4,N,A,N,A,H,A,D,22,W,08,A,,,,,I,Y,N,D,1,0,0,0,22107.0,1,34.185787200927734,-118.90782165527344,4
2019,2019-10-02,1421,10,3,14,3,N,A,N,A,H,A,A,01,N,03,C,,,,,C,,N,D,1,0,0,0,22350.0,3,34.27019119262695,-118.76139831542967,4
2019,2019-10-01,1303,10,3,13,2,N,A,N,A,H,A,A,01,E,03,C,,,,,C,,N,A,1,0,0,0,22350.0,2,34.271671295166016,-118.71722412109376,4
2019,2019-10-02,1105,10,3,11,3,Y,A,N,A,H,A,A,01,,09,A,,,,,C,,N,A,2,0,0,0,21801.0,2,34.26448059082031,-118.76889038085938,3
2019,2019-10-12,115,10,3,1,6,N,A,N,A,H,C,A,01,N,08,F,,,,,I,Y,N,D,1,0,0,0,22107.0,1,,,3
2019,2019-09-30,2126,9,3,21,1,Y,A,N,A,H,C,A,01,,01,H,,,,,C,Y,N,A,1,0,0,0,23152.0,2,34.223628997802734,-119.0390396118164,4
2019,2019-10-10,1924,10,3,19,4,Y,A,N,A,H,C,A,01,,01,D,,,,,C,Y,N,A,1,0,0,0,23152.0,2,34.14759826660156,-119.19046020507812,4
2019,2019-10-11,2054,10,3,20,5,N,A,N,A,H,C,A,01,N,01,C,,,,,C,Y,N,D,3,0,0,0,23153.0,3,34.27220916748047,-118.76139831542967,3
2019,2019-10-07,1148,10,3,11,1,N,A,N,A,H,A,A,07,W,00,H,,Y,,,G,N,F,A,1,0,1,0,20002.0,2,34.17604446411133,-119.21638488769533,4
2019,2019-10-17,1723,10,3,17,4,Y,A,N,A,H,A,A,01,,09,D,,,,,C,Y,N,A,1,0,0,0,21801.0,4,34.274009704589844,-118.79647827148438,3
2019,2019-10-11,250,10,3,2,5,N,A,N,A,H,C,A,01,W,08,E,,,,,I,Y,N,D,1,0,0,0,22107.0,1,34.23028945922852,-118.79632568359376,3
2019,2019-10-11,1234,10,3,12,5,Y,A,N,A,H,A,A,01,,09,D,,,,,C,N,N,D,1,0,0,0,21802.0,2,34.286258697509766,-118.70027923583984,4
2019,2019-10-11,1256,10,3,12,5,N,A,N,A,H,A,A,01,E,03,C,,,,,C,Y,N,D,1,0,0,0,22350.0,3,34.26441955566406,-118.79630279541016,3
2019,2019-10-12,1310,10,3,13,6,Y,A,N,A,H,A,A,08,,12,D,,,,,C,Y,N,A,1,0,0,0,21453.0,2,34.271787,-118.772051,4
2019,2019-10-12,2003,10,3,20,6,Y,A,N,A,H,C,A,01,,09,D,,,,,C,,N,D,1,0,0,0,21801.0,2,34.15650939941406,-119.1952667236328,4
2019,2019-10-15,1350,10,3,13,2,Y,A,N,A,H,A,A,01,,09,H,,,,,C,Y,N,D,1,0,0,0,21801.0,2,34.212528228759766,-118.87773895263672,3
2019,2019-10-21,1857,10,3,18,1,Y,A,N,A,H,C,A,01,,09,D,,,,,D,N,N,A,1,0,0,0,21804.0,2,34.178749084472656,-118.82068634033205,4
2019,2019-10-15,1546,10,3,15,2,N,A,N,A,H,A,A,01,E,09,H,,,,,C,N,N,D,2,0,0,0,21801.0,2,34.20587539672852,-118.88542938232422,3
2019,2019-10-21,1323,10,3,13,1,Y,A,N,A,H,A,A,01,,09,H,,,,,C,N,N,A,1,0,0,0,21801.0,2,34.16661834716797,-118.83291625976562,4
2019,2019-08-26,1132,8,2,11,1,N,A,N,A,H,A,-,,N,03,D,,,,,C,Y,N,A,2,0,0,0,22350.0,2,34.26078414916992,-119.23411560058594,4
2019,2019-10-20,332,10,3,3,7,N,A,N,A,H,D,A,01,W,08,B,,,,,E,Y,N,D,1,0,0,0,22107.0,2,34.21835708618164,-119.03680419921876,4
2019,2019-09-07,1640,9,3,16,6,N,A,N,A,H,A,J,48,W,03,C,,,,Y,C,Y,N,D,1,0,0,0,22350.0,2,34.181148529052734,-119.1994400024414,3
2019,2019-10-31,2235,10,3,22,4,Y,A,N,A,H,C,D,22,,09,A,,,,,C,N,N,A,1,0,0,0,21801.0,2,34.263641357421875,-118.76138305664062,3
2019,2019-10-16,1303,10,3,13,3,N,A,N,A,H,A,L,04,S,09,D,,Y,,,G,N,N,D,1,0,1,0,21804.0,2,34.1558837890625,-119.18061065673828,3
2019,2019-10-20,2105,10,3,21,7,Y,A,Y,A,H,C,D,22,,12,D,,,,,C,N,N,A,1,0,0,0,21453.0,2,34.394996643066406,-118.92719268798828,3
2019,2019-09-05,1055,9,3,10,4,Y,A,N,A,H,A,A,01,,09,D,,,,,C,Y,N,A,2,0,0,0,21801.0,2,34.238059997558594,-119.175537109375,4
2019,2019-10-01,509,10,3,5,2,Y,A,N,A,H,C,-,,,12,D,,,,,C,Y,N,D,1,0,0,0,22450.0,2,34.2783088684082,-119.28394317626952,3
2019,2019-09-21,1406,9,3,14,6,N,A,N,A,H,A,A,01,W,03,C,,,,,C,N,N,A,1,0,0,0,22350.0,2,34.175979614257805,-119.2085189819336,4
2019,2019-10-16,1537,10,3,15,3,Y,A,N,A,H,A,A,01,,09,D,,,,,C,Y,N,A,1,0,0,0,21801.0,2,34.2717399597168,-118.68276214599608,4
2019,2019-10-14,1910,10,3,19,1,N,A,N,A,H,C,D,22,S,01,C,,,,,C,Y,N,A,2,0,0,0,23152.0,3,34.247989654541016,-118.78108215332033,3
2019,2019-10-12,2355,10,3,23,6,N,A,N,A,H,D,A,01,E,09,D,,,,,C,Y,N,D,1,0,0,0,21804.0,2,34.217918395996094,-119.06922149658205,4
2019,2019-10-11,741,10,3,7,5,Y,A,N,A,H,A,A,01,,09,D,,,,,C,Y,N,D,6,0,0,0,21802.0,2,34.269878387451165,-118.66204833984376,3
2019,2019-10-12,2218,10,3,22,6,Y,A,Y,A,H,C,A,01,,01,D,,,,,C,N,N,A,1,0,0,0,23153.0,2,34.21908950805664,-119.07048797607422,4
2019,2019-10-10,750,10,3,7,4,Y,A,N,A,H,A,A,08,,09,A,,,,,C,Y,N,A,1,0,0,0,21801.0,2,34.260841369628906,-118.75327301025392,4
2019,2019-10-04,1805,10,3,18,5,Y,A,N,A,H,A,A,01,,12,D,,,,,C,Y,N,A,3,0,0,0,21453.0,2,34.25371170043945,-118.81575775146484,3
2019,2019-10-07,725,10,3,7,1,Y,A,N,A,H,A,A,08,,09,D,,,,,C,Y,N,A,2,0,0,0,21802.0,2,34.275421142578125,-118.75478363037108,4
2019,2019-09-24,728,9,3,7,2,Y,A,Y,A,H,A,A,01,,09,D,,,,,C,Y,N,A,2,0,0,0,21804.0,2,34.44279098510742,-119.26702880859376,4
2019,2019-09-15,2215,9,3,22,7,N,A,Y,A,H,C,A,07,N,12,D,,,,,C,Y,F,D,1,0,0,0,22450.0,2,34.279109954833984,-118.66448211669922,4
2019,2019-08-08,2310,8,2,23,4,Y,A,N,A,H,C,-,- ,,01,D,,,,,C,Y,F,A,1,0,0,0,23152.0,2,34.19029998779297,-119.19512176513672,4
2019,2019-08-23,1229,8,2,12,5,N,A,N,A,H,A,-,- ,E,09,D,,,,,C,N,N,D,1,0,0,0,21801.0,2,34.22957992553711,-119.17413330078124,4
2019,2019-09-20,846,9,3,8,5,N,A,N,A,H,A,N,60,E,11,G,Y,,,,B,N,N,D,1,1,0,0,21954.0,2,34.27901077270508,-118.69104766845705,3
2019,2019-09-23,2048,9,3,20,1,N,A,N,A,H,C,A,01,N,01,E,,,,,I,Y,N,A,1,0,0,0,23152.0,1,34.271820068359375,-118.76139831542967,3
2019,2019-09-06,1516,9,3,15,5,N,A,N,A,H,A,C,02,E,03,D,,,Y,,C,Y,N,A,1,0,0,1,22350.0,2,34.26441955566406,-118.79630279541016,4
2019,2019-09-14,1306,9,3,13,6,N,A,N,A,H,A,-,- ,N,18,A,,,,,E,Y,N,D,1,0,0,0,,2,34.27341842651367,-118.7089385986328,4
2019,2019-09-14,2030,9,3,20,6,N,A,N,A,H,C,A,01,W,09,D,,,Y,,C,N,N,D,1,0,0,1,21804.0,2,34.26382827758789,-118.76181793212892,2
2019,2019-09-19,1030,9,3,10,4,Y,A,N,A,H,A,A,01,,12,D,,,,,C,Y,N,A,2,0,0,0,21453.0,2,34.28472900390625,-118.76136779785156,4
2019,2019-09-14,1608,9,3,16,6,N,A,N,A,H,A,L,04,S,12,H,,Y,,,G,N,N,A,1,0,1,0,22450.0,2,34.14659118652344,-119.19557189941406,3
2019,2019-09-25,2121,9,3,21,3,Y,A,N,A,H,C,A,01,,04,C,,,,,C,Y,N,A,2,0,0,0,21703.0,2,34.278992,-118.741744,4
2019,2019-09-19,847,9,3,8,4,N,A,N,A,H,A,A,01,N,09,D,,,,,C,N,N,D,1,0,0,0,21804.0,2,34.27829360961914,-118.7447509765625,4
2019,2019-09-25,1754,9,3,17,3,N,A,N,A,H,A,A,07,E,08,A,,,,,C,N,N,D,2,0,0,0,22107.0,2,34.269981384277344,-118.77005004882812,4
2019,2019-09-18,735,9,3,7,3,N,A,N,A,H,A,L,04,W,03,D,,Y,,,G,N,N,D,1,0,1,0,22350.0,2,34.25666427612305,-118.7425537109375,3
2019,2019-10-05,2300,10,3,23,6,N,A,Y,A,B,D,A,01,N,03,E,,,,,I,Y,N,D,1,0,0,0,22350.0,1,34.13949966430664,-118.84996032714844,4
2019,2019-10-04,1254,10,3,12,5,N,A,Y,A,H,A,A,07,W,08,B,,,,,C,N,N,D,2,0,0,0,22107.0,2,34.279006958007805,-118.88684844970705,4
2019,2019-10-12,1031,10,3,10,6,Y,A,Y,A,H,A,-,- ,,12,D,,,,,C,Y,N,A,2,0,0,0,21453.0,2,34.22246551513672,-119.13872528076172,4
2019,2019-10-17,1341,10,3,13,4,N,A,Y,A,H,A,-,- ,S,03,C,,,,,C,Y,N,A,2,0,0,0,22350.0,2,34.24385452270508,-119.16423034667967,4
2019,2019-10-15,1409,10,3,14,2,N,A,Y,A,H,A,A,07,S,04,C,,,,,C,N,N,A,1,0,0,0,21703.0,2,34.15454864501953,-118.82723236083984,4
2019,2019-10-17,624,10,3,6,4,Y,A,Y,A,H,C,A,01,,10,G,Y,,,,B,N,N,A,1,1,0,0,21950.0,2,34.39688873291016,-118.91302490234376,4
2019,2019-10-14,1704,10,3,17,1,N,A,Y,A,H,A,A,01,N,05,E,,,,,I,Y,N,A,1,0,0,0,21650.0,1,34.21752166748047,-119.0334014892578,3
2019,2019-10-19,2119,10,3,21,6,Y,A,N,A,H,C,A,01,,12,D,,,,,C,Y,N,A,1,0,0,0,21453.0,2,34.21656036376953,-119.00627136230467,3