ACCIDENT_YEAR,COLLISION_DATE,COLLISION_TIME,MONTH,SEASON,24HOURS,DAY_OF_WEEK,INTERSECTION,WEATHER_1,STATE_HWY_IND,ROAD_SURFACE,ROAD_COND_1,LIGHTING,STWD_VEHTYPE_AT_FAULT,CHP_VEHTYPE_AT_FAULT,DIRECTION,PCF_VIOL_CATEGORY,TYPE_OF_COLLISION,PEDESTRIAN_ACCIDENT,BICYCLE_ACCIDENT,MOTORCYCLE_ACCIDENT,TRUCK_ACCIDENT,MVIW,TOW_AWAY,HIT_AND_RUN,CONTROL_DEVICE,NUMBER_INJURED,COUNT_PED_INJURED,COUNT_BICYCLIST_INJURED,COUNT_MC_INJURED,PCF_VIOLATION,PARTY_COUNT,POINT_Y,POINT_X,COLLISION_SEVERITY
2019,2019-08-30,1034,8,2,10,5,Y,A,N,A,H,A,-,- ,,08,B,,,,Y,C,N,N,A,1,0,0,0,22107.0,2,34.173439025878906,-119.17765808105467,4
2019,2019-10-19,1916,10,3,19,6,Y,A,Y,A,H,C,-,- ,,09,B,,,,,C,Y,N,A,2,0,0,0,21801.0,2,34.23716735839844,-119.16928863525392,3
2019,2019-10-25,1930,10,3,19,5,N,A,Y,A,H,C,A,01,E,01,C,,,,,C,Y,N,A,1,0,0,0,23153.0,3,34.16621017456055,-119.14251708984376,4
2019,2019-10-29,730,10,3,7,2,N,A,N,A,H,A,A,01,S,03,C,,,,,C,Y,N,A,2,0,0,0,22350.0,3,34.21807861328125,-119.22128295898438,3
2019,2019-10-14,1139,10,3,11,1,Y,A,Y,A,H,A,-,- ,,18,H,,,,Y,J,Y,N,A,1,0,0,0,,1,34.279319763183594,-118.86949920654295,4
2019,2019-10-14,1514,10,3,15,1,N,A,N,A,H,A,L,04,W,05,D,,Y,,,C,N,N,A,1,0,1,0,21650.0,2,34.218997955322266,-119.15885925292967,4
2019,2019-09-30,710,9,3,7,1,Y,A,N,A,H,A,-,- ,,12,D,,,,,C,Y,N,A,4,0,0,0,21453.0,2,34.21894073486328,-119.15392303466795,4
2019,2019-10-10,1726,10,3,17,4,N,A,N,A,H,A,-,- ,N,03,C,,,,,C,Y,N,A,1,0,0,0,22350.0,2,34.19700241088867,-119.1598892211914,3
2019,2019-11-05,1138,11,3,11,2,N,A,N,A,H,A,-,- ,N,03,F,,,,,C,Y,N,D,1,0,0,0,22350.0,2,34.192440032958984,-119.1872329711914,4
2019,2019-11-08,1138,11,3,11,5,Y,A,N,A,H,A,-,- ,,00,D,,,,,C,Y,N,A,1,0,0,0,,2,34.28548049926758,-118.8747329711914,4
2019,2019-11-06,1714,11,3,17,3,N,A,N,A,H,C,A,01,N,03,C,Y,,,,C,N,N,D,1,1,0,0,22350.0,3,34.29774856567383,-118.84181213378906,4
2019,2019-11-03,2345,11,3,23,7,N,A,N,A,H,D,A,01,N,01,E,,,,,I,Y,N,-,1,0,0,0,23152.0,1,34.300640106201165,-118.85871887207033,3
2019,2019-10-27,2152,10,3,21,7,N,A,N,A,H,C,A,01,,03,D,,,,,E,Y,M,D,1,0,0,0,22350.0,4,34.207130432128906,-119.18805694580078,3
2019,2019-10-19,22,10,3,0,6,N,A,N,A,H,C,A,01,S,03,A,,,,,I,Y,N,B,2,0,0,0,22350.0,2,34.19757461547852,-119.19487762451172,4
2019,2019-10-05,1350,10,3,13,6,N,A,N,A,-,A,A,01,N,03,C,,,,,C,Y,N,A,2,0,0,0,22350.0,2,34.19779968261719,-119.24250030517578,4
2019,2019-10-28,1207,10,3,12,1,N,A,N,A,H,A,A,01,S,09,D,,,,,C,Y,N,D,1,0,0,0,21804.0,2,34.190059661865234,-119.17754364013672,4
2019,2019-10-25,712,10,3,7,5,Y,A,N,A,H,A,A,01,,10,G,Y,,,,B,N,N,A,1,1,0,0,21950.0,2,34.19029998779297,-119.21842956542967,4
2019,2019-10-24,734,10,3,7,4,Y,A,N,A,H,A,-,- ,,09,D,,,,,C,N,N,D,1,0,0,0,21802.0,2,34.151241302490234,-119.17787933349608,3
2019,2019-10-23,745,10,3,7,3,Y,A,N,A,H,A,-,- ,,12,B,,,,,C,Y,N,A,1,0,0,0,21453.0,2,34.17557907104492,-119.18617248535156,4
2019,2019-10-22,2121,10,3,21,2,Y,A,N,A,H,C,-,- ,,12,D,,,,,C,,N,A,3,0,0,0,21453.0,2,34.19779968261719,-119.24250030517578,3
2019,2019-10-27,1330,10,3,13,7,Y,A,N,A,H,A,A,01,,12,C,,,,,C,N,N,A,2,0,0,0,21453.0,2,34.171669006347656,-119.16017150878906,4
2019,2019-10-02,11,10,3,0,3,Y,B,N,A,H,E,A,01,,08,G,,Y,,,G,N,F,D,1,0,1,0,22107.0,2,34.16883087158203,-119.18118286132812,2
2019,2019-10-26,1644,10,3,16,6,Y,A,N,A,H,A,A,07,,12,D,,,,,C,Y,N,A,2,0,0,0,21453.0,2,34.20629119873047,-119.15125274658205,4
2019,2019-10-21,811,10,3,8,1,Y,A,N,A,H,A,C,02,,03,D,,,Y,,E,Y,N,B,1,0,0,1,22350.0,2,34.15473175048828,-119.1787338256836,4
2019,2019-10-17,1542,10,3,15,4,N,A,N,A,H,A,-,- ,N,00,B,,,,,C,N,N,D,1,0,0,0,,2,34.28117370605469,-118.8747329711914,4
2019,2019-10-21,819,10,3,8,1,Y,A,N,A,H,A,-,- ,,12,D,,,,,C,N,N,A,2,0,0,0,21453.0,2,34.1758918762207,-119.22154998779295,3
2019,2019-10-14,1000,10,3,10,1,N,A,N,A,H,A,-,99,E,03,C,,,,,C,Y,F,A,2,0,0,0,22350.0,5,34.29604721069336,-118.83967590332033,4
2019,2019-10-21,1427,10,3,14,1,Y,A,N,A,H,A,A,08,,09,B,,,,,C,Y,N,A,2,0,0,0,21801.0,2,34.229351043701165,-119.18618011474608,4
2019,2019-10-24,1728,10,3,17,4,N,A,N,A,H,A,A,01,N,09,D,,,,,C,N,N,D,4,0,0,0,21801.0,3,34.17426300048828,-119.17764282226562,4
2019,2019-10-06,1329,10,3,13,7,Y,A,N,A,H,A,A,01,,10,A,Y,,,,B,N,N,A,1,1,0,0,21950.0,2,34.19770050048828,-119.17861175537108,4
2019,2019-10-24,2103,10,3,21,4,N,A,N,A,H,C,N,60,S,11,G,Y,,,,B,N,F,D,1,1,0,0,21955.0,2,34.23700714111328,-119.16943359375,2
2019,2019-10-24,757,10,3,7,4,Y,A,N,A,H,A,N,60,,11,G,Y,,,,B,N,N,D,2,2,0,0,21950.0,3,34.17782974243164,-119.1534423828125,3
2019,2019-10-23,1036,10,3,10,3,Y,A,N,A,H,A,-,- ,,12,D,,,,,C,Y,N,D,1,0,0,0,22450.0,3,34.21403121948242,-119.180908203125,4
2019,2019-10-23,730,10,3,7,3,N,A,N,A,H,A,A,07,E,07,B,,,,,C,Y,N,A,2,0,0,0,21658.0,2,34.197509765625,-119.22095489501952,4
2019,2019-10-10,1401,10,3,14,4,Y,G,N,A,H,A,A,07,,03,A,,,,,C,Y,N,D,3,0,0,0,22350.0,3,34.18656921386719,-119.17337799072266,3
2019,2019-10-06,2351,10,3,23,7,N,A,N,A,H,C,A,01,W,08,E,,,,,I,Y,N,A,1,0,0,0,22107.0,1,34.18989944458008,-119.16660308837892,4
2019,2019-10-04,1937,10,3,19,5,N,A,N,A,H,C,A,01,W,03,C,,,,,C,N,N,A,1,0,0,0,22350.0,2,34.1761360168457,-119.2253189086914,4
2019,2019-10-19,1237,10,3,12,6,Y,A,N,A,H,A,A,01,,12,D,,,,,C,Y,N,A,1,0,0,0,22450.0,2,34.180660247802734,-119.164306640625,4
2019,2019-11-08,1732,11,3,17,5,Y,A,N,A,H,B,A,01,,09,H,,,,,C,Y,N,A,2,0,0,0,21801.0,3,34.235939025878906,-119.0415496826172,2
2019,2019-11-13,1357,11,3,13,3,N,A,N,A,H,A,-,- ,N,18,E,,,,,I,Y,N,A,1,0,0,0,,1,34.19496536254883,-118.87221527099608,4
2019,2019-11-10,1227,11,3,12,7,N,A,N,A,H,A,A,01,S,09,H,Y,,,,C,Y,N,D,3,1,0,0,21801.0,4,34.19398880004883,-118.929931640625,3
2019,2019-11-17,1350,11,3,13,7,N,A,N,A,H,A,D,22,W,09,D,,,,,C,Y,N,D,1,0,0,0,21804.0,2,34.218021392822266,-118.86892700195312,4
2019,2019-10-24,1507,10,3,15,4,N,A,N,A,H,A,D,22,E,09,C,,,,,D,N,N,D,1,0,0,0,21804.0,2,34.222267150878906,-119.04141998291016,4
2019,2019-10-26,1935,10,3,19,6,Y,A,N,A,H,C,A,01,,09,H,,,,,C,Y,N,A,2,0,0,0,21801.0,2,34.2239990234375,-119.10376739501952,3
2019,2019-11-16,2032,11,3,20,6,N,A,N,A,H,C,A,01,N,08,C,,,,,C,Y,N,D,1,0,0,0,22107.0,2,34.226051330566406,-119.04740142822266,3
2019,2019-11-12,804,11,3,8,2,Y,A,N,A,H,A,A,08,,10,G,Y,,,,B,N,N,A,1,1,0,0,21950.0,2,34.22357940673828,-119.04744720458984,3
2019,2019-11-12,900,11,3,9,2,Y,A,N,A,H,A,A,01,,09,D,,,,,C,Y,N,A,2,0,0,0,21802.0,2,34.22148895263672,-119.02272033691406,4
2019,2019-11-09,1327,11,3,13,6,N,A,N,A,H,A,C,02,W,06,B,,,Y,,C,N,N,D,1,0,0,1,21755.0,2,34.2222785949707,-119.03968048095705,3
2019,2019-11-09,922,11,3,9,6,N,A,N,A,H,A,A,01,E,09,D,,,,,C,N,N,D,1,0,0,0,21804.0,2,34.218505859375,-119.04253387451172,4
2019,2019-10-24,1622,10,3,16,4,N,A,N,A,H,A,A,01,N,09,H,,,,,C,Y,N,D,3,0,0,0,21801.0,2,34.23655700683594,-119.0441665649414,3
2019,2019-11-17,1908,11,3,19,7,N,A,N,A,H,C,A,01,N,08,E,,,,,I,Y,F,D,1,0,0,0,22107.0,1,,,3
2019,2019-10-15,2500,10,3,25,2,N,A,N,A,H,C,A,07,S,03,E,,,,,I,Y,M,A,1,0,0,0,22350.0,1,34.21603012084961,-119.08595275878906,3
2019,2019-10-15,1549,10,3,15,2,Y,A,N,A,H,A,A,01,,09,D,,Y,,,G,N,N,A,1,0,1,0,21801.0,2,34.21781921386719,-119.03900909423828,4
2019,2019-10-28,723,10,3,7,1,Y,A,N,A,H,A,A,01,,09,-,,,,,A,Y,N,A,1,0,0,0,21801.0,2,34.223819732666016,-118.99434661865234,4
2019,2019-10-31,905,10,3,9,4,N,A,N,A,H,A,A,01,E,08,D,,,,,C,Y,N,D,1,0,0,0,22107.0,2,34.16080856323242,-118.8227081298828,4
2019,2019-11-13,1243,11,3,12,3,Y,A,N,A,H,A,A,01,,09,D,,,,,C,Y,N,A,1,0,0,0,21804.0,2,34.231258392333984,-119.02854919433594,4
2019,2019-09-25,201,9,3,2,3,N,A,N,A,H,C,A,01,W,- ,A,Y,,,,E,Y,F,D,1,1,0,0,,3,34.173397064208984,-119.18106079101562,4
2019,2019-09-20,1229,9,3,12,5,N,A,N,A,H,A,A,01,S,03,C,,,,,C,N,N,D,2,0,0,0,22350.0,2,34.275169372558594,-118.90087127685548,4
2019,2019-10-24,819,10,3,8,4,Y,A,Y,A,H,A,-,- ,,12,D,,,,,C,Y,F,A,2,0,0,0,21453.0,2,34.23973083496094,-119.18085479736328,4
2019,2019-10-30,639,10,3,6,3,N,A,Y,A,H,A,A,07,E,03,C,,,,,C,Y,N,D,3,0,0,0,22350.0,4,34.326030731201165,-118.90267944335938,3
2019,2019-10-22,1906,10,3,19,2,N,A,N,A,H,C,-,- ,W,09,D,,,,,C,Y,N,D,1,0,0,0,21801.0,2,34.231468200683594,-119.17552185058594,4
2019,2019-10-18,1719,10,3,17,5,N,A,N,A,H,A,-,- ,S,04,C,,,,,C,N,N,D,1,0,0,0,21703.0,2,34.196006774902344,-119.1774673461914,4
2019,2019-10-12,1906,10,3,19,6,N,A,Y,A,H,D,-,- ,W,08,F,,,,,I,Y,N,B,1,0,0,0,22107.0,1,34.19680404663086,-119.12886810302734,4
2019,2019-11-06,1446,11,3,14,3,Y,A,N,A,H,A,C,06,,09,D,,,Y,,C,Y,N,A,2,0,0,1,21802.0,2,34.22257995605469,-118.86842346191406,4
2019,2019-11-06,1526,11,3,15,3,Y,A,N,A,H,A,A,01,,09,H,,,,,C,Y,N,D,6,0,0,0,21801.0,2,34.17230987548828,-118.83632659912108,3
2019,2019-11-10,44,11,3,0,7,N,A,N,A,H,C,A,01,E,01,D,,,,,C,Y,F,D,2,0,0,0,23152.0,2,34.146610260009766,-119.19960784912108,4
2019,2019-11-30,49,11,3,0,6,Y,A,Y,B,H,C,A,01,,03,D,,,,,C,Y,N,A,1,0,0,0,22350.0,2,34.2916145324707,-119.15315246582033,4
2019,2019-11-21,1303,11,3,13,4,Y,A,Y,A,H,A,A,01,,12,D,,,,,D,N,N,A,1,0,0,0,21453.0,2,34.156497955322266,-118.82602691650392,4
2019,2019-11-21,1307,11,3,13,4,N,A,Y,A,H,A,A,01,S,03,C,,,,,D,Y,N,D,2,0,0,0,22350.0,3,34.21900177001953,-119.06936645507812,4
2019,2019-11-08,748,11,3,7,5,Y,A,N,A,H,A,-,- ,,04,C,,,,,C,Y,N,A,1,0,0,0,21703.0,2,34.21095,-119.142061,4
2019,2019-11-13,1149,11,3,11,3,N,A,N,A,H,A,A,01,N,03,C,,,,,C,Y,N,A,1,0,0,0,22350.0,2,34.22999572753906,-119.17465972900392,4
2019,2019-11-14,825,11,3,8,4,N,A,N,A,H,A,A,07,W,03,C,,,,,C,N,N,A,1,0,0,0,22350.0,2,34.16164779663086,-118.94596099853516,4
2019,2019-11-20,1712,11,3,17,3,Y,B,N,B,H,C,A,01,,09,H,,,,,C,Y,N,A,1,0,0,0,21801.0,3,34.19926071166992,-118.86115264892578,4
2019,2019-11-19,1530,11,3,15,2,N,A,N,A,H,A,A,08,S,21,C,,,Y,,C,N,N,A,1,0,0,1,22106.0,2,34.17853164672852,-118.85787963867188,4
2019,2019-12-10,1130,12,4,11,2,Y,A,N,A,H,A,A,01,,09,D,,,,,C,Y,N,A,3,0,0,0,21801.0,2,34.28213882446289,-119.29158020019533,3
2019,2019-11-24,1606,11,3,16,7,N,A,N,A,H,B,-,- ,S,09,D,,,,,C,Y,N,D,1,0,0,0,21804.0,2,34.25288772583008,-119.19956970214844,3
2019,2019-11-23,2015,11,3,20,6,N,A,N,A,H,D,A,07,S,03,C,,,,,C,Y,N,A,5,0,0,0,22350.0,4,34.28557586669922,-119.1528778076172,4
2019,2019-11-19,1916,11,3,19,2,N,A,N,A,H,C,N,60,N,11,G,Y,,,Y,B,N,N,D,1,1,0,0,21954.0,2,34.27811813354492,-119.23894500732422,3
2019,2019-11-04,2013,11,3,20,1,Y,A,N,A,H,C,D,22,,01,C,,,,,C,Y,N,D,2,0,0,0,23152.0,2,34.26792907714844,-119.19515991210938,4
2019,2019-11-04,231,11,3,2,1,N,A,N,A,H,C,A,01,S,01,F,,,,,E,Y,N,D,2,0,0,0,23152.0,4,34.2572135925293,-119.1981964111328,2
2019,2019-07-17,2015,7,2,20,3,N,A,N,A,H,C,L,04,N,05,H,,Y,,,G,N,F,A,1,0,1,0,21650.0,2,34.18838119506836,-118.9113998413086,4
2019,2019-07-01,1950,7,2,19,1,Y,A,N,A,H,B,C,02,,03,B,,,Y,,C,N,F,D,1,0,0,1,22350.0,2,34.197750091552734,-119.18791961669922,4
2019,2019-11-17,1738,11,3,17,7,Y,A,N,A,H,C,A,08,,09,D,,,,,C,Y,N,A,2,0,0,0,21802.0,2,34.27730178833008,-118.79646301269533,3
2019,2019-11-19,1715,11,3,17,2,N,A,N,A,H,C,A,01,S,04,C,,,,,C,Y,N,A,1,0,0,0,21703.0,3,34.269996643066406,-118.7964096069336,4
2019,2019-11-19,725,11,3,7,2,N,A,N,A,H,A,N,60,E,11,G,Y,,,,B,,N,D,1,1,0,0,21950.0,2,34.26446914672852,-118.77024841308594,3
2019,2019-11-19,1224,11,3,12,2,Y,A,N,A,H,A,F,87,,07,F,,,,Y,C,N,N,D,1,0,0,0,21658.0,2,34.27907180786133,-118.71707153320312,3
2019,2019-11-24,2103,11,3,21,7,N,A,N,A,H,C,A,01,N,01,E,,,,,I,Y,N,D,1,0,0,0,23152.0,1,34.18364715576172,-119.1600341796875,3
2019,2019-11-16,1817,11,3,18,6,Y,A,N,A,H,C,A,01,,09,A,,,,,C,Y,F,A,1,0,0,0,21801.0,2,34.238059997558594,-119.175537109375,4
2019,2019-10-20,2010,10,3,20,7,Y,A,N,A,H,C,A,01,,09,D,,,,,C,N,F,D,2,0,0,0,21801.0,2,34.228057,-119.157967,4
2019,2019-10-29,1424,10,3,14,2,N,A,N,A,H,A,A,01,W,04,C,,,,,C,N,N,D,2,0,0,0,21703.0,2,34.162261962890625,-119.1658935546875,4
2019,2019-10-30,1545,10,3,15,3,N,A,N,A,H,A,A,01,E,04,C,,,,,C,Y,N,A,1,0,0,0,21703.0,2,34.23194885253906,-119.1714096069336,3
2019,2019-10-30,339,10,3,3,3,N,A,N,A,H,C,A,01,E,08,A,,,,,I,Y,N,D,1,0,0,0,22107.0,1,34.233890533447266,-119.19451904296876,4
2019,2019-10-29,828,10,3,8,2,Y,A,N,A,H,A,A,01,,09,D,,,,,C,Y,N,D,1,0,0,0,21801.0,2,34.23064041137695,-119.17877197265624,4
2019,2019-11-25,833,11,3,8,1,Y,A,N,A,H,A,A,01,,10,G,Y,,,,B,N,N,A,1,1,0,0,21950.0,2,34.252540588378906,-118.81199645996094,4
2018,2018-04-21,1746,4,1,17,6,Y,A,N,A,H,A,-,- ,,12,D,,,,,C,Y,N,A,5,0,0,0,21453.0,2,34.18000030517578,-119.23284149169922,2
2019,2019-11-09,2226,11,3,22,6,N,A,N,A,H,C,-,- ,N,00,A,,,,,E,Y,M,D,1,0,0,0,,4,34.280975341796875,-119.28547668457033,4
2019,2019-11-27,1642,11,3,16,3,N,C,N,B,H,B,A,01,S,03,C,,,,,C,Y,N,D,3,0,0,0,22350.0,3,34.28539276123047,-119.15272521972656,3
2019,2019-11-18,1750,11,3,17,1,N,A,N,A,H,D,A,01,S,03,C,,,,,C,Y,N,A,1,0,0,0,22350.0,2,34.43757629394531,-119.24805450439452,4
2019,2019-12-02,1141,12,4,11,1,N,A,N,A,H,A,A,01,N,09,D,,,,,C,Y,N,D,1,0,0,0,21804.0,2,34.186031341552734,-118.89250946044922,3
2019,2019-11-15,1935,11,3,19,5,N,A,N,A,H,C,N,60,N,11,G,Y,,,,C,N,N,D,1,1,0,0,21955.0,2,34.18197250366211,-118.87592315673828,2
2019,2019-11-13,2344,11,3,23,3,N,E,N,B,H,D,A,01,W,01,E,,,,,I,Y,N,D,1,0,0,0,23152.0,1,34.17649841308594,-118.8418426513672,4
2019,2019-11-24,1805,11,3,18,7,Y,A,N,A,H,C,A,01,,09,H,,,,,C,Y,N,A,1,0,0,0,21453.0,2,34.19245147705078,-118.91842651367188,4
2019,2019-11-25,2020,11,3,20,1,Y,A,N,A,H,C,A,01,,12,A,,,,,C,Y,N,A,2,0,0,0,21453.0,2,34.27756881713867,-119.21795654296876,3
2019,2019-11-24,1534,11,3,15,7,N,A,N,A,H,A,-,,E,08,-,,,,,J,Y,N,A,1,0,0,0,22107.0,1,34.25467300415039,-119.19683074951172,3
2019,2019-11-23,754,11,3,7,6,Y,A,N,A,H,A,-,,,09,D,,,,,D,Y,N,A,1,0,0,0,21801.0,2,34.27825164794922,-119.29466247558594,4
2019,2019-11-25,1400,11,3,14,1,N,A,N,A,H,A,-,,S,08,F,,,,,E,Y,N,D,1,0,0,0,22107.0,2,34.271385192871094,-119.2514419555664,4
2019,2019-11-26,1727,11,3,17,2,N,B,N,A,H,C,-,,E,04,C,,,,,C,N,N,A,1,0,0,0,21703.0,3,34.27196502685547,-119.25848388671876,4
2019,2019-11-26,730,11,3,7,2,Y,A,N,A,H,A,A,01,,17,H,,Y,,,G,N,N,D,1,0,1,0,22517.0,2,34.25849151611328,-119.26187896728516,2
2019,2019-11-30,655,11,3,6,6,Y,A,N,A,H,A,A,01,,12,A,,,,,C,Y,N,A,1,0,0,0,21453.0,2,34.27444076538086,-119.23918151855467,3
2019,2019-12-01,1835,12,4,18,7,Y,A,N,A,H,C,A,01,,09,H,,,,,C,Y,N,A,2,0,0,0,21801.0,2,34.1827507019043,-118.88382720947266,4
2019,2019-10-18,1400,10,3,14,5,Y,A,N,A,H,A,A,01,,03,E,,,,,I,Y,N,D,1,0,0,0,22350.0,2,34.1876106262207,-118.90959167480467,4
2019,2019-10-18,1546,10,3,15,5,Y,A,Y,A,H,A,A,01,,12,D,,,,,C,Y,N,A,1,0,0,0,21453.0,2,34.18450927734375,-118.90773010253906,4
2019,2019-12-01,1233,12,4,12,7,N,B,N,A,H,A,A,01,W,12,D,,,,,C,Y,N,A,2,0,0,0,21453.0,2,34.27628707885742,-119.22661590576172,3
2019,2019-10-14,1426,10,3,14,1,N,A,N,A,H,A,A,01,E,04,C,,,,,C,Y,N,A,1,0,0,0,21703.0,3,34.190799713134766,-118.93785858154295,4
2019,2019-11-17,1122,11,3,11,7,N,A,N,A,H,A,A,01,E,03,D,,,,,C,Y,N,A,2,0,0,0,22350.0,2,34.27474594116211,-119.261474609375,4
2019,2019-11-17,25,11,3,0,7,N,A,N,A,H,C,A,01,E,01,C,Y,,,,C,Y,N,A,1,1,0,0,23152.0,3,34.279510498046875,-119.29766082763672,3
2019,2019-11-22,844,11,3,8,5,N,A,N,A,H,A,A,01,E,03,C,,,,,C,Y,N,D,2,0,0,0,22350.0,2,,,3
2019,2019-11-19,2148,11,3,21,2,N,A,N,A,H,C,-,,S,03,C,,Y,,,G,N,F,D,1,0,1,0,22350.0,3,34.289085388183594,-119.3017349243164,4
2019,2019-11-19,1821,11,3,18,2,N,A,N,A,H,C,-,,E,09,D,,Y,,,G,,F,D,1,0,1,0,21804.0,2,34.27350234985352,-119.26600646972656,4
2019,2019-11-18,1626,11,3,16,1,Y,A,N,A,H,A,-,,,08,B,,,,,C,N,N,A,1,0,0,0,22107.0,2,34.263580322265625,-119.24691009521484,3
2019,2019-11-20,2025,11,3,20,3,Y,C,N,B,H,C,A,01,,09,D,,,,,C,N,N,D,1,0,0,0,21800.0,2,34.28232192993164,-119.16078948974608,4
2019,2019-11-20,1407,11,3,14,3,N,C,N,B,H,A,A,01,N,03,C,,,,,C,N,F,A,1,0,0,0,22350.0,2,34.24421691894531,-119.21505737304688,3
2019,2019-11-20,1702,11,3,17,3,Y,B,N,A,H,C,-,,,08,C,,,,,C,Y,N,A,1,0,0,0,22107.0,2,34.244140625,-119.215087890625,3
2019,2019-11-22,2140,11,3,21,5,N,A,N,A,H,C,A,07,N,01,B,,,,,C,Y,F,A,1,0,0,0,23153.0,3,34.265480041503906,-119.21256256103516,4
2019,2019-11-17,1354,11,3,13,7,Y,A,N,A,H,A,-,,,09,-,,,,,C,Y,N,A,3,0,0,0,21801.0,2,34.267478942871094,-119.27287292480467,3
2019,2019-11-23,837,11,3,8,6,Y,A,N,A,H,A,A,08,,09,D,,,,,C,Y,N,D,2,0,0,0,21801.0,2,34.26309967041016,-119.19246673583984,4
2019,2019-11-24,1221,11,3,12,7,N,A,N,A,H,A,A,01,S,12,B,,,Y,,C,Y,N,A,1,0,0,1,21453.0,2,34.28493118286133,-119.216064453125,3
2019,2019-11-12,1918,11,3,19,2,Y,A,N,A,H,C,A,07,,12,D,,,,,D,Y,N,A,1,0,0,0,21453.0,2,34.216949462890625,-119.05027770996094,4
2019,2019-09-06,1918,9,3,19,5,Y,A,N,A,H,A,A,01,,12,D,,,,,C,N,N,A,1,0,0,0,21453.0,2,34.21179962158203,-118.84014129638672,4
2019,2019-11-16,1239,11,3,12,6,Y,A,N,A,H,A,A,07,,21,C,,,,,C,N,N,A,1,0,0,0,22106.0,2,34.2222785949707,-119.03904724121094,4
2019,2019-11-19,1226,11,3,12,2,N,A,N,A,H,A,A,01,E,09,H,,,,,C,N,N,A,1,0,0,0,21804.0,2,34.22100067138672,-119.0537338256836,4
2019,2019-11-21,738,11,3,7,4,N,A,N,A,H,A,A,08,N,03,C,,,,,C,Y,N,D,2,0,0,0,22350.0,3,34.27634811401367,-118.70895385742188,4
2019,2019-10-30,1307,10,3,13,3,Y,A,N,A,H,A,A,01,,09,D,,,,,C,Y,N,B,3,0,0,0,21800.0,2,34.26457977294922,-118.7304916381836,4
2019,2019-10-30,1647,10,3,16,3,N,A,N,A,H,A,C,02,S,03,C,,,Y,,C,Y,N,B,1,0,0,1,22350.0,2,34.26301956176758,-118.66200256347656,2
2019,2019-10-23,1252,10,3,12,3,N,A,N,A,H,A,A,01,W,03,C,,,,,C,Y,N,A,2,0,0,0,22350.0,3,34.263671875,-118.7614517211914,3
2019,2019-10-30,1211,10,3,12,3,Y,A,N,A,H,A,A,08,,09,D,,,,,C,Y,N,B,2,0,0,0,21800.0,2,34.27167892456055,-118.73052978515624,4
2019,2019-10-03,1259,10,3,12,4,Y,A,N,A,H,A,A,01,,09,D,,,,,C,Y,N,A,1,0,0,0,21802.0,2,34.22148895263672,-119.02272033691406,2
2019,2019-11-15,1657,11,3,16,5,Y,A,N,A,H,B,A,08,,09,D,,,Y,,D,Y,N,A,1,0,0,1,21804.0,2,34.22269821166992,-119.01014709472656,3
2019,2019-11-21,1722,11,3,17,4,Y,A,N,A,H,C,A,01,,12,C,,,,,C,N,N,A,2,0,0,0,21453.0,2,34.24319839477539,-119.18450164794922,4
2019,2019-11-01,956,11,3,9,5,N,A,N,A,H,A,D,22,S,03,C,,,,,C,Y,N,D,3,0,0,0,22350.0,3,34.23410415649414,-119.17981719970705,4
2019,2019-11-07,952,11,3,9,4,N,A,N,A,H,A,A,01,S,06,B,,,,Y,C,N,N,D,1,0,0,0,21755.0,2,34.19621276855469,-119.17237854003906,4
2019,2019-11-07,1109,11,3,11,4,N,B,N,A,H,A,F,26,S,03,C,,,,Y,C,Y,F,D,1,0,0,0,22350.0,2,34.220970153808594,-119.19465637207033,4
2019,2019-11-18,854,11,3,8,1,N,A,N,A,H,A,-,- ,E,09,D,,,,,C,Y,N,D,1,0,0,0,21804.0,2,34.186668395996094,-119.18489837646484,4
2019,2019-11-19,1516,11,3,15,2,N,A,N,A,H,A,D,22,N,03,A,,,,,I,Y,M,D,1,0,0,0,22350.0,1,34.17820358276367,-119.15069580078124,4
2019,2019-10-31,818,10,3,8,4,N,A,N,A,H,A,A,01,N,03,C,,,,,C,Y,N,A,1,0,0,0,22350.0,3,34.19055938720703,-119.2387466430664,4