ACCIDENT_YEAR,COLLISION_DATE,COLLISION_TIME,MONTH,SEASON,24HOURS,DAY_OF_WEEK,INTERSECTION,WEATHER_1,STATE_HWY_IND,ROAD_SURFACE,ROAD_COND_1,LIGHTING,STWD_VEHTYPE_AT_FAULT,CHP_VEHTYPE_AT_FAULT,DIRECTION,PCF_VIOL_CATEGORY,TYPE_OF_COLLISION,PEDESTRIAN_ACCIDENT,BICYCLE_ACCIDENT,MOTORCYCLE_ACCIDENT,TRUCK_ACCIDENT,MVIW,TOW_AWAY,HIT_AND_RUN,CONTROL_DEVICE,NUMBER_INJURED,COUNT_PED_INJURED,COUNT_BICYCLIST_INJURED,COUNT_MC_INJURED,PCF_VIOLATION,PARTY_COUNT,POINT_Y,POINT_X,COLLISION_SEVERITY
2017,2017-09-26,1810,9,3,18,2,Y,A,Y,A,H,B,A,01,,09,D,,,,,C,Y,N,D,1,0,0,0,21801.0,2,34.4250645,-119.31054487,4
2017,2017-09-30,1328,9,3,13,6,N,A,Y,A,H,A,A,01,S,03,C,,,,,C,Y,N,D,4,0,0,0,22350.0,5,34.17713892,-118.8725101,4
2017,2017-09-26,954,9,3,9,2,N,A,Y,A,H,A,A,08,W,03,C,,,,,C,Y,N,D,5,0,0,0,22350.0,3,34.28470071,-119.1647923,3
2017,2017-09-27,603,9,3,6,3,N,A,N,A,H,B,A,01,E,08,D,,,,,C,Y,N,D,1,0,0,0,22107.0,2,34.14727504,-119.15125426,4
2017,2017-09-27,725,9,3,7,3,N,A,Y,A,H,A,A,01,S,03,C,,,,,C,N,N,D,1,0,0,0,22350.0,2,34.22007015,-119.07999393,4
2017,2017-09-27,1725,9,3,17,3,N,A,N,A,H,A,A,01,N,03,C,,,,,C,Y,N,A,1,0,0,0,22350.0,3,34.22536025,-119.25609789,4
2017,2017-09-27,1155,9,3,11,3,N,A,Y,A,H,A,A,01,S,03,C,,,,,C,Y,N,D,3,0,0,0,22350.0,3,34.24965121,-119.20545324,4
2020,2020-02-16,1842,2,4,18,7,N,A,N,A,H,C,A,01,W,08,A,,,,,C,Y,N,A,1,0,0,0,22107.0,2,34.259952545166016,-119.26946258544922,4
2017,2017-09-27,917,9,3,9,3,N,A,Y,A,H,A,A,01,W,09,B,,,,,C,Y,N,D,2,0,0,0,21804.0,2,34.25116833,-119.00088675,4
2017,2017-10-03,1710,10,3,17,2,N,A,Y,A,H,A,A,07,N,03,C,,,,,C,Y,N,D,1,0,0,0,22350.0,3,34.18024088,-118.88513546,4
2017,2017-09-27,630,9,3,6,3,N,A,Y,A,H,A,C,02,N,03,F,,,Y,,A,N,N,A,1,0,0,1,22350.0,1,34.21368,-119.00899,3
2017,2017-10-04,1820,10,3,18,3,N,A,Y,A,H,A,A,01,S,03,C,,,,,C,N,N,D,1,0,0,0,22350.0,2,34.21071994,-118.84890756,4
2017,2017-10-01,1740,10,3,17,7,N,B,Y,A,H,A,A,01,N,03,C,,,,,C,N,N,D,2,0,0,0,22350.0,2,34.22168,-119.10193,4
2017,2017-09-30,1410,9,3,14,6,N,A,Y,A,H,A,C,02,W,08,F,,,Y,,A,Y,N,D,1,0,0,1,22107.0,1,34.35568947,-119.0472908,3
2017,2017-09-30,1520,9,3,15,6,N,A,N,A,H,A,C,02,N,03,F,,,Y,,A,N,N,D,1,0,0,1,22350.0,1,34.43369597,-119.25051424,3
2017,2017-10-01,2034,10,3,20,7,N,B,Y,A,H,D,A,01,S,08,E,,,,,I,Y,N,D,1,0,0,0,22107.0,1,34.37281391,-119.45817711,4
2017,2017-10-01,130,10,3,1,7,N,A,Y,A,H,C,A,01,S,08,F,,,,,A,Y,N,D,1,0,0,0,22107.0,1,34.30043761,-119.30215624,4
2017,2017-10-01,750,10,3,7,7,N,A,Y,A,H,A,A,01,E,03,F,,,,,A,Y,N,D,2,0,0,0,22350.0,1,34.44195301,-119.19907032,2
2017,2017-10-02,1800,10,3,18,1,N,A,Y,A,H,A,A,01,E,04,C,,,,,C,Y,N,D,3,0,0,0,21703.0,3,34.29365233,-119.14943572,2
2017,2017-10-02,1400,10,3,14,1,N,A,Y,A,H,A,A,01,W,08,G,Y,,,,B,Y,N,D,1,1,0,0,22107.0,2,34.28843346,-119.15823813,3
2017,2017-10-05,645,10,3,6,4,N,A,Y,A,H,A,A,01,E,03,C,,,,,C,Y,N,D,1,0,0,0,22350.0,2,34.26813528,-118.6352082,4
2017,2017-10-06,1844,10,3,18,5,Y,A,Y,A,H,B,A,08,,09,D,,,,,C,Y,N,D,4,0,0,0,21801.0,2,34.26500757,-118.98044028,3
2017,2017-09-12,710,9,3,7,2,N,A,N,A,H,A,A,01,N,06,B,,,,Y,C,Y,N,A,2,0,0,0,21755.0,2,34.20548036,-119.04041111,4
2017,2017-09-29,1520,9,3,15,5,N,A,Y,A,H,A,F,27,S,03,C,,,,Y,C,N,N,D,1,0,0,0,22350.0,2,34.21585584,-119.0277299,4
2017,2017-10-07,930,10,3,9,6,N,A,Y,A,H,A,A,01,S,08,C,,,,,C,Y,N,D,1,0,0,0,22107.0,2,34.17532424,-118.85223525,4
2017,2017-10-04,2345,10,3,23,3,N,A,N,A,H,D,A,01,E,01,B,Y,,,,C,Y,N,D,2,1,0,0,23152.0,5,34.30065681,-119.15180577,2
2017,2017-10-04,215,10,3,2,3,N,A,N,A,H,C,C,02,W,03,F,,,Y,,A,Y,N,D,1,0,0,1,22350.0,1,34.26278227,-118.64722703,2
2017,2017-10-05,2300,10,3,23,4,N,A,N,A,H,D,A,01,N,08,F,,,,,A,Y,N,D,1,0,0,0,22107.0,1,34.3300311,-119.15262908,4
2017,2017-10-10,1450,10,3,14,2,N,A,Y,A,H,A,-,99,W,03,C,,,,,C,Y,M,D,2,0,0,0,22350.0,4,34.29296878,-118.85103056,3
2017,2017-10-04,742,10,3,7,3,N,A,N,A,H,A,A,01,S,03,C,,,,,C,Y,N,D,4,0,0,0,22350.0,2,34.21735567,-119.25311453,3
2017,2017-10-10,1636,10,3,16,2,N,A,Y,A,H,A,A,07,N,03,C,,,,,C,Y,N,D,2,0,0,0,22350.0,3,34.18579304,-118.92960352,4
2017,2017-10-05,1720,10,3,17,4,N,A,Y,A,H,A,A,01,S,03,C,,,,,C,Y,N,D,3,0,0,0,22350.0,3,34.21210266,-119.00255919,3
2017,2017-10-06,1720,10,3,17,5,N,A,Y,A,H,A,C,02,E,08,E,,,Y,,I,Y,N,D,1,0,0,1,22107.0,1,34.2666093,-119.12457338,4
2017,2017-10-01,1302,10,3,13,7,N,A,Y,A,H,A,A,01,S,08,B,,,,,C,Y,N,D,1,0,0,0,22107.0,2,34.23827083,-119.17878228,4
2017,2017-10-08,45,10,3,0,7,N,A,Y,A,H,D,A,07,S,01,F,,,,,A,Y,N,D,1,0,0,0,23152.0,1,34.28036527,-118.86240819,2
2017,2017-10-10,1645,10,3,16,2,N,A,Y,A,H,A,A,01,S,03,C,,,,,C,N,N,D,2,0,0,0,22350.0,3,34.1765,-118.8563,4
2017,2017-10-10,40,10,3,0,2,N,A,Y,A,H,D,-,- ,E,18,H,,,,,H,Y,N,D,1,0,0,0,,1,34.29071336,-118.80758935,4
2017,2017-10-15,1645,10,3,16,7,N,A,Y,A,H,A,A,01,S,01,E,,,,,I,Y,M,A,1,0,0,0,23152.0,1,34.19012521,-118.86201589,3
2017,2017-10-08,1110,10,3,11,7,N,A,Y,A,H,A,A,07,S,03,C,,,,,C,Y,N,D,1,0,0,0,22350.0,3,34.18450309,-118.9032902,4
2017,2017-10-08,2023,10,3,20,7,N,A,Y,A,H,D,A,08,W,08,D,,,,,C,Y,N,D,4,0,0,0,22107.0,2,34.3995842,-118.84129733,3
2017,2017-10-10,940,10,3,9,2,N,A,Y,A,H,A,A,01,S,03,C,,,,,C,Y,N,D,1,0,0,0,22350.0,2,34.20110682,-118.96928274,2
2017,2017-10-07,1455,10,3,14,6,N,A,Y,A,H,A,A,07,N,03,C,,,,,C,N,N,D,3,0,0,0,22350.0,2,34.27460145,-119.2865849,3
2017,2017-10-07,1700,10,3,17,6,N,A,Y,A,H,A,A,01,S,03,C,,,,,C,Y,N,D,3,0,0,0,22350.0,5,34.27734876,-119.29637988,4
2017,2017-10-12,905,10,3,9,4,N,A,Y,A,H,A,A,01,N,03,C,,,,,C,Y,N,D,2,0,0,0,22350.0,2,34.21624996,-118.84976049,3
2017,2017-10-07,945,10,3,9,6,N,A,Y,A,H,A,L,04,S,08,E,,Y,,,I,Y,N,D,1,0,1,0,22107.0,1,34.06674547,-119.00786528,3
2020,2020-04-02,22,4,1,0,4,N,B,N,B,H,D,-,- ,S,08,C,,,,Y,E,Y,N,D,1,0,0,0,22107.0,2,34.18974304199219,-118.929931640625,4
2017,2017-10-07,1013,10,3,10,6,N,A,Y,A,H,A,A,07,W,08,A,,,,,C,Y,N,D,3,0,0,0,22107.0,2,34.43607,-119.17925,2
2017,2017-10-12,1555,10,3,15,4,N,A,Y,A,H,A,D,22,S,01,C,,,,,C,Y,N,A,2,0,0,0,23152.0,2,34.17656,-118.85812,4
2017,2017-10-12,935,10,3,9,4,N,A,Y,A,H,A,A,01,N,03,C,,,,,C,Y,N,D,2,0,0,0,22350.0,3,34.26770476,-118.85179545,3
2017,2017-10-05,925,10,3,9,4,N,A,Y,A,H,A,A,01,E,03,C,,,,,C,Y,N,D,1,0,0,0,22350.0,2,34.27182164,-119.13221486,4
2017,2017-10-05,2000,10,3,20,4,N,A,Y,A,H,C,C,02,N,03,C,,,Y,,C,N,N,D,1,0,0,1,22350.0,2,34.15523655,-119.12509379,3
2017,2017-10-07,1145,10,3,11,6,N,A,Y,A,H,A,-,- ,S,18,D,,Y,,,C,Y,N,D,1,0,1,0,,2,,,3
2017,2017-10-10,1200,10,3,12,2,N,A,N,A,H,A,A,01,N,09,D,,,,,C,Y,N,D,2,0,0,0,21804.0,2,34.43257587,-119.28005576,3
2020,2020-04-03,1209,4,1,12,5,N,A,N,A,H,A,D,22,N,03,C,,,,,C,,N,A,1,0,0,0,22350.0,2,34.19943618774414,-118.8902587890625,4
2020,2020-04-13,1205,4,1,12,1,N,B,Y,A,H,A,D,22,W,12,D,,,,,C,Y,N,A,1,0,0,0,21453.0,2,34.152095794677734,-118.82901763916016,4
2017,2017-10-18,1720,10,3,17,3,N,A,Y,A,H,A,A,01,S,03,C,,,,,C,Y,N,D,1,0,0,0,22350.0,2,34.23374415,-118.8432631,4
2017,2017-10-12,830,10,3,8,4,N,A,Y,A,H,A,C,02,W,03,F,,,Y,,A,N,N,D,1,0,0,1,22350.0,1,34.28473934,-118.86396268,2
2017,2017-10-10,720,10,3,7,2,N,A,N,A,H,A,C,02,W,03,D,,,Y,,C,N,N,D,1,0,0,1,22350.0,2,34.35558903,-118.97500277,4
2017,2017-10-11,1735,10,3,17,3,Y,A,Y,A,H,A,A,01,,09,D,,,,Y,C,Y,N,D,3,0,0,0,21801.0,3,,,4
2017,2017-10-11,2147,10,3,21,3,N,A,Y,A,H,C,D,22,N,03,C,,,,,C,Y,N,D,2,0,0,0,22350.0,2,34.21950821,-119.07316011,4
2017,2017-10-11,1605,10,3,16,3,N,A,Y,A,H,A,A,01,N,09,D,,,,,C,Y,N,A,3,0,0,0,21804.0,2,34.08635383,-119.05894779,2
2017,2017-10-11,800,10,3,8,3,N,A,Y,A,H,A,A,01,N,03,C,,,,,C,Y,N,D,1,0,0,0,22350.0,2,34.24140027,-119.18632346,4
2017,2017-10-17,830,10,3,8,2,N,A,Y,A,H,A,A,01,N,03,C,,,,,C,Y,N,D,2,0,0,0,22350.0,4,34.18428101,-118.91146801,3
2017,2017-10-12,745,10,3,7,4,N,A,Y,A,H,A,D,22,N,03,C,,,,,C,Y,N,D,1,0,0,0,22350.0,2,34.24779076,-119.20142941,4
2017,2017-10-12,1349,10,3,13,4,N,A,Y,A,H,A,A,01,E,03,C,,,,,C,Y,N,D,3,0,0,0,22350.0,3,34.30976097,-119.12273853,3
2017,2017-10-20,1245,10,3,12,5,N,A,Y,A,H,A,A,01,N,03,C,,,,,C,N,N,D,1,0,0,0,22350.0,2,34.17640009,-118.86204263,4
2017,2017-10-13,1542,10,3,15,5,N,A,Y,A,H,A,A,01,S,03,C,,,,,C,Y,N,D,1,0,0,0,22350.0,2,34.21584788,-119.02060008,4
2017,2017-10-08,816,10,3,8,7,N,A,N,A,H,A,C,02,W,08,F,,,Y,,A,Y,N,D,1,0,0,1,22107.0,1,34.33430071,-119.14001281,2
2017,2017-10-13,1845,10,3,18,5,N,A,Y,A,H,C,A,07,N,03,C,,,,,C,N,N,D,3,0,0,0,22350.0,2,34.26203229,-119.24680842,4
2017,2017-10-14,1938,10,3,19,6,N,A,N,A,H,D,C,02,E,06,B,,,Y,,C,Y,N,D,1,0,0,1,21750.0,2,34.38683,-119.30041,3
2017,2017-10-18,820,10,3,8,3,N,A,N,A,H,A,D,22,W,21,H,,,,,E,N,N,D,1,0,0,0,22106.0,2,34.25246525,-118.78889217,3
2017,2017-10-16,1650,10,3,16,1,N,A,N,A,H,A,D,22,W,08,A,,,,,C,Y,N,D,1,0,0,0,22107.0,2,34.14733221,-119.16211486,3
2017,2017-10-17,1603,10,3,16,2,N,A,Y,A,H,A,A,07,E,08,E,,,,,I,Y,N,D,1,0,0,0,22107.0,1,34.29044576,-119.15515359,4
2017,2017-10-23,435,10,3,4,1,N,A,N,A,H,C,A,07,W,08,E,,,,,I,Y,N,D,1,0,0,0,22107.0,1,34.18121971,-118.77073123,4
2017,2017-10-17,1210,10,3,12,2,N,A,N,A,H,A,A,01,W,03,C,,,,,C,Y,N,A,1,0,0,0,22350.0,2,34.23588181,-118.92751731,3
2017,2017-10-17,740,10,3,7,2,N,A,Y,A,H,A,A,07,E,03,C,,,,,C,Y,F,D,2,0,0,0,22350.0,3,34.28182275,-118.71546998,4
2017,2017-10-16,1724,10,3,17,1,N,A,N,A,H,A,A,07,S,07,B,,,,,C,Y,N,D,2,0,0,0,21658.0,3,34.22165875,-119.15838,4
2017,2017-10-17,1120,10,3,11,2,N,A,N,A,H,A,C,02,S,08,B,,,Y,,C,N,N,D,1,0,0,1,22107.0,2,34.23386485,-119.21648741,4
2017,2017-10-18,1612,10,3,16,3,Y,A,N,A,H,A,A,01,,09,A,,,,,C,Y,N,D,1,0,0,0,21801.0,2,34.41026002,-119.27546987,3
2017,2017-10-18,2352,10,3,23,3,N,A,Y,A,H,D,D,22,E,01,E,,,,,I,Y,N,D,1,0,0,0,23152.0,1,34.43218142,-119.27329797,3
2017,2017-10-19,1335,10,3,13,4,N,A,N,A,H,A,A,07,W,03,C,,,,,C,Y,N,D,1,0,0,0,22350.0,2,34.15508564,-119.08113872,3
2017,2017-10-21,130,10,3,1,6,N,A,N,A,H,D,D,22,N,08,E,,,,,I,Y,N,D,1,0,0,0,22107.0,1,34.38611247,-119.14069434,4
2017,2017-10-12,1724,10,3,17,4,N,A,Y,A,H,A,A,01,W,08,A,,,,,C,Y,N,D,1,0,0,0,22107.0,2,34.42525511,-119.32670278,2
2017,2017-10-20,1722,10,3,17,5,N,A,Y,A,H,A,A,01,S,03,C,,,,,C,Y,N,D,1,0,0,0,22350.0,2,34.19507576,-118.8599751,4
2017,2017-10-24,1345,10,3,13,2,N,A,Y,A,H,A,A,07,S,03,C,,,,Y,C,Y,N,D,2,0,0,0,22350.0,2,34.23283685,-118.84429453,3
2017,2017-10-16,730,10,3,7,1,N,A,Y,A,H,A,D,22,W,09,D,,,,,C,Y,N,D,1,0,0,0,21804.0,2,,,4
2017,2017-10-13,1855,10,3,18,5,N,A,Y,A,H,D,A,01,S,07,D,,,Y,,C,Y,N,D,1,0,0,1,21658.0,2,34.2628657,-119.26566218,3
2017,2017-10-23,905,10,3,9,1,N,A,Y,A,H,A,D,22,N,03,C,,,,,C,Y,N,D,1,0,0,0,22350.0,3,34.27454869,-119.28608313,4
2017,2017-10-17,1650,10,3,16,2,N,A,N,A,H,A,A,01,N,08,E,,,,,I,Y,N,D,1,0,0,0,22107.0,1,34.2492018,-119.05912723,3
2017,2017-10-22,1645,10,3,16,7,Y,A,N,A,H,A,A,07,,12,D,,,,,D,Y,N,A,1,0,0,0,21453.0,2,34.23908009,-118.89927,4
2017,2017-10-23,1640,10,3,16,1,N,A,Y,A,H,A,A,07,W,03,C,,,,,C,Y,N,D,1,0,0,0,22350.0,3,34.2719659,-118.93504951,3
2020,2020-05-08,1003,5,1,10,5,N,A,N,A,H,A,A,01,S,08,H,,,,,C,Y,N,D,2,0,0,0,22107.0,2,34.197410583496094,-118.9286651611328,4
2017,2017-10-20,749,10,3,7,5,N,A,Y,A,H,A,A,01,E,08,E,,,,,I,Y,N,D,1,0,0,0,22107.0,1,34.29316485,-118.8350352,3
2017,2017-10-20,1242,10,3,12,5,N,A,Y,A,H,A,A,07,E,03,C,,,,,C,N,N,D,1,0,0,0,22350.0,2,34.28285108,-118.79022354,4
2017,2017-10-26,650,10,3,6,4,N,A,Y,A,H,A,A,01,W,08,B,,,,,C,Y,N,D,1,0,0,0,22107.0,2,34.28240664,-118.72310817,4
2017,2017-10-19,1313,10,3,13,4,N,A,N,A,H,A,A,08,E,08,B,,,,,C,Y,N,D,1,0,0,0,22107.0,2,34.23692197,-119.12248125,4
2017,2017-10-27,825,10,3,8,5,N,A,Y,A,H,A,A,01,N,03,C,,,,,C,Y,N,D,1,0,0,0,22350.0,3,34.19516259,-118.95003293,4
2017,2017-10-27,1855,10,3,18,5,N,A,Y,A,H,A,D,22,E,03,C,,,,,C,Y,N,D,1,0,0,0,22350.0,2,34.28212149,-118.7743502,4
2017,2017-10-21,1455,10,3,14,6,N,A,Y,A,H,A,A,01,S,03,C,,,,,C,Y,F,D,1,0,0,0,22350.0,4,34.31596743,-119.36230882,4
2017,2017-10-22,1440,10,3,14,7,N,A,Y,A,H,A,C,02,S,08,E,,,Y,,I,N,N,D,1,0,0,1,22107.0,1,34.53705754,-119.24515894,4
2017,2017-10-22,645,10,3,6,7,N,A,N,A,H,B,A,01,N,08,C,,,,,E,Y,N,D,1,0,0,0,22107.0,2,34.4457911,-119.21969315,3
2017,2017-10-28,930,10,3,9,6,N,A,Y,A,H,A,A,07,W,03,E,,,,,J,Y,N,D,1,0,0,0,22350.0,1,34.28243034,-118.72434012,4
2017,2017-10-30,750,10,3,7,1,N,B,Y,A,H,A,A,07,S,03,C,,,,,C,Y,N,D,2,0,0,0,22350.0,2,34.18428715,-118.90994965,4
2017,2017-10-21,210,10,3,2,6,N,A,N,A,H,C,A,01,S,01,E,,,,,I,Y,N,D,1,0,0,0,23152.0,1,34.19533343,-119.14231896,3
2017,2017-10-22,1500,10,3,15,7,N,A,Y,A,H,A,D,22,S,09,F,,,Y,,A,Y,N,D,2,0,0,2,21801.0,2,34.05287127,-118.9622265,3
2017,2017-10-22,1630,10,3,16,7,N,A,Y,A,H,A,A,01,S,08,A,,,,,E,Y,N,D,1,0,0,0,22107.0,2,34.07433486,-119.02051801,3
2017,2017-10-23,1620,10,3,16,1,N,A,Y,A,H,A,A,01,E,08,F,,,,,A,Y,N,D,1,0,0,0,22107.0,1,34.42870518,-119.11896833,3
2017,2017-10-22,305,10,3,3,7,N,A,Y,A,H,C,A,01,S,07,C,,,,,C,N,N,D,1,0,0,0,21658.0,2,34.15325637,-118.81728902,3
2017,2017-10-25,1355,10,3,13,3,N,A,Y,A,H,A,A,01,W,01,C,,,,,C,Y,N,D,1,0,0,0,23152.0,2,34.26900866,-119.12808411,3
2017,2017-10-17,1907,10,3,19,2,N,A,Y,A,H,C,F,26,S,09,D,,,,Y,C,Y,N,D,1,0,0,0,21804.0,2,34.36175237,-119.30947799,4
2017,2017-10-29,1510,10,3,15,7,N,A,Y,A,H,A,A,01,S,08,E,,,,,I,Y,N,D,1,0,0,0,22107.0,1,34.34805971,-118.91579332,4
2017,2017-10-24,805,10,3,8,2,N,G,Y,A,H,A,F,27,S,03,C,,,,Y,C,Y,N,D,1,0,0,0,22350.0,5,34.23857557,-118.8412282,3
2017,2017-10-28,1020,10,3,10,6,N,A,Y,A,H,A,C,02,N,03,C,,,Y,,C,Y,N,D,1,0,0,1,22350.0,2,,,4
2017,2017-10-26,1400,10,3,14,4,N,A,N,A,H,A,A,01,S,03,C,,,,,C,N,N,A,1,0,0,0,22350.0,2,34.21810357,-119.25352924,4
2017,2017-10-26,1720,10,3,17,4,N,A,Y,A,H,B,A,01,N,07,B,,,Y,,C,Y,N,D,1,0,0,1,21658.0,2,34.22277177,-119.14370276,4
2017,2017-10-26,1842,10,3,18,4,N,A,Y,A,H,B,A,01,S,05,A,,,,,C,Y,N,D,1,0,0,0,21460.0,3,34.34325338,-118.9062515,2
2017,2017-10-27,1445,10,3,14,5,N,A,N,A,H,A,A,01,N,08,E,,,,,I,Y,N,D,1,0,0,0,22107.0,1,34.28370862,-118.93614292,3
2017,2017-10-26,1508,10,3,15,4,N,A,Y,A,H,A,D,22,W,03,C,,,,,C,N,N,D,3,0,0,0,22350.0,3,34.43199307,-119.27139969,3
2017,2017-10-27,1000,10,3,10,5,Y,A,N,A,H,A,-,99,,09,D,,Y,,,G,N,F,A,1,0,1,0,21801.0,2,34.33463011,-119.29195991,3
2017,2017-10-29,1838,10,3,18,7,N,B,Y,A,H,B,A,01,S,05,B,,,,,C,Y,N,D,2,0,0,0,21460.0,2,34.34290983,-118.90653288,4
2017,2017-10-27,1900,10,3,19,5,N,A,Y,A,H,C,D,22,S,08,F,,,,,A,Y,N,D,1,0,0,0,22107.0,1,34.32214957,-119.37635092,3
2017,2017-10-29,1640,10,3,16,7,N,B,Y,A,H,A,A,07,N,03,C,,,,,C,N,N,D,1,0,0,0,22350.0,2,34.19178144,-118.94404011,4
2017,2017-10-27,1230,10,3,12,5,N,A,N,A,H,A,A,07,W,21,G,Y,,,,B,N,N,D,1,1,0,0,22106.0,2,34.44849408,-119.27632582,3
2017,2017-10-28,1920,10,3,19,6,N,A,Y,A,H,A,A,01,S,08,E,,,,,I,Y,N,D,2,0,0,0,22107.0,1,34.23031,-119.17148,3
2017,2017-10-28,2205,10,3,22,6,N,A,Y,A,H,C,A,01,S,01,C,,,,,C,Y,N,D,1,0,0,0,23152.0,3,34.1931042,-118.86098272,3
2019,2019-12-24,732,12,4,7,2,N,A,N,A,H,A,A,01,E,01,B,Y,,,,C,Y,N,D,1,1,0,0,23153.0,3,34.18033218383789,-119.17561340332033,4
2017,2017-10-29,1413,10,3,14,7,N,B,Y,A,H,A,A,01,N,03,C,,,,,C,Y,N,D,1,0,0,0,22350.0,3,34.27735763,-119.29534945,4
2017,2017-10-29,1345,10,3,13,7,N,B,N,A,H,A,A,07,S,08,E,,,,,I,Y,N,D,5,0,0,0,22107.0,1,34.42577696,-119.259696,2
2017,2017-10-29,130,10,3,1,7,N,A,N,A,H,D,A,01,S,01,D,,,,,C,Y,M,D,1,0,0,0,23152.0,2,34.21055073,-119.24943369,4
2017,2017-10-26,145,10,3,1,4,N,A,Y,A,H,C,A,01,S,01,E,,,,,I,Y,N,D,1,0,0,0,23152.0,1,34.17838,-118.85969,4
2017,2017-11-06,844,11,3,8,1,N,B,Y,A,H,A,A,01,S,08,D,,,,,C,Y,N,D,3,0,0,0,22107.0,2,34.0914256,-119.065856,3
2017,2017-10-30,1820,10,3,18,1,N,A,Y,A,H,B,A,01,N,03,C,,,,,C,Y,N,D,3,0,0,0,22350.0,3,34.20549558,-118.98432514,4
2017,2017-11-02,1310,11,3,13,4,N,B,Y,A,H,A,A,01,W,07,C,,,,Y,C,N,N,D,1,0,0,0,21658.0,2,34.28158858,-118.67317704,4
2017,2017-10-31,400,10,3,4,2,N,A,Y,A,H,C,C,02,N,08,F,,,Y,,A,Y,N,D,1,0,0,1,22107.0,1,34.27733642,-119.29796992,2
2017,2017-11-01,1740,11,3,17,3,N,A,Y,A,H,B,C,02,S,03,C,,,Y,,C,Y,N,D,1,0,0,1,22350.0,3,34.22215953,-119.11819907,4
2017,2017-11-02,420,11,3,4,4,N,B,N,A,H,C,D,22,N,08,G,Y,,,,B,N,F,D,1,1,0,0,22107.0,2,34.3358994,-119.29325883,2
2017,2017-11-05,1154,11,3,11,7,N,A,Y,A,H,A,A,01,E,01,E,,,,,I,Y,N,D,1,0,0,0,23152.0,1,,,4
2017,2017-11-11,2145,11,3,21,6,N,A,Y,A,H,D,A,01,E,01,E,,,,,I,Y,N,D,2,0,0,0,23152.0,1,34.28241917,-118.73686006,2
2017,2017-11-12,1725,11,3,17,7,N,A,Y,A,H,C,D,22,N,01,C,,,,,C,Y,N,D,1,0,0,0,23153.0,2,34.19994832,-118.95725041,3
2017,2017-11-03,1045,11,3,10,5,N,A,Y,A,H,A,A,01,S,03,C,,,,,C,Y,N,D,1,0,0,0,22350.0,2,34.24218402,-119.18847009,3
2017,2017-11-03,915,11,3,9,5,N,A,Y,A,H,A,A,01,S,03,C,,,,,C,Y,N,D,3,0,0,0,22350.0,3,34.25073988,-119.20787923,4
2017,2017-11-05,1545,11,3,15,7,N,A,Y,A,H,A,A,07,S,03,C,,,,,C,N,N,A,1,0,0,0,22350.0,2,34.36652196,-119.30634848,4
2017,2017-11-05,1315,11,3,13,7,N,A,Y,A,H,A,A,01,N,03,C,,,,,C,Y,N,D,2,0,0,0,22350.0,2,34.27736065,-119.2948998,4
2017,2017-11-07,1820,11,3,18,2,N,A,Y,A,H,D,A,01,S,03,C,,,,,C,Y,N,D,1,0,0,0,22350.0,2,34.21775,-119.05056,4
2017,2017-11-10,745,11,3,7,5,N,A,Y,A,H,A,A,01,W,08,E,,,,,I,Y,N,D,1,0,0,0,22107.0,1,34.26372322,-119.05438981,4
2017,2017-11-07,740,11,3,7,2,N,A,Y,A,H,A,D,22,E,03,C,,,,,C,N,M,D,1,0,0,0,22350.0,2,34.26350818,-118.99248024,4
2017,2017-11-10,132,11,3,1,5,N,B,Y,A,H,D,A,07,E,08,F,,,,,A,Y,N,D,1,0,0,0,22107.0,1,34.33795305,-119.08172445,3
2017,2017-11-10,1250,11,3,12,5,N,A,Y,A,H,A,D,22,N,07,B,,,,,C,Y,N,A,2,0,0,0,21658.0,3,34.26432442,-119.23501311,4
2017,2017-11-08,1140,11,3,11,3,N,A,Y,A,H,A,A,01,N,07,E,,,Y,,I,Y,F,D,1,0,0,1,21658.0,2,34.24275,-118.8381,3
2017,2017-11-13,1725,11,3,17,1,N,A,Y,A,H,B,A,07,S,03,C,,,,,C,N,N,D,1,0,0,0,22350.0,3,34.21897658,-119.06640961,4
2017,2017-10-27,1623,10,3,16,5,Y,A,N,A,H,A,A,01,,09,A,,,,,C,Y,N,A,2,0,0,0,21801.0,2,34.24440008,-119.23417998,3
2017,2017-11-10,1724,11,3,17,5,N,A,Y,A,H,C,A,01,S,03,C,,,,,C,N,N,D,1,0,0,0,22350.0,2,34.25154866,-119.20963262,4
2017,2017-11-10,1442,11,3,14,5,N,A,Y,A,H,A,D,22,E,03,C,,,,,C,N,N,D,1,0,0,0,22350.0,3,34.26655907,-119.23436061,4
2017,2017-11-11,1555,11,3,15,6,N,A,Y,A,H,A,A,01,N,03,C,,,,,C,Y,N,D,2,0,0,0,22350.0,3,34.22654631,-119.16443883,4
2017,2017-11-09,1700,11,3,17,4,N,A,Y,A,H,B,C,02,S,03,C,,,Y,,C,Y,N,D,1,0,0,1,22350.0,2,34.22214726,-119.12187006,3
2017,2017-11-09,1757,11,3,17,4,N,A,Y,A,H,D,D,22,W,03,C,,,,,C,Y,N,D,2,0,0,0,22350.0,2,34.34443479,-119.07016277,3
2017,2017-11-15,2241,11,3,22,3,N,A,Y,A,H,C,A,01,N,01,C,,,,,C,Y,N,A,2,0,0,0,23152.0,2,34.16545,-118.83879,4
2017,2017-11-09,1715,11,3,17,4,N,B,Y,A,H,B,C,02,N,03,C,,,Y,,C,N,N,D,1,0,0,1,22350.0,2,34.18550051,-118.92941257,4
2017,2017-11-11,1010,11,3,10,6,N,A,Y,A,H,A,A,01,W,01,E,,,,,I,Y,N,D,1,0,0,0,23152.0,1,34.28213089,-118.78048085,3
2020,2020-02-08,2341,2,4,23,6,N,A,N,A,H,C,-,,W,08,A,,,,,E,Y,N,A,2,0,0,0,22107.0,2,34.256622314453125,-119.26793670654295,3