ACCIDENT_YEAR,COLLISION_DATE,COLLISION_TIME,MONTH,SEASON,24HOURS,DAY_OF_WEEK,INTERSECTION,WEATHER_1,STATE_HWY_IND,ROAD_SURFACE,ROAD_COND_1,LIGHTING,STWD_VEHTYPE_AT_FAULT,CHP_VEHTYPE_AT_FAULT,DIRECTION,PCF_VIOL_CATEGORY,TYPE_OF_COLLISION,PEDESTRIAN_ACCIDENT,BICYCLE_ACCIDENT,MOTORCYCLE_ACCIDENT,TRUCK_ACCIDENT,MVIW,TOW_AWAY,HIT_AND_RUN,CONTROL_DEVICE,NUMBER_INJURED,COUNT_PED_INJURED,COUNT_BICYCLIST_INJURED,COUNT_MC_INJURED,PCF_VIOLATION,PARTY_COUNT,POINT_Y,POINT_X,COLLISION_SEVERITY
2019,2019-06-30,2220,6,2,22,7,N,A,N,A,H,D,A,01,E,01,E,,,,,I,Y,N,D,1,0,0,0,23152.0,1,34.264801025390625,-118.99424743652344,4
2019,2019-06-28,622,6,2,6,5,N,B,Y,A,D,A,A,01,E,08,E,,,,,I,Y,N,D,1,0,0,0,22107.0,1,34.2717399597168,-119.21121978759766,4
2019,2019-06-28,1003,6,2,10,5,Y,A,N,A,H,A,A,01,,12,D,,,,,C,Y,N,A,3,0,0,0,22450.0,2,34.16143035888672,-119.09652709960938,2
2019,2019-07-03,913,7,2,9,3,N,A,N,A,H,A,A,07,S,08,F,,,,,A,Y,N,D,1,0,0,0,22107.0,1,34.16004180908203,-119.13810729980467,4
2019,2019-06-25,1550,6,2,15,2,N,A,Y,A,H,A,D,22,W,03,C,,,,,C,Y,N,D,1,0,0,0,22350.0,2,34.26405334472656,-119.24337768554688,4
2019,2019-07-03,1728,7,2,17,3,N,A,Y,A,H,A,D,22,N,03,C,,,,,C,Y,N,D,1,0,0,0,22350.0,3,34.18072891235352,-118.88567352294922,4
2019,2019-07-02,620,7,2,6,2,N,A,Y,A,H,A,D,22,S,08,E,,,,,J,Y,N,D,1,0,0,0,22107.0,1,34.261688232421875,-118.9946517944336,4
2019,2019-06-28,1405,6,2,14,5,N,A,Y,A,H,A,A,01,S,03,C,,,,,C,Y,N,A,1,0,0,0,22350.0,2,34.42222595214844,-119.29006958007812,4
2019,2019-06-28,2215,6,2,22,5,N,A,N,A,H,D,A,01,E,03,E,,,,,I,Y,N,A,1,0,0,0,22350.0,1,34.17592239379883,-119.0638427734375,4
2020,2020-04-13,2030,4,1,20,1,Y,A,N,A,H,C,A,01,,08,D,,,,,C,Y,N,A,2,0,0,0,22107.0,2,34.175185,-119.159917,3
2019,2019-06-30,1740,6,2,17,7,N,A,Y,A,H,A,D,22,N,08,E,,,,,I,Y,N,D,1,0,0,0,22107.0,1,34.222122192382805,-119.1119384765625,4
2020,2020-02-14,1155,2,4,11,5,Y,A,N,A,H,A,-,,,10,G,Y,,,,B,N,N,A,1,1,0,0,21950.0,2,34.17570114135742,-119.19490814208984,3
2019,2019-05-17,2345,5,1,23,5,N,A,Y,A,H,D,A,01,W,01,E,,,,,I,Y,N,D,1,0,0,0,23152.0,1,34.317928314208984,-119.10898590087892,4
2019,2019-07-06,2319,7,2,23,6,N,A,Y,A,H,C,D,22,E,08,E,,,,,I,Y,N,D,1,0,0,0,22107.0,1,34.322792053222656,-119.1007843017578,3
2019,2019-06-29,1521,6,2,15,6,N,A,Y,A,H,A,D,22,S,08,E,,,,,I,Y,N,D,1,0,0,0,22107.0,1,34.27497100830078,-118.8581085205078,4
2019,2019-07-10,1215,7,2,12,3,N,A,N,A,H,A,A,07,S,08,F,,,,,A,Y,N,D,1,0,0,0,22107.0,1,34.31626892089844,-119.13780975341795,4
2020,2020-04-13,822,4,1,8,1,Y,B,Y,A,H,A,A,01,,12,D,,,,,C,N,N,A,1,0,0,0,21453.0,2,34.36012268066406,-119.04145050048828,4
2020,2020-02-12,1949,2,4,19,3,Y,A,Y,A,H,B,A,01,,01,B,,,,,C,Y,N,A,3,0,0,0,23152.0,2,34.36022186279297,-119.04154205322266,3
2020,2020-05-08,1344,5,1,13,5,N,A,Y,A,H,A,A,07,E,12,D,,,,,C,,N,A,1,0,0,0,21453.0,2,34.18850326538086,-118.93653106689452,4
2019,2019-07-06,1145,7,2,11,6,N,A,Y,A,H,A,A,01,N,03,C,,,,,C,Y,N,D,1,0,0,0,22350.0,2,34.19725799560547,-118.95252227783205,4
2019,2019-07-03,800,7,2,8,3,N,A,N,A,D,A,A,07,E,01,E,,,,,I,Y,N,D,1,0,0,0,23152.0,1,34.23728561401367,-118.9605712890625,3
2019,2019-07-03,1345,7,2,13,3,Y,A,Y,A,H,A,A,01,,09,D,,,,,C,Y,N,D,2,0,0,0,21801.0,2,34.36017990112305,-119.0414810180664,4
2019,2019-07-08,1410,7,2,14,1,N,A,Y,A,H,A,D,22,S,08,E,,,,,I,Y,N,D,1,0,0,0,22107.0,1,34.18440246582031,-118.92259979248048,4
2020,2020-03-25,1645,3,1,16,3,Y,A,N,A,H,A,D,22,,04,C,,,,,C,Y,N,D,1,0,0,0,21703.0,2,34.15633010864258,-118.98444366455078,4
2019,2019-07-10,1745,7,2,17,3,N,A,N,A,H,A,A,01,S,01,C,,,,,C,Y,N,D,3,0,0,0,23152.0,2,34.233341217041016,-119.25645446777344,4
2019,2019-07-08,1700,7,2,17,1,N,A,Y,A,H,A,I,09,S,03,C,,,,,C,Y,N,D,2,0,0,0,22350.0,2,34.194683074951165,-118.86019897460938,3
2019,2019-07-06,2030,7,2,20,6,N,A,N,A,H,C,A,01,N,03,F,,,,,I,Y,N,D,2,0,0,0,22350.0,1,34.31049728393555,-118.71979522705078,2
2019,2019-07-08,1725,7,2,17,1,N,A,Y,A,H,A,C,02,S,03,C,,,Y,,C,Y,N,D,2,0,0,1,22350.0,2,34.25063705444336,-119.2081298828125,4
2019,2019-05-28,1720,5,1,17,2,N,A,Y,A,H,A,D,22,E,03,C,,,,,C,Y,N,D,5,0,0,0,22350.0,5,,,2
2019,2019-07-03,1240,7,2,12,3,N,A,Y,A,H,A,D,22,E,06,B,,,,Y,C,Y,N,D,1,0,0,0,21751.0,2,34.196258544921875,-119.05777740478516,3
2019,2019-07-09,1745,7,2,17,2,N,A,N,A,H,A,-,- ,E,00,G,Y,,,,B,N,N,D,1,1,0,0,,2,34.232635498046875,-119.16267395019533,4
2019,2019-07-10,1315,7,2,13,3,N,A,Y,A,H,A,A,01,N,08,E,,,,,I,Y,N,D,2,0,0,0,22107.0,1,,,3
2019,2019-07-05,1645,7,2,16,5,N,A,Y,A,H,A,A,01,N,08,E,,,,,I,Y,N,D,1,0,0,0,22107.0,2,34.15438461303711,-118.81999969482422,4
2019,2019-06-21,1425,6,2,14,5,N,B,N,A,H,A,D,22,S,03,C,,,,,C,Y,N,D,1,0,0,0,22350.0,3,34.41796112060547,-119.29325103759766,4
2019,2019-05-29,1201,5,1,12,3,N,A,N,A,H,A,C,02,N,03,E,,,Y,,I,Y,N,A,0,0,0,0,22350.0,1,34.69974136352539,-119.37416076660156,1
2019,2019-05-29,1200,5,1,12,3,N,A,N,A,H,A,C,02,N,03,E,,,Y,,I,Y,N,A,0,0,0,0,22350.0,1,34.69974136352539,-119.37416076660156,1
2019,2019-07-10,1100,7,2,11,3,N,A,Y,A,H,A,C,02,N,08,F,,,Y,,A,Y,N,D,1,0,0,1,22107.0,1,34.52920150756836,-119.265380859375,2
2019,2019-07-11,1643,7,2,16,4,N,A,Y,A,H,A,A,01,W,03,C,,,,,C,Y,N,A,1,0,0,0,22350.0,2,34.28261184692383,-118.76344299316406,4
2019,2019-07-10,1625,7,2,16,3,N,A,Y,A,H,A,C,02,S,03,C,,,Y,,C,Y,N,D,2,0,0,2,22350.0,2,34.20024871826172,-118.95809173583984,3
2020,2020-02-29,2032,2,4,20,6,Y,A,N,A,H,C,A,01,,03,C,,,,,C,N,N,A,2,0,0,0,22350.0,2,34.14751052856445,-119.17791748046876,4
2020,2020-02-21,620,2,4,6,5,N,A,N,A,H,A,D,22,E,09,D,,,,,C,Y,F,D,1,0,0,0,21802.0,2,34.19784927368164,-119.19324493408205,4
2020,2020-03-20,429,3,1,4,5,N,C,N,B,H,C,D,22,N,05,A,,,,,C,N,F,D,3,0,0,0,21650.0,3,34.19226837158203,-119.17185974121094,4
2020,2020-03-21,1804,3,1,18,6,N,A,N,A,H,A,D,22,S,03,C,,,,,C,N,M,A,1,0,0,0,22350.0,2,,,4
2020,2020-05-15,1236,5,1,12,5,N,A,N,A,H,A,-,- ,N,09,H,,,,,C,Y,N,D,1,0,0,0,21804.0,2,34.187828063964844,-118.94216918945312,4
2020,2020-03-28,1610,3,1,16,6,N,B,N,A,H,A,A,01,S,01,C,,,,,C,Y,N,A,1,0,0,0,23153.0,3,34.226497650146484,-119.1773681640625,4
2020,2020-04-02,1209,4,1,12,4,N,A,N,-,H,A,A,01,S,04,C,,,,,C,N,N,A,2,0,0,0,21703.0,2,34.204811096191406,-119.15978240966795,3
2020,2020-03-28,111,3,1,1,6,N,A,N,A,H,C,A,01,W,08,A,,,,,E,Y,N,D,1,0,0,0,22107.0,3,34.19514083862305,-119.19589233398438,4
2020,2020-04-12,1112,4,1,11,7,N,B,N,A,H,A,D,22,W,08,E,,,,,I,Y,F,D,2,0,0,0,22107.0,1,34.17382049560547,-119.18209838867188,3
2020,2020-04-03,1255,4,1,12,5,Y,A,N,A,H,A,D,22,,10,G,Y,,,,B,N,F,A,1,1,0,0,21950.0,2,34.1609992980957,-119.1777801513672,4
2019,2019-07-11,840,7,2,8,4,N,A,Y,A,H,A,A,07,N,03,C,,,,,C,Y,N,D,1,0,0,0,22350.0,3,34.2501106262207,-119.20648193359376,4
2019,2019-07-11,1815,7,2,18,4,N,A,Y,A,H,A,A,07,N,03,C,,,,,C,Y,N,D,1,0,0,0,22350.0,2,34.23600387573242,-119.17633819580078,3
2020,2020-04-20,1252,4,1,12,1,N,A,N,A,H,A,D,22,E,01,C,,,,,C,Y,N,A,2,0,0,0,23153.0,2,34.15471649169922,-119.17270660400392,4
2019,2019-07-12,908,7,2,9,5,N,A,Y,A,H,A,A,01,E,08,F,,,,,A,Y,N,D,1,0,0,0,22107.0,1,34.33421325683594,-119.08696746826172,3
2019,2019-07-13,1555,7,2,15,6,N,A,Y,A,H,A,A,01,E,03,C,,,,,C,Y,N,A,2,0,0,0,22350.0,2,34.25605010986328,-119.10887145996094,4
2019,2019-07-18,1510,7,2,15,4,N,A,Y,A,H,A,D,22,N,03,C,,,,,C,N,N,D,1,0,0,0,22350.0,2,34.179222106933594,-118.88268280029295,3
2019,2019-07-14,1455,7,2,14,7,N,A,Y,A,H,A,A,07,N,03,C,,,,,C,N,N,D,1,0,0,0,22350.0,2,34.263118743896484,-119.23240661621094,4
2019,2019-07-14,400,7,2,4,7,N,B,Y,B,H,C,A,07,E,08,E,,,,,I,Y,N,D,2,0,0,0,22107.0,1,34.26374435424805,-119.0177001953125,3
2019,2019-07-14,1255,7,2,12,7,N,B,Y,A,H,A,D,22,N,03,A,,,,,C,Y,N,D,3,0,0,0,22350.0,2,34.05438232421875,-118.96546173095705,4
2019,2019-07-20,1000,7,2,10,6,N,A,Y,A,H,A,A,01,N,03,C,,,,,C,N,N,D,1,0,0,0,22350.0,2,34.20015335083008,-118.96070098876952,4
2020,2020-05-22,1130,5,1,11,5,Y,A,N,A,H,A,A,07,,09,H,,,,,C,Y,N,A,3,0,0,0,21801.0,2,34.2222785949707,-119.03904724121094,3
2019,2019-07-15,1445,7,2,14,1,N,A,Y,A,H,A,D,22,S,08,B,,,,,C,Y,N,D,1,0,0,0,22107.0,3,34.21585464477539,-119.02742004394533,3
2019,2019-07-15,1710,7,2,17,1,N,A,Y,A,H,A,A,01,W,01,C,,,,,C,Y,N,D,1,0,0,0,23152.0,3,34.28968048095703,-119.15644073486328,2
2019,2019-07-17,755,7,2,7,3,N,B,Y,A,H,A,A,01,S,03,C,,,,,C,N,N,D,1,0,0,0,22350.0,2,34.26118850708008,-119.22818756103516,4
2019,2019-07-18,1215,7,2,12,4,N,A,Y,A,H,A,A,01,E,03,C,,,,,C,Y,N,D,2,0,0,0,22350.0,2,34.3499755859375,-119.05809783935548,4
2019,2019-07-18,1800,7,2,18,4,N,A,Y,A,H,A,D,22,S,03,C,,,,,C,Y,N,D,1,0,0,0,22350.0,2,,,4
2019,2019-07-19,2358,7,2,23,5,N,A,Y,A,H,C,A,01,E,01,E,,,,,I,Y,N,D,1,0,0,0,23152.0,1,34.264549255371094,-119.23919677734376,3
2019,2019-07-20,2204,7,2,22,6,N,A,Y,A,D,C,A,08,N,03,C,,,,,C,Y,N,A,3,0,0,0,22350.0,3,34.1839485168457,-118.8612823486328,4
2019,2019-07-21,215,7,2,2,7,N,A,Y,A,H,D,C,02,E,01,F,,,Y,,A,Y,N,D,1,0,0,1,23152.0,1,34.27863693237305,-118.92095947265624,2
2019,2019-07-21,1010,7,2,10,7,N,A,Y,A,H,A,A,01,S,06,B,,,,,C,Y,N,D,1,0,0,0,21755.0,2,34.22216033935547,-119.11859130859376,3
2019,2019-07-21,1625,7,2,16,7,N,A,Y,A,H,A,A,07,S,03,E,,,,,I,Y,N,D,1,0,0,0,22350.0,1,34.35636520385742,-119.43700408935548,4
2019,2019-07-21,225,7,2,2,7,N,B,N,A,H,D,A,01,W,08,E,,,,,I,Y,M,D,1,0,0,0,22107.0,1,34.19371795654297,-118.8975067138672,3
2020,2020-05-11,1657,5,1,16,1,N,A,Y,A,H,A,D,22,W,03,C,,,,,C,N,N,D,1,0,0,0,22350.0,2,34.398738861083984,-118.899169921875,4
2019,2019-07-22,2217,7,2,22,1,N,B,Y,A,H,D,A,07,E,08,E,,,,,I,Y,N,D,1,0,0,0,22107.0,1,34.42703628540039,-119.11038208007812,4
2019,2019-07-20,2215,7,2,22,6,N,A,Y,A,H,D,D,22,E,08,E,,,,,I,Y,N,D,1,0,0,0,22107.0,1,34.352149963378906,-119.05284118652344,2
2019,2019-07-20,330,7,2,3,6,N,A,N,A,H,D,D,22,S,08,E,,,,,I,Y,M,D,1,0,0,0,22107.0,1,34.29878616333008,-118.91517639160156,4
2019,2019-07-26,330,7,2,3,5,Y,A,N,A,H,D,A,01,,01,E,,,,,I,N,M,D,1,0,0,0,23152.0,1,34.19498825073242,-118.89631652832033,3
2019,2019-07-21,1608,7,2,16,7,N,A,Y,A,H,A,A,07,N,07,B,,,,,C,Y,N,D,1,0,0,0,21658.0,3,34.26285171508789,-119.24581909179688,4
2019,2019-07-24,1752,7,2,17,3,N,A,N,A,H,A,A,07,N,09,A,,,,,C,Y,N,D,1,0,0,0,21801.0,3,34.421016693115234,-118.93214416503906,3
2019,2019-07-24,1810,7,2,18,3,Y,A,N,A,H,A,A,01,,12,D,,,,,C,Y,N,A,2,0,0,0,22450.0,2,34.17626190185547,-119.09633636474608,3
2019,2019-07-27,1310,7,2,13,6,N,A,Y,A,H,A,A,01,N,03,C,,,,,C,N,N,D,1,0,0,0,22350.0,3,34.17782974243164,-118.87934112548828,4
2019,2019-07-21,1915,7,2,19,7,N,A,Y,A,H,A,A,01,N,08,E,,,,,I,Y,N,D,2,0,0,0,22107.0,3,34.15995407104492,-118.8288345336914,3
2019,2019-07-19,1708,7,2,17,5,N,A,Y,A,H,A,A,07,N,03,C,,,,,C,N,N,D,1,0,0,0,22350.0,4,34.18558120727539,-118.86134338378906,4
2019,2019-07-27,1143,7,2,11,6,N,A,Y,A,H,A,A,07,W,03,C,,,,,C,Y,N,D,3,0,0,0,22350.0,2,34.27890396118164,-118.91767120361328,3
2019,2019-07-27,1054,7,2,10,6,N,A,Y,A,H,A,-,- ,E,18,C,,,,,C,Y,N,D,1,0,0,0,,2,34.293052673339844,-118.83450317382812,4
2019,2019-07-27,1055,7,2,10,6,N,A,Y,A,H,A,-,- ,W,18,E,,,,,I,Y,N,D,1,0,0,0,,1,34.2932243347168,-118.85020446777344,4
2019,2019-07-27,1056,7,2,10,6,N,A,Y,A,H,A,-,- ,W,18,C,,,,,C,Y,N,D,1,0,0,0,,4,34.29322814941406,-118.85011291503906,4
2019,2019-07-25,1905,7,2,19,4,N,B,Y,A,H,A,A,07,N,03,C,,,,,C,Y,N,D,1,0,0,0,22350.0,2,34.285499572753906,-119.3231964111328,4
2019,2019-06-24,1015,6,2,10,1,N,B,Y,A,H,A,A,01,N,03,C,,,,Y,C,Y,M,D,1,0,0,0,22350.0,2,34.215850830078125,-119.02249908447266,4
2019,2019-07-26,1030,7,2,10,5,N,A,Y,A,H,A,D,22,W,07,C,,,,Y,C,Y,N,D,1,0,0,0,21658.0,2,34.28282928466797,-119.16766357421876,3
2019,2019-07-26,1603,7,2,16,5,N,A,Y,A,H,A,A,08,W,03,C,,,,,C,Y,N,D,1,0,0,0,22350.0,2,34.37882614135742,-118.9892120361328,4
2019,2019-07-27,1220,7,2,12,6,N,A,Y,A,H,A,A,07,E,08,E,,,,,I,Y,N,D,1,0,0,0,22107.0,1,34.43156814575195,-119.28467559814452,3
2019,2019-07-25,1820,7,2,18,4,N,A,N,A,H,A,D,22,S,03,F,,,,,A,Y,N,D,3,0,0,0,22350.0,1,34.450523376464844,-118.75667572021484,3
2019,2019-07-27,1715,7,2,17,6,N,A,Y,A,H,A,A,01,S,03,C,,,,,C,Y,N,D,1,0,0,0,22350.0,2,34.27790451049805,-119.30274200439452,4
2019,2019-07-28,2235,7,2,22,7,N,A,Y,A,H,C,A,01,W,01,C,,,,,C,N,N,D,1,0,0,0,23152.0,2,34.281497955322266,-118.69902801513672,4
2019,2019-07-27,950,7,2,9,6,N,A,Y,A,H,A,A,01,E,03,C,,,Y,,C,Y,N,D,1,0,0,1,22350.0,3,34.26368713378906,-119.07243347167967,3
2019,2019-07-30,2340,7,2,23,2,N,A,Y,A,H,C,A,07,E,08,B,,,,,C,Y,N,D,2,0,0,0,22107.0,3,34.281822204589844,-118.7134017944336,2
2019,2019-07-27,25,7,2,0,6,N,A,Y,A,H,C,A,07,E,08,E,,,,,I,Y,M,D,1,0,0,0,22107.0,1,34.26374435424805,-119.0278778076172,3
2019,2019-08-01,1140,8,2,11,4,N,A,N,A,H,A,A,07,E,03,C,,,,,C,Y,N,A,2,0,0,0,22350.0,2,34.181278228759766,-118.7686004638672,4
2020,2020-05-22,1535,5,1,15,5,N,A,N,A,H,A,A,01,W,09,A,,,,,C,Y,N,A,1,0,0,0,21802.0,2,34.25724792480469,-119.23257446289062,4
2020,2020-05-22,1549,5,1,15,5,N,A,N,A,H,A,A,01,S,03,C,,,,,C,Y,N,A,2,0,0,0,22350.0,4,34.24940490722656,-119.21273040771484,3
2020,2020-05-25,451,5,1,4,1,N,A,N,A,H,C,A,01,W,03,C,,,,,E,Y,N,D,1,0,0,0,22350.0,5,34.26029586791992,-119.21501159667967,3
2019,2019-08-01,1500,8,2,15,4,N,A,Y,A,H,A,A,01,S,08,B,,,,,C,N,N,D,1,0,0,0,22107.0,2,34.18032455444336,-118.88488006591795,4
2020,2020-05-19,2139,5,1,21,2,Y,A,N,A,H,C,A,01,,12,D,,,,,C,Y,N,A,1,0,0,0,21453.0,2,34.25579071044922,-119.21051025390624,3
2020,2020-05-27,2223,5,1,22,3,Y,E,N,A,H,C,C,02,,03,B,,,Y,,C,N,N,D,2,0,0,2,22350.0,2,34.28424072265625,-119.16243743896484,4
2020,2020-05-28,1308,5,1,13,4,N,A,N,A,H,A,A,01,S,08,D,,,,,C,Y,N,D,1,0,0,0,22107.0,2,34.26201629638672,-119.21186065673828,4
2020,2020-05-26,904,5,1,9,2,N,A,N,A,H,A,A,07,W,21,C,,,,,C,N,N,A,1,0,0,0,22106.0,2,34.26508712768555,-119.24614715576172,4
2020,2020-05-26,1325,5,1,13,2,Y,A,N,A,H,A,A,01,,03,-,,,,,C,Y,N,A,2,0,0,0,22350.0,2,34.2618408203125,-119.2060317993164,3
2020,2020-05-24,1524,5,1,15,7,N,A,N,A,H,A,-,99,S,03,E,,,,,I,Y,F,D,1,0,0,0,22350.0,1,34.284969329833984,-119.30290985107422,2
2020,2020-05-30,2129,5,1,21,6,N,A,Y,A,H,D,A,01,N,03,C,,,,,C,Y,N,A,1,0,0,0,22350.0,2,34.288387298583984,-119.15831756591795,2
2019,2019-07-28,205,7,2,2,7,N,A,Y,A,D,C,A,01,E,01,E,,,,,I,Y,N,D,1,0,0,0,23152.0,3,34.271629333496094,-119.2107391357422,4
2019,2019-07-28,645,7,2,6,7,N,A,Y,A,H,A,A,01,S,01,D,,,,,C,Y,N,D,1,0,0,0,23152.0,2,34.21855926513672,-119.06096649169922,3
2019,2019-07-28,145,7,2,1,7,N,A,Y,A,H,D,A,07,E,01,E,,,,,I,Y,N,D,3,0,0,0,23152.0,1,34.35219192504883,-119.05316162109376,2
2019,2019-07-29,1816,7,2,18,1,N,A,Y,A,H,A,A,07,E,03,C,,,,,C,Y,N,D,1,0,0,0,22350.0,2,34.43619537353516,-119.1323013305664,3
2019,2019-07-25,1210,7,2,12,4,Y,A,Y,A,B,A,L,04,,08,F,,Y,,,G,N,N,D,1,0,1,0,22107.0,1,,,3
2019,2019-07-29,1010,7,2,10,1,N,A,Y,A,H,A,A,08,N,07,C,,,,Y,C,Y,N,D,1,0,0,0,21658.0,2,34.2773551940918,-119.29593658447266,4
2019,2019-07-30,135,7,2,1,2,N,A,Y,A,H,C,A,01,N,03,C,,,,,C,Y,N,D,2,0,0,0,22350.0,2,34.214447021484375,-119.00977325439452,4
2019,2019-07-30,600,7,2,6,2,N,A,N,A,H,B,A,01,E,08,E,,,,,I,Y,N,D,1,0,0,0,22107.0,1,34.29367446899414,-119.18042755126952,3
2019,2019-07-31,705,7,2,7,3,N,A,Y,A,H,A,C,02,N,03,E,,,Y,,J,Y,N,D,1,0,0,1,22350.0,1,34.2793083190918,-119.30609893798828,3
2019,2019-08-07,1710,8,2,17,3,N,A,Y,A,H,A,D,22,N,03,C,,,,,C,Y,N,D,1,0,0,0,22350.0,2,34.17652130126953,-118.86370849609376,4
2019,2019-08-08,1758,8,2,17,4,N,A,Y,A,H,A,D,22,W,03,C,,,,,C,Y,N,D,1,0,0,0,22350.0,2,34.29088592529297,-118.81259918212892,4
2019,2019-08-01,1628,8,2,16,4,N,A,N,A,H,A,A,07,E,03,E,,,,,I,Y,N,D,1,0,0,0,22350.0,1,34.15561294555664,-118.94066619873048,3
2019,2019-08-04,1754,8,2,17,7,N,A,N,A,H,A,A,01,N,08,E,,,,,I,Y,N,D,1,0,0,0,22107.0,1,34.25441360473633,-118.6490478515625,3
2019,2019-07-31,1055,7,2,10,3,Y,A,N,A,H,A,D,22,,12,D,,,,Y,C,Y,N,A,2,0,0,0,21453.0,2,34.25077819824219,-119.14266967773438,3
2019,2019-08-02,605,8,2,6,5,N,A,Y,A,H,A,A,01,W,08,E,,,,,I,Y,N,A,1,0,0,0,22107.0,1,34.344680786132805,-119.07017517089844,3
2019,2019-08-01,535,8,2,5,4,N,A,N,A,H,D,A,01,E,05,A,,,,,C,Y,N,D,2,0,0,0,21460.0,2,34.149906158447266,-119.09088897705078,2
2019,2019-08-02,504,8,2,5,5,N,A,Y,A,H,B,D,22,W,03,C,,,,,C,Y,N,A,1,0,0,0,22350.0,2,,,4
2019,2019-08-02,1249,8,2,12,5,N,A,N,A,H,A,A,01,W,01,E,,,,,I,Y,N,D,1,0,0,0,23152.0,1,34.43199157714844,-119.2678451538086,4
2019,2019-08-03,1845,8,2,18,6,N,A,Y,A,H,B,A,07,N,03,C,,,,,C,Y,N,D,5,0,0,0,22350.0,4,,,2
2019,2019-08-04,1215,8,2,12,7,N,A,Y,A,H,A,A,01,S,08,E,,,,,I,Y,N,D,1,0,0,0,22107.0,1,34.2824592590332,-118.86290740966795,4
2019,2019-08-04,940,8,2,9,7,N,A,Y,A,H,A,C,02,E,08,F,,,Y,,A,Y,N,D,2,0,0,2,22107.0,1,34.31534957885742,-119.11333465576172,3
2019,2019-08-10,1125,8,2,11,6,N,A,Y,A,H,A,D,22,W,03,C,,,,,C,Y,N,A,1,0,0,0,22350.0,2,34.27384948730469,-118.93063354492188,4
2019,2019-05-22,2500,5,1,25,3,N,B,Y,B,H,A,A,01,N,03,F,,,,,A,Y,N,A,0,0,0,0,22350.0,1,34.506103515625,-119.28272247314452,1
2019,2019-08-05,1330,8,2,13,1,N,B,Y,A,H,A,D,22,S,08,E,,,,,I,Y,N,D,1,0,0,0,22107.0,1,34.28616714477539,-119.32483673095705,3
2019,2019-08-05,1215,8,2,12,1,N,A,Y,A,H,A,C,02,S,03,E,,,Y,,I,Y,N,D,1,0,0,1,22350.0,1,34.490676879882805,-119.30570220947266,4
2019,2019-08-08,1445,8,2,14,4,N,A,Y,A,H,A,A,01,N,03,C,,,,,C,Y,N,D,2,0,0,0,22350.0,2,34.179378509521484,-118.88298797607422,3
2019,2019-08-07,832,8,2,8,3,N,A,N,A,H,A,D,22,W,08,E,,,,,I,Y,N,D,1,0,0,0,22107.0,1,34.30802154541016,-119.1533660888672,3
2020,2020-06-05,843,6,2,8,5,Y,B,N,A,H,A,A,01,,09,D,,,,,C,Y,N,A,1,0,0,0,21802.0,2,34.21786117553711,-118.87979125976562,3
2020,2020-06-04,1649,6,2,16,4,N,A,N,A,H,A,-,- ,S,18,C,,,,,E,Y,N,D,1,0,0,0,,5,34.17857360839844,-118.86680603027344,3
2020,2020-06-04,1326,6,2,13,4,N,A,N,A,H,A,A,08,W,04,C,,,,,C,Y,N,A,2,0,0,0,21703.0,2,34.21238327026367,-118.83163452148438,3
2020,2020-06-01,1403,6,2,14,1,Y,A,N,A,H,A,A,01,,12,D,,,,,C,Y,N,A,1,0,0,0,21453.0,2,34.18307113647461,-118.78636169433594,4
2019,2019-08-07,1535,8,2,15,3,N,A,Y,A,H,A,C,02,W,05,B,,,Y,,C,Y,N,D,1,0,0,1,21460.0,2,34.3858757019043,-119.38895416259766,3
2019,2019-08-07,1810,8,2,18,3,N,A,N,A,H,A,A,01,W,03,C,,,,,C,Y,N,A,2,0,0,0,22350.0,2,34.1469612121582,-119.1111068725586,4
2019,2019-08-08,1655,8,2,16,4,N,A,Y,A,H,A,A,07,W,09,D,,,Y,,C,Y,N,D,1,0,0,1,21801.0,2,,,2
2019,2019-08-08,620,8,2,6,4,N,B,Y,A,H,B,A,01,N,08,E,,,,,I,Y,N,D,1,0,0,0,22107.0,1,34.214500427246094,-119.0092315673828,4
2019,2019-08-08,1150,8,2,11,4,N,A,N,A,D,A,A,01,W,08,D,,,,,C,Y,N,A,1,0,0,0,22107.0,2,34.257354736328125,-119.15224456787108,4
2020,2020-05-13,1700,5,1,17,3,N,A,N,A,H,A,L,04,E,09,D,,Y,,,G,N,M,D,1,0,1,0,21804.0,2,34.397335052490234,-118.91995239257812,3
2019,2019-08-09,1650,8,2,16,5,N,A,Y,A,H,A,C,02,S,03,F,,,Y,,A,Y,N,D,1,0,0,1,22350.0,1,34.061233520507805,-118.97848510742188,3