ACCIDENT_YEAR,COLLISION_DATE,COLLISION_TIME,MONTH,SEASON,24HOURS,DAY_OF_WEEK,INTERSECTION,WEATHER_1,STATE_HWY_IND,ROAD_SURFACE,ROAD_COND_1,LIGHTING,STWD_VEHTYPE_AT_FAULT,CHP_VEHTYPE_AT_FAULT,DIRECTION,PCF_VIOL_CATEGORY,TYPE_OF_COLLISION,PEDESTRIAN_ACCIDENT,BICYCLE_ACCIDENT,MOTORCYCLE_ACCIDENT,TRUCK_ACCIDENT,MVIW,TOW_AWAY,HIT_AND_RUN,CONTROL_DEVICE,NUMBER_INJURED,COUNT_PED_INJURED,COUNT_BICYCLIST_INJURED,COUNT_MC_INJURED,PCF_VIOLATION,PARTY_COUNT,POINT_Y,POINT_X,COLLISION_SEVERITY
2019,2019-10-09,620,10,3,6,3,N,B,Y,A,H,B,D,22,S,03,C,,,,,C,N,N,D,1,0,0,0,22350.0,2,34.28970718383789,-119.33349609375,4
2019,2019-10-20,358,10,3,3,7,N,A,Y,A,H,D,A,07,W,08,E,,,,,I,Y,N,D,1,0,0,0,22107.0,1,34.333030700683594,-119.08824157714844,2
2019,2019-10-21,550,10,3,5,1,N,A,Y,A,H,C,A,07,E,03,C,,,,,C,N,N,A,1,0,0,0,22350.0,2,34.28099822998047,-119.14488983154295,4
2019,2019-10-22,100,10,3,1,2,N,A,Y,A,H,C,A,07,S,08,C,,,,,C,Y,N,D,1,0,0,0,22107.0,2,34.222171783447266,-119.12683868408205,4
2019,2019-10-22,1608,10,3,16,2,N,A,N,A,H,A,A,01,S,09,D,,,,,C,Y,N,D,1,0,0,0,21804.0,2,34.23710632324219,-119.21646118164062,4
2019,2019-10-23,1230,10,3,12,3,N,A,Y,A,H,A,A,01,W,08,A,,,,,I,Y,N,D,1,0,0,0,22107.0,1,34.196434020996094,-119.0797119140625,4
2019,2019-10-28,635,10,3,6,1,N,A,Y,A,H,D,A,07,W,08,B,,,,,C,Y,N,D,1,0,0,0,22107.0,2,34.26174545288086,-119.11748504638672,4
2019,2019-10-21,650,10,3,6,1,N,A,N,A,H,B,A,01,E,03,C,,,,,C,N,F,D,1,0,0,0,22350.0,3,34.16997146606445,-119.13481903076172,4
2019,2019-10-26,1045,10,3,10,6,N,A,N,A,H,A,C,02,N,03,A,,,Y,,I,Y,N,D,1,0,0,1,22350.0,1,34.06570816040039,-118.98648071289062,4
2019,2019-10-07,828,10,3,8,1,N,A,Y,A,H,A,A,01,S,03,C,,,,,C,Y,N,D,1,0,0,0,22350.0,2,34.25259017944336,-119.21080780029295,4
2019,2019-10-06,1448,10,3,14,7,N,A,Y,A,H,A,A,01,W,08,A,,,,,C,Y,N,D,4,0,0,0,22107.0,3,34.26372528076172,-119.04910278320312,3
2019,2019-10-22,1915,10,3,19,2,N,A,Y,A,H,C,A,07,S,07,B,,,,,C,N,N,D,1,0,0,0,21658.0,2,34.17726135253906,-118.87669372558594,4
2019,2019-10-23,245,10,3,2,3,Y,A,N,A,H,C,A,01,,01,E,,,,,I,Y,N,A,1,0,0,0,23152.0,1,34.189720153808594,-119.14246368408205,3
2019,2019-10-24,1711,10,3,17,4,N,A,Y,A,H,A,A,07,N,03,C,,,,,C,Y,N,D,2,0,0,0,22350.0,2,34.22071075439453,-119.08779907226562,3
2019,2019-10-25,1215,10,3,12,5,N,A,Y,A,H,A,C,02,W,08,B,,,Y,,C,N,N,D,1,0,0,1,22107.0,2,,,2
2019,2019-10-30,545,10,3,5,3,N,A,Y,A,H,C,A,01,S,08,E,,,,,I,Y,N,D,1,0,0,0,22107.0,2,34.35563278198242,-119.43182373046876,3
2019,2019-10-24,940,10,3,9,4,N,A,Y,A,H,A,D,22,E,03,C,,,,,C,Y,N,D,3,0,0,0,22350.0,4,34.2825927734375,-118.78749084472656,3
2019,2019-10-21,1048,10,3,10,1,N,A,Y,A,H,A,A,01,W,08,E,,,,,I,Y,N,D,1,0,0,0,22107.0,1,34.358158111572266,-119.04412078857422,3
2019,2019-10-30,705,10,3,7,3,N,G,Y,A,H,A,A,01,N,03,C,,,,,C,N,N,D,1,0,0,0,22350.0,2,34.22187423706055,-119.11052703857422,4
2019,2019-10-23,1915,10,3,19,3,N,A,Y,A,H,C,-,99,W,07,A,,,,,C,Y,F,D,2,0,0,0,21658.0,3,34.267913818359375,-118.63581085205078,3
2019,2019-10-26,1350,10,3,13,6,N,A,N,A,H,A,D,22,E,03,C,,,,,C,N,N,D,2,0,0,0,22350.0,2,34.2354736328125,-118.93059539794922,4
2019,2019-10-25,215,10,3,2,5,N,A,Y,A,H,C,A,07,S,07,C,,,,,C,N,N,D,2,0,0,0,21658.0,2,34.16425323486328,-118.83487701416016,4
2019,2019-10-26,1212,10,3,12,6,N,A,Y,A,H,A,A,01,N,08,E,,,,,I,Y,N,D,1,0,0,0,22107.0,1,34.200401306152344,-118.95980834960938,4
2019,2019-10-23,751,10,3,7,3,N,A,Y,A,H,A,D,22,S,03,C,,,,,C,Y,M,D,1,0,0,0,22350.0,4,34.187400817871094,-118.93343353271484,3
2019,2019-10-28,1542,10,3,15,1,N,A,Y,A,H,A,A,01,E,08,E,,,,,I,Y,N,D,1,0,0,0,22107.0,1,34.28242874145508,-118.72789764404295,4
2019,2019-10-23,1922,10,3,19,3,N,A,Y,A,H,C,A,01,S,07,B,,,,,C,Y,N,D,1,0,0,0,21658.0,2,34.2515754699707,-119.20967864990234,4
2019,2019-10-19,1452,10,3,14,6,N,A,N,A,H,A,J,48,E,03,C,,,,,C,Y,N,D,1,0,0,0,22350.0,2,34.23677444458008,-118.92024230957033,3
2019,2019-10-23,1900,10,3,19,3,N,B,N,A,H,B,A,01,E,01,A,,,,,C,Y,N,D,1,0,0,0,23152.0,3,34.166988372802734,-119.14103698730467,3
2019,2019-10-27,1437,10,3,14,7,N,A,Y,A,H,A,A,01,N,03,B,,,,,I,Y,N,D,2,0,0,0,22350.0,2,34.185848236083984,-118.92748260498048,4
2019,2019-10-29,643,10,3,6,2,N,A,Y,A,H,B,A,07,W,03,C,,,,,C,Y,N,D,1,0,0,0,22350.0,2,34.282066345214844,-118.72199249267578,3
2019,2019-10-27,900,10,3,9,7,Y,A,N,A,H,A,A,01,,17,C,,,,,C,Y,N,A,1,0,0,0,21451.0,3,34.205589294433594,-119.06967926025392,3
2019,2019-10-26,1400,10,3,14,6,N,A,Y,A,H,A,C,02,N,03,F,,,Y,,A,Y,N,D,1,0,0,1,22350.0,1,34.599891662597656,-119.3366470336914,2
2019,2019-11-01,1310,11,3,13,5,N,A,Y,A,H,A,A,07,N,03,C,,,,,C,N,N,A,1,0,0,0,22350.0,2,34.17770004272461,-118.87729644775392,4
2019,2019-10-26,1923,10,3,19,6,Y,A,Y,A,H,C,A,01,,09,D,,,,,C,Y,N,A,3,0,0,0,21801.0,2,34.40020751953125,-119.29981231689452,3
2019,2019-10-27,1845,10,3,18,7,N,A,N,A,H,D,A,01,N,01,C,,,,,C,N,F,D,1,0,0,0,23152.0,2,34.17326354980469,-119.14266204833984,4
2019,2019-10-28,1930,10,3,19,1,N,A,Y,A,H,D,A,07,W,01,E,,,,,I,Y,N,D,1,0,0,0,23152.0,1,34.31227493286133,-119.11808013916016,4
2019,2019-11-04,1145,11,3,11,1,N,A,Y,A,H,A,A,01,N,07,C,,,,,C,Y,N,D,1,0,0,0,21658.0,2,34.18069839477539,-118.86080169677734,4
2019,2019-10-04,2240,10,3,22,5,N,A,Y,A,H,D,A,01,N,01,E,,,,,J,Y,N,D,3,0,0,0,23152.0,1,34.05622863769531,-118.9682388305664,3
2019,2019-10-09,1615,10,3,16,3,N,A,N,A,H,A,D,22,W,01,C,,,,Y,C,Y,M,D,1,0,0,0,23152.0,2,34.381988525390625,-118.97305297851562,4
2019,2019-11-05,1755,11,3,17,2,N,A,Y,A,H,D,A,01,S,07,B,,,,,C,Y,N,D,1,0,0,0,21658.0,3,34.236446380615234,-119.17713928222656,4
2019,2019-11-02,1600,11,3,16,6,N,A,Y,A,H,A,A,01,E,08,F,,,,,I,Y,N,D,1,0,0,0,22107.0,1,34.278507232666016,-118.66082000732422,2
2019,2019-10-30,150,10,3,1,3,N,A,Y,A,H,D,A,01,N,08,E,,,,,J,Y,N,D,1,0,0,0,22107.0,1,34.217533111572266,-119.04296875,4
2019,2019-10-30,2040,10,3,20,3,Y,A,Y,A,H,A,A,07,,03,E,,,,,I,Y,N,D,2,0,0,0,22350.0,1,34.41938018798828,-119.33991241455078,4
2019,2019-10-06,1520,10,3,15,7,N,A,Y,A,H,A,A,01,N,03,C,,,,,C,Y,N,D,2,0,0,0,22350.0,2,,,4
2019,2019-11-04,1905,11,3,19,1,N,A,Y,A,H,C,A,01,N,03,C,,,,,C,Y,N,D,1,0,0,0,22350.0,2,34.283157348632805,-118.86334228515624,4
2019,2019-11-02,2115,11,3,21,6,N,A,Y,A,H,D,A,01,S,07,B,,,,,C,Y,N,D,1,0,0,0,21658.0,3,34.19709014892578,-118.95229339599608,4
2019,2019-11-05,740,11,3,7,2,N,A,Y,A,H,A,A,01,E,03,C,,,,,C,Y,N,D,1,0,0,0,22350.0,2,34.282432556152344,-118.72913360595705,4
2019,2019-11-01,1625,11,3,16,5,N,A,Y,A,H,A,A,01,S,08,E,,,,,I,Y,N,D,1,0,0,0,22107.0,1,34.42890548706055,-119.2888412475586,3
2019,2019-10-27,2057,10,3,20,7,N,B,Y,A,H,C,A,07,E,08,C,,,,,C,Y,F,D,2,0,0,0,22107.0,2,34.27598571777344,-118.65780639648438,4
2019,2019-11-08,755,11,3,7,5,N,A,Y,A,H,A,A,01,S,03,C,,,,,C,Y,N,D,1,0,0,0,22350.0,3,34.203758239746094,-119.04173278808594,4
2019,2019-10-20,1020,10,3,10,7,N,A,Y,A,H,A,C,02,N,08,E,,,Y,,I,Y,N,D,1,0,0,1,22107.0,1,34.58963394165039,-119.28305053710938,2
2019,2019-10-30,1729,10,3,17,3,N,A,Y,A,H,A,A,01,N,12,A,,,,,C,Y,N,A,3,0,0,0,22450.0,2,,,2
2019,2019-10-31,1400,10,3,14,4,N,A,Y,A,H,A,A,08,E,09,A,,,,,C,Y,N,B,1,0,0,0,21800.0,2,34.405269622802734,-118.7944564819336,3
2019,2019-11-05,1440,11,3,14,2,N,A,Y,A,H,A,A,01,E,03,C,,,,,C,Y,N,D,1,0,0,0,22350.0,2,34.29278564453125,-118.83481597900392,4
2019,2019-11-02,2210,11,3,22,6,N,A,Y,A,H,C,C,02,N,08,E,,,Y,,I,N,N,D,1,0,0,1,22107.0,1,34.26451110839844,-119.24254608154295,3
2019,2019-11-02,330,11,3,3,6,N,A,Y,A,H,C,A,01,N,08,E,,,,,I,Y,N,D,1,0,0,0,22107.0,1,34.245708465576165,-119.19733428955078,3
2019,2019-11-03,1810,11,3,18,7,N,A,Y,A,H,C,A,01,N,06,C,,,,,C,Y,N,D,1,0,0,0,21750.0,3,34.404518127441406,-119.2993392944336,3
2019,2019-11-01,655,11,3,6,5,N,A,N,A,H,D,A,01,N,03,C,,,,,C,Y,N,D,2,0,0,0,22350.0,3,34.25252151489258,-119.1124267578125,3
2019,2019-11-03,30,11,3,0,7,Y,A,N,A,H,D,A,01,,03,E,,,,,I,Y,N,A,1,0,0,0,22352.0,1,34.34075927734375,-119.11695098876952,3
2019,2019-11-02,2302,11,3,23,6,N,A,Y,A,H,D,A,01,S,01,E,,,,,I,Y,N,D,1,0,0,0,23152.0,1,34.28885269165039,-119.30675506591795,3
2019,2019-11-05,852,11,3,8,2,N,A,Y,A,H,A,A,01,N,08,C,,,,,I,Y,N,D,1,0,0,0,22107.0,1,34.172080993652344,-118.84713745117188,4
2019,2019-11-01,640,11,3,6,5,N,B,Y,A,H,B,D,22,E,03,C,,,,,C,Y,N,D,2,0,0,0,22350.0,3,34.273956298828125,-119.13524627685548,4
2019,2019-11-03,355,11,3,3,7,N,A,Y,A,H,D,D,22,S,08,E,,,,,I,Y,N,D,1,0,0,0,22107.0,1,34.31166076660156,-119.29644775390624,3
2019,2019-11-03,2220,11,3,22,7,N,A,Y,A,H,D,A,01,E,01,E,,,,,I,Y,M,D,1,0,0,0,23152.0,1,34.29353713989258,-119.14962768554688,4
2019,2019-11-02,1430,11,3,14,6,N,A,Y,A,H,A,A,07,E,03,C,,,,,C,Y,N,D,1,0,0,0,22350.0,2,34.3703498840332,-119.02005767822266,3
2019,2019-11-06,1630,11,3,16,3,N,A,Y,A,H,B,D,22,E,03,C,,,,,C,Y,N,D,1,0,0,0,22350.0,2,34.28482437133789,-118.8639907836914,4
2019,2019-11-04,645,11,3,6,1,N,A,N,A,H,B,A,01,W,03,C,,,,,C,N,N,D,1,0,0,0,22350.0,2,34.16468811035156,-119.06291198730467,4
2020,2020-06-08,1429,6,2,14,1,Y,A,N,A,H,A,D,22,,09,D,,,,,C,Y,N,D,2,0,0,0,21802.0,2,34.285518646240234,-118.7575912475586,3
2019,2019-11-04,740,11,3,7,1,N,A,Y,A,H,A,A,01,N,03,C,,,,,C,Y,N,D,1,0,0,0,22350.0,4,34.223121643066406,-119.14837646484376,4
2019,2019-11-04,1740,11,3,17,1,Y,A,N,A,H,C,D,22,,09,D,,,,,C,Y,N,D,1,0,0,0,21801.0,2,34.323848724365234,-119.11282348632812,3
2019,2019-11-04,1740,11,3,17,1,N,A,Y,A,H,D,A,01,N,03,C,,,,,C,Y,M,D,1,0,0,0,22350.0,3,34.22320938110352,-119.14923858642578,4
2019,2019-11-04,1745,11,3,17,1,N,A,Y,A,H,C,A,01,S,03,C,,,,,C,Y,N,D,2,0,0,0,22350.0,2,34.22216796875,-119.12583160400392,4
2019,2019-09-22,1630,9,3,16,7,N,A,Y,A,H,A,C,02,S,03,F,,,Y,,A,Y,N,D,0,0,0,0,22350.0,1,34.59949493408203,-119.33625793457033,1
2019,2019-11-05,625,11,3,6,2,N,A,Y,A,H,A,D,22,E,05,B,,,,,C,Y,N,D,1,0,0,0,21460.0,2,34.38581848144531,-119.38877868652344,4
2019,2019-11-05,1620,11,3,16,2,Y,A,Y,A,H,A,A,01,,09,D,,,,,C,Y,N,D,1,0,0,0,21802.0,2,34.26376724243164,-119.00920104980467,3
2019,2019-11-05,1725,11,3,17,2,N,A,Y,A,H,D,A,01,S,03,C,,,,,C,Y,N,D,1,0,0,0,22350.0,3,34.18347930908203,-118.89121246337892,4
2019,2019-11-05,1840,11,3,18,2,N,A,Y,A,H,D,D,22,S,09,D,,,,,C,Y,N,D,3,0,0,0,21801.0,2,34.26641845703125,-119.14421081542967,3
2019,2019-11-05,1445,11,3,14,2,Y,A,N,A,H,A,A,07,,09,F,,Y,,,G,Y,N,D,1,0,1,0,21801.0,2,34.141780853271484,-118.87725830078124,3
2019,2019-11-07,1750,11,3,17,4,N,A,Y,A,H,D,-,98,N,03,C,,,,,C,Y,N,D,1,0,0,0,22350.0,2,34.1793098449707,-118.88322448730467,3
2019,2019-11-07,1733,11,3,17,4,N,A,Y,A,H,A,A,01,S,03,C,,,,,C,N,N,D,1,0,0,0,22350.0,2,,,4
2019,2019-11-07,830,11,3,8,4,N,A,N,A,H,A,A,07,S,08,E,,,,,I,Y,N,D,1,0,0,0,22107.0,1,34.19632339477539,-119.06974029541016,4
2019,2019-10-07,2200,10,3,22,1,N,A,Y,A,H,D,A,07,S,01,A,,,,Y,C,Y,N,D,3,0,0,0,23152.0,3,,,2
2019,2019-11-07,1610,11,3,16,4,N,A,Y,A,H,A,A,01,E,03,C,,,,,C,Y,N,D,2,0,0,0,22350.0,2,34.35496139526367,-119.04832458496094,3
2019,2019-11-07,5,11,3,0,4,N,A,N,A,H,D,A,01,W,08,A,,,,,I,Y,N,D,1,0,0,0,22107.0,1,34.14719009399414,-119.14028930664062,3
2019,2019-11-06,1845,11,3,18,3,N,A,Y,A,H,D,A,01,S,03,C,,,,,C,Y,N,D,1,0,0,0,22350.0,2,34.18138885498047,-118.88699340820312,4
2019,2019-11-09,430,11,3,4,6,N,A,Y,A,H,D,A,01,S,01,B,,,,,C,Y,N,D,2,0,0,0,23152.0,2,34.18449783325195,-118.90369415283205,3
2019,2019-11-07,720,11,3,7,4,N,A,Y,A,H,A,A,01,E,03,C,,,,,C,Y,N,A,1,0,0,0,22350.0,2,34.27750015258789,-118.65959930419922,4
2019,2019-11-10,1458,11,3,14,7,N,A,Y,A,H,A,A,07,S,21,C,,,,,C,N,N,A,1,0,0,0,22106.0,2,34.18415832519531,-118.89125823974608,4
2019,2019-11-08,1600,11,3,16,5,N,A,Y,A,H,A,D,22,N,03,C,,,,,C,Y,N,D,1,0,0,0,22350.0,2,34.28504180908203,-119.32216644287108,4
2019,2019-11-06,1655,11,3,16,3,N,A,N,A,H,C,D,22,W,03,C,,,,,C,Y,N,A,1,0,0,0,22350.0,2,34.23842239379883,-118.90530395507812,4
2019,2019-11-08,2110,11,3,21,5,N,A,Y,A,H,D,A,01,N,03,E,,,,,I,Y,N,D,1,0,0,0,22350.0,1,34.5212287902832,-119.278076171875,2
2019,2019-11-08,1401,11,3,14,5,N,A,N,A,H,A,D,22,W,21,C,,,,,C,N,N,D,1,0,0,0,22106.0,2,34.398895263671875,-119.30442810058594,4
2019,2019-11-11,2205,11,3,22,1,N,A,Y,A,H,D,G,26,S,08,F,,,,Y,A,Y,N,D,1,0,0,0,22107.0,1,34.344451904296875,-118.91223907470705,2
2019,2019-11-07,1738,11,3,17,4,N,A,Y,A,H,D,N,60,N,11,G,Y,,,,B,N,F,D,1,1,0,0,21954.0,2,34.370574951171875,-119.30680847167967,2
2019,2019-11-08,815,11,3,8,5,N,A,Y,A,H,A,A,01,E,03,C,,,,,C,N,F,D,1,0,0,0,22350.0,2,34.32278823852539,-119.10079193115234,4
2019,2019-11-13,1645,11,3,16,3,N,A,Y,A,H,B,A,01,S,03,C,,,,,C,Y,N,D,1,0,0,0,22350.0,3,34.18730545043945,-118.93320465087892,4
2020,2020-06-09,720,6,2,7,2,N,A,N,A,H,A,A,07,S,03,C,,,,,C,Y,N,A,2,0,0,0,22350.0,2,34.219425201416016,-119.03900146484376,4
2019,2019-11-10,1240,11,3,12,7,N,A,Y,A,H,A,A,01,S,08,B,,,,,C,Y,N,D,1,0,0,0,22100.0,2,34.39996337890625,-119.29984283447266,2
2019,2019-11-12,1720,11,3,17,2,N,A,N,A,H,D,A,01,S,03,C,,,,,C,Y,N,D,3,0,0,0,22350.0,5,34.24108123779297,-119.00853729248048,3
2019,2019-11-13,1725,11,3,17,3,N,A,Y,A,H,B,D,22,N,03,B,,,,,C,Y,N,D,1,0,0,0,22350.0,3,34.22992706298828,-118.845703125,3
2019,2019-11-16,1215,11,3,12,6,N,A,N,A,H,A,A,01,N,08,E,,,,,I,Y,N,D,2,0,0,0,22107.0,1,34.318321228027344,-118.88015747070312,2
2019,2019-10-24,2157,10,3,21,4,N,A,Y,A,H,C,A,01,S,01,B,,,,,C,Y,N,D,3,0,0,0,23152.0,2,34.26023483276367,-119.226318359375,3
2019,2019-11-13,438,11,3,4,3,N,E,Y,A,H,C,A,01,E,03,E,,,,,I,Y,N,D,1,0,0,0,22350.0,1,34.25592422485352,-119.10899353027344,4
2019,2019-11-15,1734,11,3,17,5,N,A,Y,A,H,C,C,02,N,01,C,,,Y,,C,Y,N,D,1,0,0,1,23152.0,2,34.25499725341797,-119.21552276611328,4
2019,2019-11-20,802,11,3,8,3,N,B,Y,A,H,A,A,07,N,03,C,,,,,C,N,N,D,2,0,0,0,22350.0,2,34.262840270996094,-119.23182678222656,4
2019,2019-11-16,214,11,3,2,6,N,A,Y,A,H,D,A,01,S,01,E,,,,,I,Y,N,D,1,0,0,0,23152.0,1,34.53202438354492,-119.2624053955078,4
2019,2019-11-16,1113,11,3,11,6,N,A,Y,A,H,A,A,01,S,03,C,,,,,C,Y,N,D,3,0,0,0,22350.0,2,34.22377395629883,-119.15377044677734,3
2020,2020-06-05,2024,6,2,20,5,Y,A,N,A,H,C,A,01,,12,D,,,,,D,Y,N,A,2,0,0,0,21453.0,2,34.27172088623047,-118.7964324951172,4
2019,2019-11-16,2323,11,3,23,6,N,A,Y,A,H,D,A,01,S,01,E,,,,,I,Y,N,D,1,0,0,0,23152.0,1,34.386985778808594,-119.30141448974608,4
2019,2019-11-18,1040,11,3,10,1,N,A,Y,A,D,A,A,01,W,03,C,,,,,C,Y,N,D,2,0,0,0,22350.0,3,34.34376525878906,-119.07171630859376,3
2019,2019-11-25,1500,11,3,15,1,N,A,Y,A,H,A,A,07,S,21,C,,,,,C,N,N,A,1,0,0,0,22106.0,2,34.264774322509766,-119.26873779296876,4
2019,2019-11-16,30,11,3,0,6,N,A,Y,D,B,D,A,01,W,01,C,,,,,C,Y,N,D,1,0,0,0,23152.0,2,34.312114715576165,-119.11878204345705,4
2019,2019-11-16,1750,11,3,17,6,N,A,N,A,H,D,N,60,N,11,G,Y,,,,B,N,N,D,1,1,0,0,21954.0,2,34.22161102294922,-119.2554168701172,2
2019,2019-11-17,1430,11,3,14,7,N,A,Y,A,H,A,C,02,N,03,E,,,Y,,I,Y,N,D,1,0,0,1,22350.0,1,34.20560073852539,-118.98390197753906,3
2019,2019-11-19,1500,11,3,15,2,N,B,Y,A,H,A,D,22,N,09,D,,,,,C,N,N,A,1,0,0,0,21453.0,2,34.220489501953125,-119.08551025390624,4
2019,2019-11-17,1315,11,3,13,7,N,A,Y,A,H,A,A,07,N,03,C,,,,,C,Y,N,D,1,0,0,0,22350.0,2,34.277320861816406,-119.29302978515624,4
2019,2019-11-15,1345,11,3,13,5,N,B,Y,A,H,A,D,22,S,08,E,,,,,I,N,N,D,1,0,0,0,22107.0,1,34.29804611206055,-119.30319213867188,4
2019,2019-11-20,1710,11,3,17,3,N,B,Y,A,H,C,A,01,W,09,D,,,,,C,Y,N,D,1,0,0,0,21801.0,2,34.38571548461914,-119.30206298828124,4
2019,2019-11-20,1005,11,3,10,3,N,B,Y,B,H,A,A,01,W,08,E,,,,,I,Y,N,D,1,0,0,0,22107.0,1,34.38108825683594,-118.9779815673828,3
2019,2019-11-17,1225,11,3,12,7,N,A,N,A,H,A,A,07,E,09,D,,,,,C,Y,N,D,3,0,0,0,21804.0,2,34.270931243896484,-118.827880859375,3
2019,2019-11-25,753,11,3,7,1,N,A,Y,A,H,A,A,01,N,03,C,,,,,C,Y,N,D,2,0,0,0,22350.0,2,34.222511291503906,-119.14238739013672,4
2019,2019-11-25,1450,11,3,14,1,N,A,Y,A,H,A,A,07,S,03,C,,,,,C,N,N,D,1,0,0,0,22350.0,2,34.24882125854492,-119.20349884033205,4
2019,2019-11-25,1529,11,3,15,1,N,A,Y,A,H,A,A,07,N,03,C,,,,,C,Y,N,D,1,0,0,0,22350.0,4,34.218318939208984,-119.05784606933594,4
2019,2019-11-18,745,11,3,7,1,N,A,N,A,H,A,A,07,N,08,F,,,,,J,Y,N,D,1,0,0,0,22107.0,1,34.34917068481445,-119.2990264892578,4
2019,2019-11-16,1712,11,3,17,6,N,A,Y,A,H,D,-,- ,N,18,E,,,,,J,Y,N,D,2,0,0,0,,3,,,3
2019,2019-11-21,920,11,3,9,4,N,A,Y,A,H,A,A,07,S,03,C,,,,,C,Y,F,D,1,0,0,0,22350.0,3,34.1843147277832,-118.90696716308594,4
2019,2019-11-27,710,11,3,7,3,N,B,Y,B,H,A,A,07,E,03,E,,,,,I,Y,N,D,1,0,0,0,22350.0,1,34.29291534423828,-118.85260772705078,4
2019,2019-11-25,430,11,3,4,1,N,A,N,A,H,C,A,01,N,01,A,,,,,E,Y,N,D,1,0,0,0,23152.0,2,34.180301666259766,-118.9437255859375,4
2019,2019-11-21,1705,11,3,17,4,N,A,N,A,H,C,A,07,E,03,C,,,,,C,N,N,D,2,0,0,0,22350.0,3,34.277767181396484,-118.92274475097656,4
2019,2019-11-21,1750,11,3,17,4,N,A,Y,A,H,D,A,01,W,03,C,,,,,C,Y,N,D,2,0,0,0,22350.0,3,34.2685432434082,-118.64557647705078,4
2019,2019-11-25,1200,11,3,12,1,N,A,Y,A,H,A,G,25,E,03,C,,,,Y,C,Y,N,A,1,0,0,0,22350.0,2,34.40079116821289,-118.81607818603516,4
2019,2019-11-23,1556,11,3,15,6,N,A,Y,A,H,A,A,01,W,07,D,,,,,C,N,N,D,4,0,0,0,21658.0,2,34.41090393066406,-118.78086090087892,3
2019,2019-11-20,2150,11,3,21,3,N,C,Y,B,H,C,A,01,S,03,D,,,,,C,Y,N,D,2,0,0,0,22350.0,2,34.22510528564453,-119.1584243774414,3
2019,2019-11-21,1725,11,3,17,4,N,A,Y,A,H,D,N,60,N,11,G,Y,,,,B,N,N,D,1,1,0,0,21954.0,2,34.31989669799805,-119.39149475097656,2
2019,2019-11-26,547,11,3,5,2,N,A,Y,A,B,D,G,25,E,17,A,,,,Y,C,Y,N,D,1,0,0,0,23114.0,3,34.40508270263672,-118.71857452392578,4
2019,2019-11-21,1740,11,3,17,4,N,A,Y,A,H,D,A,01,S,07,B,,,Y,,C,Y,N,D,1,0,0,1,21658.0,2,34.18863677978516,-118.93684387207033,3
2019,2019-11-22,2319,11,3,23,5,N,A,Y,A,H,D,A,01,E,08,E,,,,,I,Y,N,D,1,0,0,0,22107.0,1,34.304885864257805,-119.13052368164062,4
2019,2019-11-23,554,11,3,5,6,N,A,Y,A,H,C,A,01,S,03,C,,,,,C,Y,M,D,1,0,0,0,22350.0,2,34.2724609375,-119.2824935913086,4
2019,2019-10-28,1700,10,3,17,1,N,A,Y,A,H,A,E,22,S,03,C,,,,,C,Y,N,D,4,0,0,0,22350.0,3,34.366981506347656,-119.3064193725586,4
2019,2019-11-21,1530,11,3,15,4,N,A,Y,A,H,A,D,22,N,03,C,,,,,C,Y,N,D,4,0,0,0,22350.0,2,34.19745635986328,-118.95278930664062,4
2019,2019-11-23,515,11,3,5,6,N,A,Y,A,H,D,A,07,N,03,C,,,,,C,Y,N,D,1,0,0,0,22350.0,2,,,4
2020,2020-06-19,1859,6,2,18,5,N,A,N,A,H,A,A,07,E,01,H,,,,,C,Y,N,A,1,0,0,0,23153.0,2,34.22370147705078,-119.10332489013672,4
2019,2019-07-11,1950,7,2,19,4,Y,A,N,A,H,B,A,01,,12,D,,,,,C,Y,N,A,2,0,0,0,22450.0,2,34.176021575927734,-119.07134246826172,1
2019,2019-11-23,348,11,3,3,6,N,A,Y,A,H,C,A,01,S,01,B,,,,Y,C,Y,N,D,2,0,0,0,23152.0,3,34.27783966064453,-119.30174255371094,2
2019,2019-11-24,1530,11,3,15,7,N,B,Y,A,H,A,A,01,W,08,E,,,,,I,Y,N,D,1,0,0,0,22107.0,1,34.288700103759766,-119.15730285644533,3