ACCIDENT_YEAR,COLLISION_DATE,COLLISION_TIME,MONTH,SEASON,24HOURS,DAY_OF_WEEK,INTERSECTION,WEATHER_1,STATE_HWY_IND,ROAD_SURFACE,ROAD_COND_1,LIGHTING,STWD_VEHTYPE_AT_FAULT,CHP_VEHTYPE_AT_FAULT,DIRECTION,PCF_VIOL_CATEGORY,TYPE_OF_COLLISION,PEDESTRIAN_ACCIDENT,BICYCLE_ACCIDENT,MOTORCYCLE_ACCIDENT,TRUCK_ACCIDENT,MVIW,TOW_AWAY,HIT_AND_RUN,CONTROL_DEVICE,NUMBER_INJURED,COUNT_PED_INJURED,COUNT_BICYCLIST_INJURED,COUNT_MC_INJURED,PCF_VIOLATION,PARTY_COUNT,POINT_Y,POINT_X,COLLISION_SEVERITY
2020,2020-11-29,1805,11,3,18,7,N,A,N,A,H,C,A,01,E,10,G,Y,,,,B,N,N,A,1,1,0,0,21950.0,2,34.16608810424805,-118.839599609375,4
2020,2020-11-18,1053,11,3,10,3,Y,A,N,A,H,A,A,01,,09,H,,,,,C,Y,N,A,1,0,0,0,21801.0,2,34.14918899536133,-118.82244110107422,4
2020,2020-11-20,702,11,3,7,5,Y,A,N,A,H,A,A,01,,09,H,,,,,C,Y,N,A,1,0,0,0,21801.0,2,34.212398529052734,-118.83154296875,4
2020,2020-10-29,751,10,3,7,4,Y,A,N,A,H,A,A,07,,03,G,Y,,,,B,Y,N,D,1,1,0,0,22350.0,2,34.17824935913086,-118.94255065917967,2
2020,2020-10-29,2121,10,3,21,4,N,A,N,A,H,C,N,60,S,11,G,Y,,,,B,N,F,D,1,1,0,0,21954.0,2,34.198734283447266,-119.18109893798828,4
2020,2020-10-24,555,10,3,5,6,N,A,N,A,H,C,A,01,W,08,A,,,,,I,Y,N,D,1,0,0,0,22107.0,1,34.19043731689453,-119.20420074462892,3
2020,2020-11-30,852,11,3,8,1,Y,A,N,A,H,A,A,01,,03,D,,,,,C,Y,N,A,1,0,0,0,22350.0,2,34.181121826171875,-119.19528198242188,4
2020,2020-11-21,2110,11,3,21,6,N,A,N,A,H,C,A,01,N,09,D,,,Y,,C,Y,F,D,1,0,0,1,21801.0,2,34.173431396484375,-119.16493225097656,2
2020,2020-11-21,1100,11,3,11,6,N,A,N,A,H,A,-,,W,03,C,,,,,C,N,F,A,1,0,0,0,22350.0,2,34.22467041015625,-119.14134979248048,4
2020,2020-11-13,1840,11,3,18,5,N,A,N,A,H,C,-,,N,03,C,,,,,C,N,F,A,1,0,0,0,22350.0,2,34.17070388793945,-119.17768096923828,4
2020,2020-11-24,1309,11,3,13,2,N,A,N,A,H,C,A,01,S,03,E,,,,,I,Y,N,D,1,0,0,0,22350.0,1,34.24176406860352,-119.1721420288086,3
2020,2020-11-01,1530,11,3,15,7,N,A,N,A,H,A,A,01,W,08,C,,,,,D,Y,F,A,1,0,0,0,22107.0,3,34.173431396484375,-119.1658172607422,3
2020,2020-11-01,1230,11,3,12,7,N,A,N,A,H,A,L,04,N,05,A,,Y,,,G,N,N,D,1,0,1,0,21650.0,2,34.19459533691406,-119.20730590820312,4
2020,2020-11-22,1456,11,3,14,7,Y,A,N,A,H,A,-,,,01,D,,,,,D,Y,N,D,1,0,0,0,23153.0,2,34.294700622558594,-119.29679870605467,3
2020,2020-11-22,1356,11,3,13,7,N,A,N,A,H,A,A,01,W,03,G,Y,,,,B,N,N,D,1,1,0,0,22350.0,2,34.29331970214844,-119.29721069335938,2
2020,2020-11-22,1305,11,3,13,7,Y,A,N,A,H,A,C,02,,06,B,,,Y,,C,N,N,D,1,0,0,1,21754.0,2,34.27452850341797,-119.27120208740234,2
2020,2020-12-01,1846,12,4,18,2,N,A,N,A,H,C,A,07,E,08,D,,,,,C,N,N,D,2,0,0,0,22107.0,2,34.27809524536133,-119.21400451660156,4
2020,2020-12-13,1959,12,4,19,7,N,A,N,A,H,C,D,22,N,01,A,,,,,C,Y,N,A,1,0,0,0,23152.0,2,34.259735107421875,-119.21897888183594,3
2020,2020-11-29,1705,11,3,17,7,Y,A,N,A,H,B,-,,,09,D,,,Y,,C,Y,F,A,1,0,0,0,21801.0,2,34.27952194213867,-119.30077362060548,2
2020,2020-12-07,1410,12,4,14,1,N,A,N,A,H,A,C,02,S,03,D,,,Y,Y,C,Y,N,D,1,0,0,1,22350.0,2,34.18204498291016,-118.95552825927734,4
2020,2020-11-05,1831,11,3,18,4,Y,A,N,A,H,C,A,01,,01,B,,,,,C,Y,N,D,1,0,0,0,23152.0,2,34.19287872314453,-118.87554168701172,4
2020,2020-12-03,1243,12,4,12,4,N,A,N,A,E,A,A,07,S,03,C,,,,,C,,N,A,2,0,0,0,22350.0,2,34.194664001464844,-118.87245178222656,4
2020,2020-12-02,752,12,4,7,3,N,A,N,A,H,A,A,01,W,03,C,,,,,C,Y,N,D,1,0,0,0,22350.0,2,34.24088287353516,-118.84115600585938,3
2020,2020-12-04,1912,12,4,19,5,Y,A,N,A,H,C,A,01,,09,D,,,,,C,Y,N,A,1,0,0,0,21453.0,2,34.19068145751953,-118.93637847900392,4
2020,2020-12-12,1247,12,4,12,6,N,A,N,A,H,A,C,02,S,03,E,,,Y,,J,,N,D,1,0,0,1,22350.0,1,34.18229293823242,-118.87586212158205,3
2020,2020-12-09,1342,12,4,13,3,Y,A,N,A,H,A,A,07,,12,D,,,,,C,Y,N,A,2,0,0,0,21453.0,2,34.21144104003906,-118.8452377319336,3
2020,2020-12-06,1142,12,4,11,7,Y,A,N,A,H,A,L,04,,00,A,,Y,,,J,,N,D,1,0,1,0,21294.0,2,34.21622848510742,-118.89031219482422,3
2020,2020-12-16,1207,12,4,12,3,N,A,N,A,H,A,D,22,S,01,E,,,,,I,Y,N,D,1,0,0,0,23152.0,1,34.17795181274414,-118.8949966430664,3
2020,2020-12-05,1830,12,4,18,6,Y,A,Y,A,H,C,-,- ,,12,D,,,,,C,Y,N,A,1,0,0,0,21453.0,2,34.15216827392578,-118.82917022705078,4
2020,2020-12-20,1158,12,4,11,7,Y,A,N,A,H,A,A,01,,09,H,,,,,C,N,N,A,2,0,0,0,21801.0,3,34.21144104003906,-118.8452377319336,3
2020,2020-12-18,1507,12,4,15,5,Y,A,N,A,H,A,D,22,,09,D,,,,,C,Y,N,D,2,0,0,0,21801.0,2,34.21730041503906,-119.19467926025392,4
2020,2020-12-16,1937,12,4,19,3,N,A,N,A,H,C,F,26,N,04,C,,,,Y,C,N,N,A,1,0,0,0,21703.0,2,34.19047164916992,-119.22134399414062,4
2020,2020-12-16,700,12,4,7,3,Y,A,N,A,H,A,A,01,,03,C,,,,,E,Y,N,D,1,0,0,0,22350.0,2,34.181148529052734,-119.19802856445312,4
2020,2020-12-09,644,12,4,6,3,Y,A,N,A,H,A,E,22,,09,A,,,,Y,C,Y,N,A,1,0,0,0,21804.0,2,34.18254852294922,-119.16004943847656,4
2020,2020-12-08,1749,12,4,17,2,Y,A,N,A,H,C,A,01,,09,A,,,,,C,Y,N,A,2,0,0,0,21800.0,2,34.20634841918945,-119.1596908569336,4
2020,2020-12-08,1639,12,4,16,2,N,A,N,A,H,A,A,07,S,08,F,,,,,E,Y,N,D,2,0,0,0,22107.0,2,34.2244758605957,-119.19461059570312,3
2020,2020-12-07,1415,12,4,14,1,Y,A,N,A,H,A,-,- ,,12,D,,,,,C,Y,N,A,3,0,0,0,21453.0,2,34.189849853515625,-119.15997314453124,4
2020,2020-12-18,1208,12,4,12,5,Y,A,N,A,H,A,A,08,,09,D,,,,,C,Y,N,A,1,0,0,0,21453.0,2,34.18574905395508,-118.89225006103516,4
2020,2020-12-22,1652,12,4,16,2,Y,A,N,-,H,B,A,01,,09,G,Y,,,,B,N,F,A,1,1,0,0,21453.0,2,34.19635009765625,-119.17735290527344,4
2020,2020-12-22,1425,12,4,14,2,Y,A,N,A,H,A,A,07,,09,A,,,,,C,Y,N,A,1,0,0,0,21453.0,2,34.218990325927734,-119.15843200683594,4
2020,2020-12-19,1034,12,4,10,6,Y,A,N,A,H,A,A,01,,08,D,,,,,C,Y,N,A,2,0,0,0,22107.0,2,34.219451904296875,-119.20716094970705,3
2020,2020-12-19,1354,12,4,13,6,Y,A,N,A,H,A,-,- ,,00,G,Y,,,,B,N,N,D,2,1,0,0,,2,34.163474,-119.227318,3
2020,2020-12-18,1713,12,4,17,5,N,A,N,-,H,D,C,02,S,03,C,,,Y,,C,N,N,D,1,0,0,1,22350.0,2,34.20195007324219,-119.14232635498048,3
2020,2020-12-18,1638,12,4,16,5,N,A,N,A,H,A,N,60,S,11,G,Y,,,,B,N,N,D,1,1,0,0,21954.0,2,34.15285110473633,-119.17301940917967,3
2020,2020-12-18,1143,12,4,11,5,N,A,N,A,H,A,A,01,N,08,B,,,,,C,N,N,D,3,0,0,0,22107.0,2,34.19902801513672,-119.19485473632812,4
2020,2020-12-16,1804,12,4,18,3,Y,A,N,A,H,D,L,04,,08,A,,Y,,,G,N,F,B,1,0,1,0,22107.0,2,34.17873001098633,-119.18131256103516,3
2020,2020-12-16,2050,12,4,20,3,N,A,N,A,H,D,A,01,N,09,D,,,,,C,Y,N,D,1,0,0,0,21801.0,2,34.20979309082031,-119.19457244873048,3
2020,2020-12-15,1524,12,4,15,2,Y,A,N,A,H,A,A,01,,12,D,,,,,C,N,N,A,1,0,0,0,21453.0,2,34.16189193725586,-119.15148162841795,4
2020,2020-12-12,1639,12,4,16,6,Y,A,N,A,H,A,A,01,,09,D,,,,,C,Y,M,D,1,0,0,0,21800.0,2,34.18362045288086,-119.18128204345705,3
2020,2020-12-07,1623,12,4,16,1,Y,A,N,A,H,A,A,01,,03,A,,,,,C,N,N,A,1,0,0,0,22350.0,2,34.19683837890625,-119.14238739013672,4
2020,2020-12-05,1733,12,4,17,6,N,A,N,A,-,C,A,01,W,05,A,,,,,E,Y,N,D,1,0,0,0,21651.0,2,34.18115234375,-119.19947814941406,2
2020,2020-12-09,1504,12,4,15,3,Y,A,N,A,H,A,A,01,,10,D,Y,Y,,,B,N,N,A,3,1,1,0,21950.0,3,34.21903991699219,-119.16536712646484,4
2020,2020-12-15,1723,12,4,17,2,Y,A,N,A,-,C,A,01,,09,D,,,,,C,N,N,A,4,0,0,0,21801.0,3,34.21730041503906,-119.19467926025392,4
2020,2020-12-14,1311,12,4,13,1,Y,A,N,A,H,A,A,01,,12,D,,,,,C,Y,N,A,3,0,0,0,21453.0,2,34.21915054321289,-119.17726135253906,3
2020,2020-11-28,1004,11,3,10,6,Y,A,N,A,H,A,A,01,,03,D,,,,,C,Y,N,A,2,0,0,0,22350.0,2,34.20262145996094,-119.15981292724608,4
2020,2020-11-21,1748,11,3,17,6,N,A,N,A,H,C,-,,W,10,B,Y,,,,B,N,N,A,1,1,0,0,21950.0,2,34.161041259765625,-119.18058013916016,4
2020,2020-11-15,2045,11,3,20,7,Y,A,N,A,H,C,A,01,,03,C,,,,,-,N,F,A,2,0,0,0,22350.0,2,34.225014,-119.221023,4
2020,2020-12-09,1415,12,4,14,3,Y,A,N,A,H,A,A,01,,12,C,,,,,-,N,N,A,3,0,0,0,21453.0,2,34.19036865234375,-119.20809936523438,4
2020,2020-12-11,2059,12,4,20,5,Y,A,N,A,H,C,A,01,,12,D,,,,,C,Y,N,A,3,0,0,0,21453.0,2,34.19050979614258,-119.23871612548828,4
2020,2020-12-08,812,12,4,8,2,N,A,N,A,B,A,-,- ,S,00,C,,,,,C,Y,N,A,1,0,0,0,,2,34.24318313598633,-119.1845932006836,4
2020,2020-12-10,1243,12,4,12,4,N,A,N,A,H,A,A,01,W,09,B,,,,,C,Y,F,D,1,0,0,0,21801.0,2,34.231651306152344,-119.1758270263672,4
2020,2020-12-09,1402,12,4,14,3,N,A,N,A,H,A,A,07,N,03,C,,,,,C,N,F,A,3,0,0,0,22350.0,2,34.197608947753906,-119.22126770019533,4
2020,2020-12-10,817,12,4,8,4,Y,A,N,A,H,A,D,22,,12,D,,,,,C,N,N,A,1,0,0,0,21453.0,2,34.1758918762207,-119.22154998779295,4
2020,2020-12-08,1442,12,4,14,2,N,A,N,A,-,A,-,99,S,22,C,,,Y,,C,Y,F,D,1,0,0,1,,2,34.19011688232422,-119.22135925292967,3
2020,2020-08-12,813,8,2,8,3,N,A,N,A,H,A,-,,S,03,C,,,,,C,Y,N,A,2,0,0,0,22350.0,3,34.24318313598633,-119.1845932006836,4
2020,2020-12-08,742,12,4,7,2,N,A,N,A,H,A,A,01,N,04,C,,,,,C,N,N,A,1,0,0,0,21703.0,2,34.19778060913086,-119.1598892211914,4
2020,2020-12-07,2002,12,4,20,1,N,A,N,A,H,C,A,01,E,01,C,,,,,C,Y,F,D,2,0,0,0,23153.0,2,34.246102,-119.179379,4
2020,2020-12-07,2030,12,4,20,1,N,A,N,A,H,C,A,01,E,08,G,Y,,,,B,N,N,A,1,1,0,0,22107.0,2,34.204299926757805,-119.19449615478516,4
2020,2020-12-06,2009,12,4,20,7,N,A,N,A,H,C,A,01,N,06,A,,,,,I,Y,N,A,2,0,0,0,21755.0,1,34.228145599365234,-119.15792083740234,4
2020,2020-12-06,1345,12,4,13,7,N,A,N,A,H,A,C,02,S,03,C,,,Y,,C,N,N,D,1,0,0,1,22350.0,2,34.1765251159668,-119.1776123046875,4
2020,2020-12-14,1300,12,4,13,1,Y,A,N,A,H,A,A,01,,09,A,,,,,C,Y,N,A,2,0,0,0,21801.0,2,34.19900131225586,-119.17858123779295,4
2020,2020-12-13,1507,12,4,15,7,Y,B,N,A,H,A,-,99,,09,H,,,Y,,A,Y,N,D,1,0,0,1,21800.0,2,34.186920166015625,-119.20807647705078,3
2020,2020-12-04,1410,12,4,14,5,Y,A,N,A,H,A,A,01,,12,D,,,,,C,Y,N,A,1,0,0,0,22450.0,3,34.26105880737305,-119.2116470336914,4
2020,2020-12-05,1140,12,4,11,6,Y,A,N,A,H,A,A,07,,09,A,,,,,C,Y,N,A,1,0,0,0,21801.0,2,34.27827835083008,-119.2900161743164,3
2020,2020-12-10,1600,12,4,16,4,N,A,N,A,H,A,A,01,S,10,G,Y,,,,B,N,N,D,1,1,0,0,21950.0,2,34.27037048339844,-119.23629760742188,3
2020,2020-12-01,2338,12,4,23,2,Y,A,N,A,H,C,A,07,,08,F,,,,,I,Y,N,D,1,0,0,0,22107.0,1,34.27779006958008,-119.17710876464844,3
2020,2020-12-02,1809,12,4,18,3,N,A,N,A,H,C,-,,E,08,H,,Y,,,G,N,N,A,1,0,1,0,22107.0,2,34.26505279541016,-119.24601745605467,4
2020,2020-12-17,1345,12,4,13,4,Y,A,N,A,H,A,-,,,10,-,Y,,,,B,N,N,A,1,1,0,0,21950.0,2,34.25849151611328,-119.21109008789062,3
2020,2020-12-17,751,12,4,7,4,N,A,N,A,H,A,-,,E,09,C,,,,,C,Y,N,-,1,0,0,0,21802.0,2,34.24222946166992,-119.20759582519533,4
2020,2020-09-21,1607,9,3,16,1,Y,A,N,A,H,A,A,01,,08,D,,,,,C,N,F,A,1,0,0,0,22107.0,2,34.17341995239258,-119.17610931396484,4
2020,2020-09-27,1957,9,3,19,7,Y,A,N,A,H,C,-,99,,09,A,,,,,C,,F,A,2,0,0,0,21802.0,2,34.18429946899414,-119.17046356201172,4
2020,2020-09-23,2036,9,3,20,3,N,A,N,A,H,C,A,01,S,08,B,,,,,C,N,F,D,1,0,0,0,22107.0,2,34.139896392822266,-119.18399810791016,4
2020,2020-05-02,2034,5,1,20,6,N,A,N,A,H,C,A,01,W,03,C,,,,,C,N,N,A,3,0,0,0,22350.0,2,34.219242095947266,-119.19033050537108,4
2020,2020-11-01,2120,11,3,21,7,Y,A,N,A,H,C,A,01,,01,C,,,,,C,Y,N,A,1,0,0,0,23153.0,2,34.27180099487305,-118.7701416015625,4
2020,2020-11-30,1338,11,3,13,1,-,A,N,A,H,A,A,01,,03,E,,,,,I,Y,N,D,3,0,0,0,22350.0,1,34.177466,-119.169281,2
2020,2020-12-01,1452,12,4,14,2,N,A,N,A,H,A,A,01,N,03,C,,,,,C,N,N,A,2,0,0,0,22350.0,2,34.21562957763672,-119.17741394042967,4
2020,2020-12-06,1253,12,4,12,7,N,A,N,A,H,A,C,02,N,03,C,,,Y,,C,N,N,A,1,0,0,1,22350.0,2,34.221370697021484,-119.22126770019533,3
2020,2020-12-02,1302,12,4,13,3,N,A,N,A,H,A,A,01,S,03,C,,,,,C,N,N,D,3,0,0,0,22350.0,3,34.22745895385742,-119.17641448974608,4
2020,2020-12-02,1452,12,4,14,3,Y,A,N,A,H,A,A,07,,09,D,,,,,C,Y,N,A,2,0,0,0,21801.0,2,34.17823028564453,-119.1950912475586,4
2020,2020-12-01,1733,12,4,17,2,N,A,N,A,H,C,N,60,N,11,G,Y,,,,B,N,N,D,1,1,0,0,21954.0,2,34.21171569824219,-119.1809310913086,2
2020,2020-12-01,1219,12,4,12,2,N,A,N,A,H,A,A,01,N,04,C,,,,,C,N,N,D,3,0,0,0,21703.0,2,34.227413177490234,-119.18620300292967,4
2020,2020-12-10,2201,12,4,22,4,Y,A,N,A,H,C,A,01,,03,A,,,,,I,Y,N,A,1,0,0,0,22350.0,1,34.19757843017578,-119.22126770019533,4
2020,2020-11-21,1623,11,3,16,6,N,A,N,A,H,A,A,07,E,08,E,,,,,I,Y,N,A,1,0,0,0,22107.0,1,34.219444274902344,-119.2068328857422,2
2020,2020-11-20,2122,11,3,21,5,Y,A,N,A,H,C,-,,,12,D,,,,,C,Y,N,A,2,0,0,0,21453.0,2,34.18124008178711,-119.20838165283205,4
2020,2020-10-21,2036,10,3,20,3,N,A,,A,-,C,A,01,W,03,C,,,,,C,N,N,A,1,0,0,0,22350.0,2,34.189964294433594,-119.17759704589844,4
2020,2020-10-24,1915,10,3,19,6,N,A,N,A,H,C,-,,N,- ,C,,Y,,,G,N,F,A,1,0,1,0,,2,34.190288543701165,-119.18119049072266,2
2020,2020-10-31,1611,10,3,16,6,N,A,N,A,H,A,A,01,N,09,D,,,Y,,C,N,N,A,1,0,0,1,21804.0,2,34.21983337402344,-119.17723083496094,3
2020,2020-11-14,2153,11,3,21,6,Y,A,N,A,H,C,A,01,,01,A,,,,,C,Y,N,A,1,0,0,0,23152.0,2,34.239288330078125,-119.18115997314452,4
2020,2020-10-14,1700,10,3,17,3,Y,A,,-,H,A,-,,,06,B,,Y,,,G,N,F,D,1,0,1,0,21750.0,2,34.217899322509766,-119.15406799316406,4
2020,2020-10-14,848,10,3,8,3,N,A,N,A,H,A,-,,W,08,B,,,,,E,N,F,D,1,0,0,0,22107.0,2,,,4
2020,2020-12-15,1230,12,4,12,2,Y,A,N,A,H,A,A,01,,09,H,,,,,C,Y,N,A,3,0,0,0,21801.0,3,34.181121826171875,-118.85846710205078,4
2020,2020-09-28,1821,9,3,18,1,Y,A,Y,A,H,B,-,,,12,D,,,,,C,Y,F,A,1,0,0,0,21453.0,2,34.229061126708984,-119.17536163330078,4
2020,2020-12-23,1752,12,4,17,3,Y,A,N,A,H,C,A,01,,09,H,,,,,C,Y,N,A,1,0,0,0,21804.0,2,34.216670989990234,-119.05786895751952,4
2020,2020-11-14,1800,11,3,18,6,Y,A,N,A,H,C,-,- ,,12,-,,,,,C,,N,A,1,0,0,0,21453.0,2,34.30121,-118.87117,4
2020,2020-11-16,1248,11,3,12,1,Y,A,N,A,H,A,-,- ,,12,D,,,,,C,Y,N,A,1,0,0,0,21453.0,2,34.28548049926758,-118.8747329711914,4
2020,2020-12-05,1334,12,4,13,6,Y,A,N,A,H,A,A,01,,12,D,,,,,C,Y,N,A,2,0,0,0,21453.0,2,34.268211364746094,-118.89698028564452,4
2020,2020-12-15,26,12,4,0,2,N,A,N,-,H,D,A,07,W,01,E,,,,,I,Y,M,D,3,0,0,0,23152.0,1,34.27172088623047,-119.27975463867188,3
2020,2020-12-09,1141,12,4,11,3,N,A,N,A,B,A,-,- ,W,18,E,,Y,,,J,N,N,D,1,0,1,0,,1,34.27399444580078,-119.26846313476562,3
2020,2020-12-07,1522,12,4,15,1,Y,A,N,A,H,A,A,01,,09,A,,Y,,,G,N,N,A,1,0,1,0,21801.0,2,34.26105880737305,-119.2116470336914,3
2020,2020-12-05,903,12,4,9,6,N,A,N,A,H,A,A,07,S,12,D,,,,,C,Y,N,A,3,0,0,0,21453.0,2,34.27302169799805,-119.24781036376952,3
2020,2020-12-04,1455,12,4,14,5,Y,A,N,A,H,A,A,01,,12,-,,,,,C,N,N,A,1,0,0,0,21453.0,2,34.27880096435547,-119.27330017089844,4
2020,2020-12-13,2000,12,4,20,7,Y,A,N,A,H,D,A,01,,09,A,,,,,C,N,N,A,2,0,0,0,21800.0,2,34.26203918457031,-119.17709350585938,3
2020,2020-12-15,1148,12,4,11,2,Y,A,,A,H,A,A,01,,09,H,,,,,C,Y,N,A,1,0,0,0,21801.0,2,34.223609924316406,-119.04280090332033,4
2020,2020-11-21,1604,11,3,16,6,Y,A,N,A,H,B,A,01,,01,C,,,,,C,Y,N,A,1,0,0,0,23153.0,2,34.23719024658203,-118.99764251708984,4
2020,2020-11-30,1457,11,3,14,1,N,A,N,A,H,A,A,01,S,09,D,,Y,,,G,N,N,D,1,0,1,0,21802.0,2,34.21944808959961,-118.84100341796876,3
2020,2020-11-03,2025,11,3,20,2,Y,A,N,A,H,C,A,01,,09,D,,,,,C,N,N,A,2,0,0,0,21802.0,2,34.16645050048828,-118.97215270996094,3
2020,2020-11-29,1332,11,3,13,7,Y,A,N,A,H,A,-,,,08,B,,,,,C,Y,N,D,2,0,0,0,22100.0,2,34.27973175048828,-119.22795867919922,4
2020,2020-11-30,728,11,3,7,1,Y,A,N,A,H,A,-,,,09,D,,,,,C,Y,N,A,1,0,0,0,21801.0,2,34.273799896240234,-119.24304962158205,3
2020,2020-11-28,1001,11,3,10,6,N,A,N,-,H,A,A,01,S,03,B,,,,,C,Y,N,D,1,0,0,0,22350.0,2,34.25660705566406,-119.21051788330078,3
2020,2020-11-06,1314,11,3,13,5,N,A,N,A,H,A,A,01,N,03,C,,,,,C,N,N,A,1,0,0,0,22350.0,2,34.26295852661133,-119.235595703125,4
2020,2020-11-24,1414,11,3,14,2,N,A,N,A,H,A,-,,W,08,B,,,,,E,Y,N,A,1,0,0,0,22107.0,2,34.27579498291016,-119.25476837158205,4
2020,2020-11-27,1932,11,3,19,5,N,A,N,A,H,C,A,01,N,10,A,Y,,,,B,N,F,D,1,1,0,0,21950.0,2,34.22905349731445,-119.16417694091795,3
2020,2020-11-19,1522,11,3,15,4,N,A,N,A,H,A,A,01,N,03,C,,,,,C,N,N,A,1,0,0,0,22350.0,3,34.230342864990234,-119.17438507080078,3
2020,2020-11-19,1726,11,3,17,4,Y,A,N,A,H,C,A,01,,09,A,,,,,C,Y,N,B,3,0,0,0,21801.0,2,34.19514083862305,-119.19490051269533,4
2020,2020-11-25,1051,11,3,10,3,N,A,N,A,H,A,A,01,N,03,C,,,,,C,N,N,A,1,0,0,0,22350.0,3,34.1906852722168,-119.19510650634766,4
2020,2020-11-25,1552,11,3,15,3,N,A,N,A,A,A,-,- ,N,00,E,,,,,J,N,N,D,1,0,0,0,,1,34.19099807739258,-119.20344543457033,4
2020,2020-12-05,1519,12,4,15,6,N,A,N,A,H,A,A,01,W,03,-,,,,,C,N,N,D,2,0,0,0,22350.0,2,34.265281677246094,-119.213623046875,4
2020,2020-11-22,2118,11,3,21,7,Y,A,N,A,H,C,A,01,,12,D,,,,,C,Y,N,A,1,0,0,0,21453.0,2,34.154720306396484,-119.17299652099608,4
2020,2020-09-22,2101,9,3,21,2,N,A,N,A,H,D,C,02,S,06,B,,,Y,,C,N,F,D,1,0,0,1,21755.0,2,34.149227142333984,-119.18622589111328,4
2020,2020-11-03,1658,11,3,16,2,N,A,N,A,H,A,A,01,E,09,D,,,,,C,Y,N,A,1,0,0,0,21804.0,2,34.21654510498047,-119.07476043701172,4
2020,2020-12-31,921,12,4,9,4,N,A,Y,A,H,A,I,11,N,21,C,,,,,C,N,N,A,2,0,0,0,22106.0,3,34.217533111572266,-119.03338623046876,4
2020,2020-12-22,1033,12,4,10,2,Y,A,N,A,H,A,A,07,,09,D,,,,,C,Y,N,A,2,0,0,0,21802.0,2,34.2310905456543,-119.0618896484375,4
2020,2020-12-29,1053,12,4,10,2,Y,A,N,A,H,A,A,01,,09,H,,,,,C,Y,N,A,1,0,0,0,21801.0,4,34.183868408203125,-118.92102813720705,4
2020,2020-12-19,1000,12,4,10,6,N,A,N,A,H,A,A,01,S,21,C,,,,,C,N,N,A,1,0,0,0,22106.0,2,34.18109130859375,-118.87608337402344,4
2020,2020-12-07,1324,12,4,13,1,Y,A,N,A,H,A,A,01,,12,D,,,,,C,Y,N,A,1,0,0,0,21453.0,2,34.21828079223633,-119.0051498413086,4
2020,2020-12-21,828,12,4,8,1,N,A,N,A,H,A,A,01,W,08,E,,,,,I,Y,N,A,1,0,0,0,22107.0,1,34.24148178100586,-119.01869964599608,3
2020,2020-12-27,2335,12,4,23,7,N,A,N,A,H,C,A,01,E,08,E,,,,,I,N,N,D,1,0,0,0,22107.0,1,34.19918441772461,-118.81988525390624,3
2020,2020-12-18,1734,12,4,17,5,N,A,N,A,H,C,N,60,N,11,G,Y,,,,B,Y,N,D,0,0,0,0,21955.0,2,34.25197219848633,-119.21150970458984,1
2020,2020-08-07,1856,8,2,18,5,N,A,N,A,H,A,L,04,W,11,G,,Y,,,B,Y,N,D,0,0,0,0,21954.0,2,34.444881439208984,-119.26160430908205,1
2020,2020-10-16,2135,10,3,21,5,N,A,N,A,H,C,D,22,S,01,A,,,,,C,Y,N,D,1,0,0,0,23152.0,2,34.186378479003906,-118.84749603271484,1
2020,2020-09-23,1753,9,3,17,3,N,A,N,A,H,A,L,04,W,09,D,,Y,,,G,Y,N,D,0,0,0,0,21804.0,2,34.3514518737793,-119.07392120361328,1
2020,2020-12-01,1831,12,4,18,2,Y,A,N,A,H,C,A,01,,12,D,,,,,C,Y,N,A,2,0,0,0,21453.0,2,34.173431396484375,-119.1656494140625,2
2020,2020-11-22,1730,11,3,17,7,N,A,N,A,H,C,J,48,S,17,G,Y,,,,B,N,N,A,1,1,0,0,21451.0,2,34.28277969360352,-118.87471771240234,3
2020,2020-12-21,2100,12,4,21,1,N,A,Y,A,H,C,A,07,E,01,D,,,,,E,Y,N,A,1,0,0,0,23152.0,2,34.39382553100586,-118.93588256835938,3